campaign_id,target_id,replicate,architecture,L,m,p,n,d,sigma,target_hash,reference_status,reference_production_per_chain,reference_transitions_per_chain,reference_likelihood_evals_per_chain,reference_wall_s,device,dynamics_grad_evals_total,probe_gradient_evals_cumulative,probe_gradient_evals_final_subset,static_selected_per_chain,dynamics_final_T_per_chain,dynamics_final_N_per_chain,dynamics_final_h,dynamics_wall_s
final_geometry_v15_20260930,shallow_m0064_r0,0,shallow,2,64,2112,128,32,1.0,71538f5fc37b1391ecadd17c52b8587909347d90439f7dcd7fdebf72a743c41f,reference_pass,65536,"[72704, 72704, 72704, 72704]","[402526, 401894, 402198, 402340]",453.9585952758789,cuda,1463113,90112,90112,2048,1024.0,102400,0.01,198.21560263633728
final_geometry_v15_20260930,shallow_m0064_r1,1,shallow,2,64,2112,128,32,1.0,2ebbaf17c0b875a151400adfe0c20fdcca7ef1fee9db82b7da14f8303c6ed54d,reference_pass,65536,"[72704, 72704, 72704, 72704]","[413658, 414725, 413814, 413940]",472.959175825119,cuda,2077513,90112,90112,2048,1024.0,102400,0.01,204.92966032028198
final_geometry_v15_20260930,shallow_m0064_r2,2,shallow,2,64,2112,128,32,1.0,fc9da6235fb1548d828cf68d55d93c2f858e835b161969d4cc33b00e5e83b603,reference_pass,65536,"[72704, 72704, 72704, 72704]","[410987, 408183, 407731, 409757]",492.668598651886,cuda,1463113,135168,90112,2048,1024.0,102400,0.01,198.03969526290894
final_geometry_v15_20260930,shallow_m0256_r0,0,shallow,2,256,8448,128,32,1.0,5ffcf34dcb33edbff8ac327910bb107a5523c19a0d0683299bb0c37d97e4b101,reference_pass,65536,"[72704, 72704, 72704, 72704]","[401640, 403413, 402471, 402623]",482.63865518569946,cuda,627909,135168,90112,2048,1024.0,102400,0.01,198.06485033035278
final_geometry_v15_20260930,shallow_m0256_r1,1,shallow,2,256,8448,128,32,1.0,8f5887633c4c57f2ac0982e01a15dae641286ed569accf33e93d0425c2b98209,reference_pass,65536,"[72704, 72704, 72704, 72704]","[413396, 414600, 413905, 413828]",485.75862193107605,cuda,627909,135168,90112,2048,1024.0,102400,0.01,205.36549615859985
final_geometry_v15_20260930,shallow_m0256_r2,2,shallow,2,256,8448,128,32,1.0,2b0a25edaba13f9bb4eae0a84a065effa6848903405ea8fc1871d85b581b5ff9,reference_pass,65536,"[72704, 72704, 72704, 72704]","[405790, 406512, 404836, 406866]",484.040803194046,cuda,627909,135168,90112,2048,1024.0,102400,0.01,198.22525691986084
final_geometry_v15_20260930,shallow_m1024_r0,0,shallow,2,1024,33792,128,32,1.0,02cdf7a9fb4a8ebea158d555e3da7f259fe2d98afd52f242938d3e8f57697d6a,reference_pass,65536,"[72704, 72704, 72704, 72704]","[401919, 403077, 402869, 401461]",483.98185682296753,cuda,525509,135168,90112,2048,1024.0,102400,0.01,205.2119128704071
final_geometry_v15_20260930,shallow_m1024_r1,1,shallow,2,1024,33792,128,32,1.0,75855771a1231e62e6e66f10e2f0fc9a96b653fa2c1e6c16aa05920b18f8825c,reference_pass,65536,"[72704, 72704, 72704, 72704]","[412879, 413990, 414925, 414988]",502.21096444129944,cuda,627909,135168,90112,2048,1024.0,102400,0.01,208.04762411117554
final_geometry_v15_20260930,shallow_m1024_r2,2,shallow,2,1024,33792,128,32,1.0,61fa5b97160a40ea4623d9b0909f5c6bd1efc198e054db5ea14dff80a68ca165,reference_pass,65536,"[72704, 72704, 72704, 72704]","[405507, 405602, 406057, 406238]",489.37255811691284,cuda,627909,135168,90112,2048,1024.0,102400,0.01,207.52888250350952
final_geometry_v15_20260930,shallow_m4096_r0,0,shallow,2,4096,135168,128,32,1.0,8a6220ba8b63029337f3aba7bf23ad58f356eb9ebe1053d6e3e3fcf5e1c55e2a,reference_pass,65536,"[72704, 72704, 72704, 72704]","[401767, 401894, 402131, 401190]",722.0319874286652,cuda,1463113,135168,90112,2048,1024.0,102400,0.01,354.51001620292664
final_geometry_v15_20260930,shallow_m4096_r1,1,shallow,2,4096,135168,128,32,1.0,2d18a154c082aebdf0c7dff9779adbab12358b1b72ad29a412f3643b39e3fb64,reference_pass,65536,"[72704, 72704, 72704, 72704]","[413878, 415092, 413889, 417420]",733.5842604637146,cuda,1463113,135168,90112,2048,1024.0,102400,0.01,355.5690083503723
final_geometry_v15_20260930,shallow_m4096_r2,2,shallow,2,4096,135168,128,32,1.0,8c615bef38ec1c9a9068713982d858e21e32dae4d6bf4d65ddce5685b8944212,reference_pass,65536,"[72704, 72704, 72704, 72704]","[405173, 406973, 407853, 404097]",709.9412105083466,cuda,1463113,135168,90112,2048,1024.0,102400,0.01,354.77916383743286
final_geometry_v15_20260930,deep_m0032_r0,0,deep,3,32,2080,128,32,1.0,af056e127c02b019412d5384149e30d1e6c85b146336ef076ef6b326c05fe260,reference_pass,65536,"[72704, 72704, 72704, 72704]","[411901, 413110, 412562, 411990]",582.0035874843597,cuda,1463113,90112,90112,2048,1024.0,102400,0.01,249.63322639465332
final_geometry_v15_20260930,deep_m0032_r1,1,deep,3,32,2080,128,32,1.0,662315e3af404632a903759afc0db53d7616be0be60d5bbeff2faff490855fed,reference_pass,65536,"[72704, 72704, 72704, 72704]","[435638, 436434, 436806, 435340]",603.9210901260376,cuda,2691913,90112,90112,2048,2048.0,204800,0.01,493.23217010498047
final_geometry_v15_20260930,deep_m0032_r2,2,deep,3,32,2080,128,32,1.0,e1bd5b82d8da839a2fc5ffa8fd46793eab0e499a09e69bcda3048c51750c1a05,reference_pass,65536,"[72704, 72704, 72704, 72704]","[419197, 419884, 418923, 418371]",613.3700060844421,cuda,1463113,90112,90112,2048,1024.0,102400,0.01,244.90588855743408
final_geometry_v15_20260930,deep_m0064_r0,0,deep,3,64,6208,128,32,1.0,981c8c16f8288893162866a44dc7f238a562d94baba61c4736c9e2c0a9aaafac,reference_pass,65536,"[72704, 72704, 72704, 72704]","[411319, 409721, 406615, 407695]",836.3315761089325,cuda,627909,135168,90112,2048,1024.0,102400,0.01,248.37410068511963
final_geometry_v15_20260930,deep_m0064_r1,1,deep,3,64,6208,128,32,1.0,cffc441cee2bd015a78c885c0750263a0ede3b1b8b3eb5af88b7ed906fea8e96,reference_pass,65536,"[72704, 72704, 72704, 72704]","[431744, 431791, 431191, 431304]",859.9275529384613,cuda,627909,90112,90112,2048,1024.0,102400,0.01,246.96288228034973
final_geometry_v15_20260930,deep_m0064_r2,2,deep,3,64,6208,128,32,1.0,5e7e9d9b0e46c28d13a71799ccda6b52c4855a61024370dac3c38fe8cb82e7c3,reference_pass,65536,"[72704, 72704, 72704, 72704]","[416338, 419009, 418320, 417968]",846.9799900054932,cuda,627909,90112,90112,2048,1024.0,102400,0.01,248.5827021598816
final_geometry_v15_20260930,deep_m0128_r0,0,deep,3,128,20608,128,32,1.0,a3fbfe3694a6d3a7a8f724b8f6e362367e3afc7860a1c5f1481a53f3e86fcfbf,reference_pass,65536,"[72704, 72704, 72704, 72704]","[407337, 406970, 407140, 409986]",1349.7878761291504,cuda,1037509,135168,90112,2048,2048.0,204800,0.01,502.703551530838
final_geometry_v15_20260930,deep_m0128_r1,1,deep,3,128,20608,128,32,1.0,12140e25162df7ed81599a111742b07052ef21dac4d3086bb8a4c937317db44a,reference_pass,65536,"[72704, 72704, 72704, 72704]","[430675, 430045, 430169, 430477]",1372.6294062137604,cuda,627909,90112,90112,2048,1024.0,102400,0.01,249.61761927604675
final_geometry_v15_20260930,deep_m0128_r2,2,deep,3,128,20608,128,32,1.0,ab9e24560eea0ddc4fd775ee6d516b1daa269452cd648f2739f422995dd944b3,reference_pass,65536,"[72704, 72704, 72704, 72704]","[417359, 416236, 416589, 417963]",1335.4854407310486,cuda,627909,90112,90112,2048,1024.0,102400,0.01,257.21436738967896
final_geometry_v15_20260930,deep_m0256_r0,0,deep,3,256,73984,128,32,1.0,2814b4d76a9cc9419ec01ed447161e8acf050a7bbe1b8e92bdfa0e832e724270,reference_pass,65536,"[72704, 72704, 72704, 72704]","[407364, 405608, 407315, 408041]",2868.6134679317474,cuda,1463113,135168,90112,2048,1024.0,102400,0.01,288.70178174972534
final_geometry_v15_20260930,deep_m0256_r1,1,deep,3,256,73984,128,32,1.0,09d81740c09e1434a4c78134a13a48b854f29cf5822e72d75983713cdb747963,reference_pass,65536,"[72704, 72704, 72704, 72704]","[429156, 429412, 430657, 427668]",2855.781144618988,cuda,1463113,90112,90112,2048,1024.0,102400,0.01,289.71316838264465
final_geometry_v15_20260930,deep_m0256_r2,2,deep,3,256,73984,128,32,1.0,7d2b17335b5ae481f00e8793369fbe114f3ea563c80b91b01102266c3ab73d1e,reference_pass,65536,"[72704, 72704, 72704, 72704]","[416524, 417058, 416287, 414605]",2843.9155344963074,cuda,1463113,90112,90112,2048,1024.0,102400,0.01,286.71649718284607
