L,architecture,block_length,block_stable,campaign_id,candidates,code_revision,d,degenerate_probes,enough_blocks,estimate,execution_hash,failing_candidates,failure_reason,family,law,m,mc_high,mc_low,mcse,mcse_doubled_block,n,n_draws_used,p,replicate,selected_fold_A_to_B,selected_fold_B_to_A,selection_frequencies,sigma,stage,status,target_hash,target_id,validity
2,shallow,64,True,final_geometry_v15_20260930,4,4327fe4ece9317f6fd20fad18389a71e9b1f423b,32,[],True,0.3283062491119666,d260d94c699220080c79ef88b60fc8c3cddc0b0c0682a72fa91f05c5c29ad521,[],,loss,full_posterior,64,0.36693682421474444,0.28569631440032134,0.022697733788454903,0.023100200050734526,128,8192,2112,0,V@t=-1,V@t=-1,"{""V@t=+0.5"": 0.10875, ""V@t=+1"": 0.01375, ""V@t=-0.5"": 0.14625, ""V@t=-1"": 0.73125}",1.0,reference_production_4|sel=2048,valid,71538f5fc37b1391ecadd17c52b8587909347d90439f7dcd7fdebf72a743c41f,shallow_m0064_r0,True
2,shallow,32,True,final_geometry_v15_20260930,16,4327fe4ece9317f6fd20fad18389a71e9b1f423b,32,[],True,0.3308486055364598,d260d94c699220080c79ef88b60fc8c3cddc0b0c0682a72fa91f05c5c29ad521,[],,train_logit,full_posterior,64,0.37375112408094563,0.317361261513996,0.014537281278580939,0.014295972573902893,128,8192,2112,0,train_logit_64@t=+1,train_logit_0@t=+1,"{""train_logit_0@t=+1"": 0.39, ""train_logit_32@t=+0.5"": 0.00875, ""train_logit_32@t=+1"": 0.005, ""train_logit_32@t=-0.5"": 0.005, ""train_logit_32@t=-1"": 0.04875, ""train_logit_64@t=+1"": 0.27875, ""train_logit_96@t=+0.5"": 0.00625, ""train_logit_96@t=+1"": 0.04625, ""train_logit_96@t=-1"": 0.21125}",1.0,reference_production_4|sel=2048,valid,71538f5fc37b1391ecadd17c52b8587909347d90439f7dcd7fdebf72a743c41f,shallow_m0064_r0,True
2,shallow,32,True,final_geometry_v15_20260930,16,4327fe4ece9317f6fd20fad18389a71e9b1f423b,32,[],True,0.6234673992525335,d260d94c699220080c79ef88b60fc8c3cddc0b0c0682a72fa91f05c5c29ad521,"[""interaction_0@t=+1"", ""interaction_2@t=-1"", ""interaction_3@t=-1"", ""interaction_3@t=+1""]","incomplete:interaction_0@t=+1,interaction_2@t=-1,interaction_3@t=-1,interaction_3@t=+1",interaction,full_posterior,64,0.7743402687741694,0.47102782254263775,0.0822189667771879,0.08233264668540374,128,8192,2112,0,interaction_3@t=+1,interaction_0@t=+1,"{""interaction_0@t=+1"": 0.27625, ""interaction_0@t=-1"": 0.02125, ""interaction_1@t=+1"": 0.02875, ""interaction_1@t=-1"": 0.00125, ""interaction_2@t=+1"": 0.0325, ""interaction_2@t=-1"": 0.03625, ""interaction_3@t=+1"": 0.46875, ""interaction_3@t=-1"": 0.135}",1.0,reference_production_4|sel=2048,incomplete,71538f5fc37b1391ecadd17c52b8587909347d90439f7dcd7fdebf72a743c41f,shallow_m0064_r0,False
2,shallow,64,True,final_geometry_v15_20260930,4,4327fe4ece9317f6fd20fad18389a71e9b1f423b,32,[],True,0.3202864359509281,ef4fac83e88b9ebc7025640c004ee055aad12f835c9939b678bc038c15b660a0,[],,loss,full_posterior,64,0.3392674499014779,0.3001156677452378,0.010220482727316668,0.010049718854695733,128,8192,2112,1,V@t=-0.5,V@t=+0.5,"{""V@t=+0.5"": 0.4, ""V@t=+1"": 0.06375, ""V@t=-0.5"": 0.35875, ""V@t=-1"": 0.1775}",1.0,reference_production_4|sel=2048,valid,2ebbaf17c0b875a151400adfe0c20fdcca7ef1fee9db82b7da14f8303c6ed54d,shallow_m0064_r1,True
2,shallow,32,True,final_geometry_v15_20260930,16,4327fe4ece9317f6fd20fad18389a71e9b1f423b,32,[],True,0.3636041499344802,ef4fac83e88b9ebc7025640c004ee055aad12f835c9939b678bc038c15b660a0,[],,train_logit,full_posterior,64,0.4027203680052293,0.32436312492783936,0.019568839590559196,0.01764119111679634,128,8192,2112,1,train_logit_0@t=+1,train_logit_32@t=-1,"{""train_logit_0@t=+0.5"": 0.00875, ""train_logit_0@t=+1"": 0.285, ""train_logit_0@t=-0.5"": 0.00125, ""train_logit_0@t=-1"": 0.11875, ""train_logit_32@t=+1"": 0.1225, ""train_logit_32@t=-1"": 0.1825, ""train_logit_64@t=+0.5"": 0.00375, ""train_logit_64@t=+1"": 0.10625, ""train_logit_64@t=-0.5"": 0.0075, ""train_logit_64@t=-1"": 0.045, ""train_logit_96@t=+1"": 0.0775, ""train_logit_96@t=-1"": 0.04125}",1.0,reference_production_4|sel=2048,valid,2ebbaf17c0b875a151400adfe0c20fdcca7ef1fee9db82b7da14f8303c6ed54d,shallow_m0064_r1,True
2,shallow,64,True,final_geometry_v15_20260930,16,4327fe4ece9317f6fd20fad18389a71e9b1f423b,32,[],True,0.5938387760428543,ef4fac83e88b9ebc7025640c004ee055aad12f835c9939b678bc038c15b660a0,"[""interaction_0@t=-1"", ""interaction_1@t=-1"", ""interaction_1@t=+1"", ""interaction_2@t=-1"", ""interaction_3@t=-1""]","incomplete:interaction_0@t=-1,interaction_1@t=-1,interaction_1@t=+1,interaction_2@t=-1,interaction_3@t=-1",interaction,full_posterior,64,0.7959509523591891,0.5279936823623244,0.06786363348184143,0.08012841616719528,128,8192,2112,1,interaction_2@t=-1,interaction_1@t=+1,"{""interaction_0@t=+1"": 0.0325, ""interaction_0@t=-1"": 0.11375, ""interaction_1@t=+1"": 0.4475, ""interaction_1@t=-1"": 0.005, ""interaction_2@t=+1"": 0.0025, ""interaction_2@t=-1"": 0.25375, ""interaction_3@t=+1"": 0.03, ""interaction_3@t=-1"": 0.115}",1.0,reference_production_4|sel=2048,incomplete,2ebbaf17c0b875a151400adfe0c20fdcca7ef1fee9db82b7da14f8303c6ed54d,shallow_m0064_r1,False
2,shallow,64,True,final_geometry_v15_20260930,4,4327fe4ece9317f6fd20fad18389a71e9b1f423b,32,[],True,0.3136321482309248,fc66a15235541d8565676bdb1484417f710d51ebfa9abe839af1c9c234d73d2a,[],,loss,full_posterior,64,0.3289363518499578,0.29117702882233704,0.009902850335683723,0.009790623414852677,128,8192,2112,2,V@t=-0.5,V@t=-1,"{""V@t=+0.5"": 0.18375, ""V@t=+1"": 0.00625, ""V@t=-0.5"": 0.28875, ""V@t=-1"": 0.52125}",1.0,reference_production_4|sel=2048,valid,fc9da6235fb1548d828cf68d55d93c2f858e835b161969d4cc33b00e5e83b603,shallow_m0064_r2,True
2,shallow,32,True,final_geometry_v15_20260930,16,4327fe4ece9317f6fd20fad18389a71e9b1f423b,32,[],True,0.3879058760195512,fc66a15235541d8565676bdb1484417f710d51ebfa9abe839af1c9c234d73d2a,[],,train_logit,full_posterior,64,0.4052630168463541,0.3505566960817994,0.015127678984312764,0.014480183853339424,128,8192,2112,2,train_logit_0@t=-0.5,train_logit_0@t=-1,"{""train_logit_0@t=+0.5"": 0.06, ""train_logit_0@t=+1"": 0.1075, ""train_logit_0@t=-0.5"": 0.1425, ""train_logit_0@t=-1"": 0.48375, ""train_logit_32@t=-1"": 0.00125, ""train_logit_64@t=+1"": 0.16875, ""train_logit_96@t=+1"": 0.0025, ""train_logit_96@t=-1"": 0.03375}",1.0,reference_production_4|sel=2048,valid,fc9da6235fb1548d828cf68d55d93c2f858e835b161969d4cc33b00e5e83b603,shallow_m0064_r2,True
2,shallow,32,True,final_geometry_v15_20260930,16,4327fe4ece9317f6fd20fad18389a71e9b1f423b,32,[],True,0.6047131893572404,fc66a15235541d8565676bdb1484417f710d51ebfa9abe839af1c9c234d73d2a,"[""interaction_0@t=-1"", ""interaction_0@t=+1"", ""interaction_2@t=-1"", ""interaction_2@t=+1"", ""interaction_3@t=-1"", ""interaction_3@t=+1""]","incomplete:interaction_0@t=-1,interaction_0@t=+1,interaction_2@t=-1,interaction_2@t=+1,interaction_3@t=-1,interaction_3@t=+1",interaction,full_posterior,64,0.7575774599932688,0.4947661838521054,0.06459516385063781,0.06575236477560295,128,8192,2112,2,interaction_2@t=-1,interaction_3@t=-1,"{""interaction_0@t=+1"": 0.115, ""interaction_0@t=-1"": 0.04875, ""interaction_1@t=+1"": 0.05625, ""interaction_1@t=-1"": 0.03875, ""interaction_2@t=+1"": 0.04375, ""interaction_2@t=-1"": 0.4125, ""interaction_3@t=+1"": 0.00125, ""interaction_3@t=-1"": 0.28375}",1.0,reference_production_4|sel=2048,incomplete,fc9da6235fb1548d828cf68d55d93c2f858e835b161969d4cc33b00e5e83b603,shallow_m0064_r2,False
2,shallow,64,True,final_geometry_v15_20260930,4,4327fe4ece9317f6fd20fad18389a71e9b1f423b,32,[],True,0.29185368300843917,e47deff70dcfb5c1294d8dc3ac5b42f0d32a2dab919cace5fa3b78a862394184,[],,loss,full_posterior,256,0.31049753429652555,0.25916776722338414,0.013142731096703598,0.01350093343673966,128,8192,8448,0,V@t=-1,V@t=-1,"{""V@t=+0.5"": 0.03, ""V@t=+1"": 0.1175, ""V@t=-0.5"": 0.03125, ""V@t=-1"": 0.82125}",1.0,reference_production_4|sel=2048,valid,5ffcf34dcb33edbff8ac327910bb107a5523c19a0d0683299bb0c37d97e4b101,shallow_m0256_r0,True
2,shallow,32,True,final_geometry_v15_20260930,16,4327fe4ece9317f6fd20fad18389a71e9b1f423b,32,[],True,0.36556987866918256,e47deff70dcfb5c1294d8dc3ac5b42f0d32a2dab919cace5fa3b78a862394184,[],,train_logit,full_posterior,256,0.4018703225279863,0.34197725108669436,0.015301416203365363,0.015541690247595828,128,8192,8448,0,train_logit_0@t=+1,train_logit_32@t=+1,"{""train_logit_0@t=+0.5"": 0.00625, ""train_logit_0@t=+1"": 0.35375, ""train_logit_32@t=+0.5"": 0.02375, ""train_logit_32@t=+1"": 0.45625, ""train_logit_32@t=-0.5"": 0.00625, ""train_logit_32@t=-1"": 0.005, ""train_logit_64@t=+1"": 0.00625, ""train_logit_96@t=+1"": 0.01375, ""train_logit_96@t=-1"": 0.12875}",1.0,reference_production_4|sel=2048,valid,5ffcf34dcb33edbff8ac327910bb107a5523c19a0d0683299bb0c37d97e4b101,shallow_m0256_r0,True
2,shallow,32,True,final_geometry_v15_20260930,16,4327fe4ece9317f6fd20fad18389a71e9b1f423b,32,[],True,0.5932611794290279,e47deff70dcfb5c1294d8dc3ac5b42f0d32a2dab919cace5fa3b78a862394184,"[""interaction_1@t=-1"", ""interaction_1@t=+1"", ""interaction_2@t=-1"", ""interaction_3@t=+1""]","incomplete:interaction_1@t=-1,interaction_1@t=+1,interaction_2@t=-1,interaction_3@t=+1",interaction,full_posterior,256,0.7099004081776289,0.5017486180639517,0.051106232462766354,0.055572270652391245,128,8192,8448,0,interaction_3@t=+1,interaction_1@t=+1,"{""interaction_0@t=+1"": 0.065, ""interaction_0@t=-1"": 0.01, ""interaction_1@t=+1"": 0.32875, ""interaction_1@t=-1"": 0.04625, ""interaction_2@t=+1"": 0.0175, ""interaction_2@t=-1"": 0.10375, ""interaction_3@t=+1"": 0.40375, ""interaction_3@t=-1"": 0.025}",1.0,reference_production_4|sel=2048,incomplete,5ffcf34dcb33edbff8ac327910bb107a5523c19a0d0683299bb0c37d97e4b101,shallow_m0256_r0,False
2,shallow,64,True,final_geometry_v15_20260930,4,4327fe4ece9317f6fd20fad18389a71e9b1f423b,32,[],True,0.3313210343861933,b702cde550be752af2f1f36c00d7eabaee48cbb1c2b5b635f1ade6b8bbe92baa,[],,loss,full_posterior,256,0.35081828371283136,0.2989791321802785,0.013784969661751927,0.014562468762010887,128,8192,8448,1,V@t=-1,V@t=-1,"{""V@t=+0.5"": 0.0325, ""V@t=+1"": 0.1225, ""V@t=-0.5"": 0.05, ""V@t=-1"": 0.795}",1.0,reference_production_4|sel=2048,valid,8f5887633c4c57f2ac0982e01a15dae641286ed569accf33e93d0425c2b98209,shallow_m0256_r1,True
2,shallow,32,True,final_geometry_v15_20260930,16,4327fe4ece9317f6fd20fad18389a71e9b1f423b,32,[],True,0.3531260716155157,b702cde550be752af2f1f36c00d7eabaee48cbb1c2b5b635f1ade6b8bbe92baa,[],,train_logit,full_posterior,256,0.39355104534577556,0.3310865611267292,0.015142272933164386,0.014062744368438535,128,8192,8448,1,train_logit_0@t=+1,train_logit_96@t=+1,"{""train_logit_0@t=+0.5"": 0.00875, ""train_logit_0@t=+1"": 0.32125, ""train_logit_0@t=-0.5"": 0.0075, ""train_logit_0@t=-1"": 0.0875, ""train_logit_32@t=+1"": 0.0475, ""train_logit_32@t=-1"": 0.045, ""train_logit_64@t=+0.5"": 0.0125, ""train_logit_64@t=+1"": 0.2025, ""train_logit_64@t=-0.5"": 0.005, ""train_logit_64@t=-1"": 0.02, ""train_logit_96@t=+1"": 0.2025, ""train_logit_96@t=-1"": 0.04}",1.0,reference_production_4|sel=2048,valid,8f5887633c4c57f2ac0982e01a15dae641286ed569accf33e93d0425c2b98209,shallow_m0256_r1,True
2,shallow,32,True,final_geometry_v15_20260930,16,4327fe4ece9317f6fd20fad18389a71e9b1f423b,32,[],True,0.5480529063602395,b702cde550be752af2f1f36c00d7eabaee48cbb1c2b5b635f1ade6b8bbe92baa,"[""interaction_0@t=+1"", ""interaction_1@t=-1"", ""interaction_1@t=+1"", ""interaction_2@t=-1""]","incomplete:interaction_0@t=+1,interaction_1@t=-1,interaction_1@t=+1,interaction_2@t=-1",interaction,full_posterior,256,0.6595204323827815,0.4950649088398428,0.04188099304321847,0.0415943828876111,128,8192,8448,1,interaction_2@t=-1,interaction_0@t=+1,"{""interaction_0@t=+1"": 0.29375, ""interaction_0@t=-1"": 0.00125, ""interaction_1@t=+1"": 0.07, ""interaction_1@t=-1"": 0.03375, ""interaction_2@t=+1"": 0.00125, ""interaction_2@t=-1"": 0.4575, ""interaction_3@t=-1"": 0.1425}",1.0,reference_production_4|sel=2048,incomplete,8f5887633c4c57f2ac0982e01a15dae641286ed569accf33e93d0425c2b98209,shallow_m0256_r1,False
2,shallow,64,True,final_geometry_v15_20260930,4,4327fe4ece9317f6fd20fad18389a71e9b1f423b,32,[],True,0.29385494488106867,1a93c14011fadc3517c1338c414e33dc5df1f74e820e26dc3412b4b3f497e934,[],,loss,full_posterior,256,0.3198204569401032,0.2763675728023876,0.011680454058717031,0.011595486126012546,128,8192,8448,2,V@t=+1,V@t=-1,"{""V@t=+0.5"": 0.08875, ""V@t=+1"": 0.3325, ""V@t=-0.5"": 0.055, ""V@t=-1"": 0.52375}",1.0,reference_production_4|sel=2048,valid,2b0a25edaba13f9bb4eae0a84a065effa6848903405ea8fc1871d85b581b5ff9,shallow_m0256_r2,True
2,shallow,32,True,final_geometry_v15_20260930,16,4327fe4ece9317f6fd20fad18389a71e9b1f423b,32,[],True,0.36888286540143045,1a93c14011fadc3517c1338c414e33dc5df1f74e820e26dc3412b4b3f497e934,[],,train_logit,full_posterior,256,0.3941365344947253,0.33739403080581587,0.013678896498588807,0.01292701816909372,128,8192,8448,2,train_logit_0@t=-1,train_logit_0@t=+1,"{""train_logit_0@t=+0.5"": 0.04875, ""train_logit_0@t=+1"": 0.43375, ""train_logit_0@t=-0.5"": 0.00625, ""train_logit_0@t=-1"": 0.2675, ""train_logit_32@t=-1"": 0.03625, ""train_logit_64@t=+0.5"": 0.0025, ""train_logit_64@t=+1"": 0.195, ""train_logit_64@t=-1"": 0.00875, ""train_logit_96@t=-1"": 0.00125}",1.0,reference_production_4|sel=2048,valid,2b0a25edaba13f9bb4eae0a84a065effa6848903405ea8fc1871d85b581b5ff9,shallow_m0256_r2,True
2,shallow,32,True,final_geometry_v15_20260930,16,4327fe4ece9317f6fd20fad18389a71e9b1f423b,32,[],True,0.5569521055017751,1a93c14011fadc3517c1338c414e33dc5df1f74e820e26dc3412b4b3f497e934,"[""interaction_0@t=-1"", ""interaction_0@t=+1"", ""interaction_2@t=-1"", ""interaction_2@t=+1"", ""interaction_3@t=-1"", ""interaction_3@t=+1""]","incomplete:interaction_0@t=-1,interaction_0@t=+1,interaction_2@t=-1,interaction_2@t=+1,interaction_3@t=-1,interaction_3@t=+1",interaction,full_posterior,256,0.666218596394743,0.4961952830494959,0.05049409275567484,0.045025755253769506,128,8192,8448,2,interaction_2@t=-1,interaction_3@t=-1,"{""interaction_0@t=+1"": 0.0725, ""interaction_0@t=-1"": 0.2025, ""interaction_1@t=+1"": 0.05125, ""interaction_1@t=-1"": 0.02, ""interaction_2@t=+1"": 0.0025, ""interaction_2@t=-1"": 0.36, ""interaction_3@t=+1"": 0.0275, ""interaction_3@t=-1"": 0.26375}",1.0,reference_production_4|sel=2048,incomplete,2b0a25edaba13f9bb4eae0a84a065effa6848903405ea8fc1871d85b581b5ff9,shallow_m0256_r2,False
2,shallow,64,True,final_geometry_v15_20260930,4,4327fe4ece9317f6fd20fad18389a71e9b1f423b,32,[],True,0.2925029318196753,eccc88577af416a72d66fb22a9443f4a081b72812b06d3aa4d8116cbccdddcee,[],,loss,full_posterior,1024,0.31267401537206735,0.2700932384183187,0.01054052967916067,0.011399049742375373,128,8192,33792,0,V@t=-1,V@t=+1,"{""V@t=+0.5"": 0.0325, ""V@t=+1"": 0.37125, ""V@t=-0.5"": 0.1, ""V@t=-1"": 0.49625}",1.0,reference_production_4|sel=2048,valid,02cdf7a9fb4a8ebea158d555e3da7f259fe2d98afd52f242938d3e8f57697d6a,shallow_m1024_r0,True
2,shallow,32,True,final_geometry_v15_20260930,16,4327fe4ece9317f6fd20fad18389a71e9b1f423b,32,[],True,0.34635834236596474,eccc88577af416a72d66fb22a9443f4a081b72812b06d3aa4d8116cbccdddcee,[],,train_logit,full_posterior,1024,0.4141527135516079,0.3227318132773419,0.024166554146651198,0.023800892300831378,128,8192,33792,0,train_logit_96@t=-1,train_logit_32@t=+1,"{""train_logit_0@t=+1"": 0.00375, ""train_logit_0@t=-1"": 0.005, ""train_logit_32@t=+0.5"": 0.00625, ""train_logit_32@t=+1"": 0.335, ""train_logit_32@t=-1"": 0.1125, ""train_logit_64@t=+1"": 0.00875, ""train_logit_96@t=+0.5"": 0.02625, ""train_logit_96@t=+1"": 0.295, ""train_logit_96@t=-0.5"": 0.01375, ""train_logit_96@t=-1"": 0.19375}",1.0,reference_production_4|sel=2048,valid,02cdf7a9fb4a8ebea158d555e3da7f259fe2d98afd52f242938d3e8f57697d6a,shallow_m1024_r0,True
2,shallow,32,True,final_geometry_v15_20260930,16,4327fe4ece9317f6fd20fad18389a71e9b1f423b,32,[],True,0.5620809689399657,eccc88577af416a72d66fb22a9443f4a081b72812b06d3aa4d8116cbccdddcee,"[""interaction_0@t=+1"", ""interaction_1@t=+1"", ""interaction_3@t=-1"", ""interaction_3@t=+1""]","incomplete:interaction_0@t=+1,interaction_1@t=+1,interaction_3@t=-1,interaction_3@t=+1",interaction,full_posterior,1024,0.7937102577017522,0.49528779643751114,0.08565392704817981,0.08024980538625279,128,8192,33792,0,interaction_1@t=+1,interaction_2@t=+1,"{""interaction_0@t=+1"": 0.06625, ""interaction_1@t=+1"": 0.5225, ""interaction_1@t=-1"": 0.00125, ""interaction_2@t=+1"": 0.37, ""interaction_3@t=+1"": 0.02, ""interaction_3@t=-1"": 0.02}",1.0,reference_production_4|sel=2048,incomplete,02cdf7a9fb4a8ebea158d555e3da7f259fe2d98afd52f242938d3e8f57697d6a,shallow_m1024_r0,False
2,shallow,64,True,final_geometry_v15_20260930,4,4327fe4ece9317f6fd20fad18389a71e9b1f423b,32,[],True,0.28444233774769134,ea19d2cf418befe36c6f1816fb622791c5ff562aa4e99be1dcbfc8e0ec2108f0,[],,loss,full_posterior,1024,0.31024479581606473,0.26359580893561546,0.011521073198996428,0.010804541230405406,128,8192,33792,1,V@t=-1,V@t=+0.5,"{""V@t=+0.5"": 0.3475, ""V@t=+1"": 0.07375, ""V@t=-0.5"": 0.0875, ""V@t=-1"": 0.49125}",1.0,reference_production_4|sel=2048,valid,75855771a1231e62e6e66f10e2f0fc9a96b653fa2c1e6c16aa05920b18f8825c,shallow_m1024_r1,True
2,shallow,32,True,final_geometry_v15_20260930,16,4327fe4ece9317f6fd20fad18389a71e9b1f423b,32,[],True,0.38537102331807715,ea19d2cf418befe36c6f1816fb622791c5ff562aa4e99be1dcbfc8e0ec2108f0,[],,train_logit,full_posterior,1024,0.4079652819034881,0.3436368950500397,0.01818768667512484,0.01741282540672066,128,8192,33792,1,train_logit_64@t=+1,train_logit_64@t=+1,"{""train_logit_0@t=+0.5"": 0.0025, ""train_logit_0@t=+1"": 0.0625, ""train_logit_0@t=-0.5"": 0.00125, ""train_logit_32@t=-1"": 0.025, ""train_logit_64@t=+0.5"": 0.08125, ""train_logit_64@t=+1"": 0.5075, ""train_logit_64@t=-0.5"": 0.0025, ""train_logit_64@t=-1"": 0.06125, ""train_logit_96@t=+0.5"": 0.015, ""train_logit_96@t=+1"": 0.14125, ""train_logit_96@t=-0.5"": 0.01875, ""train_logit_96@t=-1"": 0.08125}",1.0,reference_production_4|sel=2048,valid,75855771a1231e62e6e66f10e2f0fc9a96b653fa2c1e6c16aa05920b18f8825c,shallow_m1024_r1,True
2,shallow,32,True,final_geometry_v15_20260930,16,4327fe4ece9317f6fd20fad18389a71e9b1f423b,32,[],True,0.5188153763716259,ea19d2cf418befe36c6f1816fb622791c5ff562aa4e99be1dcbfc8e0ec2108f0,"[""interaction_0@t=+1"", ""interaction_2@t=-1"", ""interaction_2@t=+1"", ""interaction_3@t=+1""]","incomplete:interaction_0@t=+1,interaction_2@t=-1,interaction_2@t=+1,interaction_3@t=+1",interaction,full_posterior,1024,0.6719075197817646,0.4732728065559194,0.05011071877563647,0.04980523257083321,128,8192,33792,1,interaction_2@t=+1,interaction_1@t=+1,"{""interaction_0@t=+1"": 0.205, ""interaction_0@t=-1"": 0.08375, ""interaction_1@t=+1"": 0.21625, ""interaction_1@t=-1"": 0.015, ""interaction_2@t=+1"": 0.22125, ""interaction_2@t=-1"": 0.04375, ""interaction_3@t=+1"": 0.2, ""interaction_3@t=-1"": 0.015}",1.0,reference_production_4|sel=2048,incomplete,75855771a1231e62e6e66f10e2f0fc9a96b653fa2c1e6c16aa05920b18f8825c,shallow_m1024_r1,False
2,shallow,64,True,final_geometry_v15_20260930,4,4327fe4ece9317f6fd20fad18389a71e9b1f423b,32,[],True,0.27009357873590656,021040a3ca16fc031962af4405d32b26085034b920caf09089cd44dab4261f0f,[],,loss,full_posterior,1024,0.2973547295481197,0.2553133348740701,0.010765692098473731,0.01006937040236398,128,8192,33792,2,V@t=+1,V@t=-1,"{""V@t=+0.5"": 0.21625, ""V@t=+1"": 0.45, ""V@t=-0.5"": 0.11625, ""V@t=-1"": 0.2175}",1.0,reference_production_4|sel=2048,valid,61fa5b97160a40ea4623d9b0909f5c6bd1efc198e054db5ea14dff80a68ca165,shallow_m1024_r2,True
2,shallow,32,True,final_geometry_v15_20260930,16,4327fe4ece9317f6fd20fad18389a71e9b1f423b,32,[],True,0.36893488370383387,021040a3ca16fc031962af4405d32b26085034b920caf09089cd44dab4261f0f,[],,train_logit,full_posterior,1024,0.40096403920336354,0.3453640085848718,0.015411714786657723,0.015152508864087632,128,8192,33792,2,train_logit_0@t=-1,train_logit_0@t=+1,"{""train_logit_0@t=+0.5"": 0.00625, ""train_logit_0@t=+1"": 0.305, ""train_logit_0@t=-0.5"": 0.03375, ""train_logit_0@t=-1"": 0.505, ""train_logit_32@t=+1"": 0.01125, ""train_logit_32@t=-1"": 0.01125, ""train_logit_64@t=+0.5"": 0.02, ""train_logit_64@t=+1"": 0.07375, ""train_logit_64@t=-0.5"": 0.005, ""train_logit_64@t=-1"": 0.00375, ""train_logit_96@t=+1"": 0.00125, ""train_logit_96@t=-1"": 0.02375}",1.0,reference_production_4|sel=2048,valid,61fa5b97160a40ea4623d9b0909f5c6bd1efc198e054db5ea14dff80a68ca165,shallow_m1024_r2,True
2,shallow,32,True,final_geometry_v15_20260930,16,4327fe4ece9317f6fd20fad18389a71e9b1f423b,32,[],True,0.5563292542293944,021040a3ca16fc031962af4405d32b26085034b920caf09089cd44dab4261f0f,"[""interaction_0@t=-1"", ""interaction_0@t=+1"", ""interaction_1@t=-1"", ""interaction_2@t=-1"", ""interaction_3@t=-1"", ""interaction_3@t=+1""]","incomplete:interaction_0@t=-1,interaction_0@t=+1,interaction_1@t=-1,interaction_2@t=-1,interaction_3@t=-1,interaction_3@t=+1",interaction,full_posterior,1024,0.6917808772727206,0.4940813951172053,0.05224506323942107,0.052901127349111614,128,8192,33792,2,interaction_2@t=-1,interaction_3@t=+1,"{""interaction_0@t=+1"": 0.0825, ""interaction_0@t=-1"": 0.2225, ""interaction_1@t=+1"": 0.0225, ""interaction_1@t=-1"": 0.01, ""interaction_2@t=+1"": 0.00375, ""interaction_2@t=-1"": 0.38125, ""interaction_3@t=+1"": 0.21, ""interaction_3@t=-1"": 0.0675}",1.0,reference_production_4|sel=2048,incomplete,61fa5b97160a40ea4623d9b0909f5c6bd1efc198e054db5ea14dff80a68ca165,shallow_m1024_r2,False
2,shallow,64,True,final_geometry_v15_20260930,4,4327fe4ece9317f6fd20fad18389a71e9b1f423b,32,[],True,0.3065154363189593,c42d4b5367c65fa5dcb34a30c443e9e774bce26cf64c6b1f15f6e759818a4a20,[],,loss,full_posterior,4096,0.3226902341277566,0.26849718919779253,0.014702257311638949,0.014131937390361927,128,8192,135168,0,V@t=-1,V@t=-1,"{""V@t=+0.5"": 0.00875, ""V@t=+1"": 0.10125, ""V@t=-0.5"": 0.02625, ""V@t=-1"": 0.86375}",1.0,reference_production_4|sel=2048,valid,8a6220ba8b63029337f3aba7bf23ad58f356eb9ebe1053d6e3e3fcf5e1c55e2a,shallow_m4096_r0,True
2,shallow,32,True,final_geometry_v15_20260930,16,4327fe4ece9317f6fd20fad18389a71e9b1f423b,32,[],True,0.37430980350864185,c42d4b5367c65fa5dcb34a30c443e9e774bce26cf64c6b1f15f6e759818a4a20,[],,train_logit,full_posterior,4096,0.41251135936957994,0.32647031629293805,0.0222167394840069,0.020911008397405614,128,8192,135168,0,train_logit_32@t=-1,train_logit_32@t=-1,"{""train_logit_0@t=+0.5"": 0.01, ""train_logit_0@t=+1"": 0.02, ""train_logit_0@t=-0.5"": 0.00125, ""train_logit_0@t=-1"": 0.02125, ""train_logit_32@t=+0.5"": 0.04, ""train_logit_32@t=+1"": 0.085, ""train_logit_32@t=-0.5"": 0.03375, ""train_logit_32@t=-1"": 0.54, ""train_logit_64@t=+0.5"": 0.025, ""train_logit_64@t=+1"": 0.03, ""train_logit_64@t=-0.5"": 0.005, ""train_logit_64@t=-1"": 0.00125, ""train_logit_96@t=+0.5"": 0.07625, ""train_logit_96@t=+1"": 0.08375, ""train_logit_96@t=-0.5"": 0.0175, ""train_logit_96@t=-1"": 0.01}",1.0,reference_production_4|sel=2048,valid,8a6220ba8b63029337f3aba7bf23ad58f356eb9ebe1053d6e3e3fcf5e1c55e2a,shallow_m4096_r0,True
2,shallow,32,True,final_geometry_v15_20260930,16,4327fe4ece9317f6fd20fad18389a71e9b1f423b,32,[],True,0.5802990987451238,c42d4b5367c65fa5dcb34a30c443e9e774bce26cf64c6b1f15f6e759818a4a20,"[""interaction_0@t=+1"", ""interaction_1@t=-1"", ""interaction_2@t=-1"", ""interaction_2@t=+1"", ""interaction_3@t=-1"", ""interaction_3@t=+1""]","incomplete:interaction_0@t=+1,interaction_1@t=-1,interaction_2@t=-1,interaction_2@t=+1,interaction_3@t=-1,interaction_3@t=+1",interaction,full_posterior,4096,0.7589452481289782,0.5001329304482848,0.062086226749023,0.06316583798884068,128,8192,135168,0,interaction_0@t=+1,interaction_3@t=+1,"{""interaction_0@t=+1"": 0.34375, ""interaction_0@t=-1"": 0.0275, ""interaction_1@t=-1"": 0.15625, ""interaction_2@t=+1"": 0.12, ""interaction_2@t=-1"": 0.075, ""interaction_3@t=+1"": 0.26625, ""interaction_3@t=-1"": 0.01125}",1.0,reference_production_4|sel=2048,incomplete,8a6220ba8b63029337f3aba7bf23ad58f356eb9ebe1053d6e3e3fcf5e1c55e2a,shallow_m4096_r0,False
2,shallow,64,True,final_geometry_v15_20260930,4,4327fe4ece9317f6fd20fad18389a71e9b1f423b,32,[],True,0.28666087371377014,a4c8520eb44c75ea3099cdbac825d88d37c40066ff07f2408368c63f9fadfabc,[],,loss,full_posterior,4096,0.31529891835276136,0.26853817472115904,0.011924654442912462,0.011060226546922762,128,8192,135168,1,V@t=-1,V@t=+0.5,"{""V@t=+0.5"": 0.26875, ""V@t=+1"": 0.18125, ""V@t=-0.5"": 0.065, ""V@t=-1"": 0.485}",1.0,reference_production_4|sel=2048,valid,2d18a154c082aebdf0c7dff9779adbab12358b1b72ad29a412f3643b39e3fb64,shallow_m4096_r1,True
2,shallow,32,True,final_geometry_v15_20260930,16,4327fe4ece9317f6fd20fad18389a71e9b1f423b,32,[],True,0.36138615035465316,a4c8520eb44c75ea3099cdbac825d88d37c40066ff07f2408368c63f9fadfabc,[],,train_logit,full_posterior,4096,0.3894054127501199,0.3394653434931118,0.012632518969402137,0.012712362507628309,128,8192,135168,1,train_logit_96@t=+1,train_logit_64@t=+1,"{""train_logit_0@t=+0.5"": 0.00125, ""train_logit_0@t=+1"": 0.0025, ""train_logit_0@t=-1"": 0.00375, ""train_logit_32@t=-1"": 0.02, ""train_logit_64@t=+0.5"": 0.0625, ""train_logit_64@t=+1"": 0.365, ""train_logit_64@t=-0.5"": 0.0175, ""train_logit_64@t=-1"": 0.09375, ""train_logit_96@t=+0.5"": 0.0025, ""train_logit_96@t=+1"": 0.42625, ""train_logit_96@t=-1"": 0.005}",1.0,reference_production_4|sel=2048,valid,2d18a154c082aebdf0c7dff9779adbab12358b1b72ad29a412f3643b39e3fb64,shallow_m4096_r1,True
2,shallow,32,True,final_geometry_v15_20260930,16,4327fe4ece9317f6fd20fad18389a71e9b1f423b,32,[],True,0.5184980765801718,a4c8520eb44c75ea3099cdbac825d88d37c40066ff07f2408368c63f9fadfabc,"[""interaction_0@t=-1"", ""interaction_1@t=-1""]","incomplete:interaction_0@t=-1,interaction_1@t=-1",interaction,full_posterior,4096,0.608675590657712,0.4600626399830768,0.03658754951654541,0.04223950694383507,128,8192,135168,1,interaction_2@t=+1,interaction_0@t=-1,"{""interaction_0@t=+1"": 0.00375, ""interaction_0@t=-1"": 0.32125, ""interaction_1@t=+1"": 0.05375, ""interaction_1@t=-1"": 0.17125, ""interaction_2@t=+1"": 0.225, ""interaction_2@t=-1"": 0.0525, ""interaction_3@t=+1"": 0.0325, ""interaction_3@t=-1"": 0.14}",1.0,reference_production_4|sel=2048,incomplete,2d18a154c082aebdf0c7dff9779adbab12358b1b72ad29a412f3643b39e3fb64,shallow_m4096_r1,False
2,shallow,64,True,final_geometry_v15_20260930,4,4327fe4ece9317f6fd20fad18389a71e9b1f423b,32,[],True,0.31008100796526594,e6c2b29c8d23ffd4b35abeadcb98a15ed903ffdf4eae4b6206deea1eca98cb13,"[""V@t=+1""]",incomplete:V@t=+1,loss,full_posterior,4096,0.34488527170460404,0.27326917075336177,0.019226282038790617,0.017884640187023418,128,8192,135168,2,V@t=+1,V@t=+1,"{""V@t=+0.5"": 0.11875, ""V@t=+1"": 0.8175, ""V@t=-0.5"": 0.03875, ""V@t=-1"": 0.025}",1.0,reference_production_4|sel=2048,incomplete,8c615bef38ec1c9a9068713982d858e21e32dae4d6bf4d65ddce5685b8944212,shallow_m4096_r2,False
2,shallow,32,True,final_geometry_v15_20260930,16,4327fe4ece9317f6fd20fad18389a71e9b1f423b,32,[],True,0.3643822420796776,e6c2b29c8d23ffd4b35abeadcb98a15ed903ffdf4eae4b6206deea1eca98cb13,[],,train_logit,full_posterior,4096,0.4027581390216865,0.33330799931025873,0.016285452007557853,0.015137994281811576,128,8192,135168,2,train_logit_0@t=+1,train_logit_0@t=-1,"{""train_logit_0@t=+0.5"": 0.06, ""train_logit_0@t=+1"": 0.27375, ""train_logit_0@t=-0.5"": 0.015, ""train_logit_0@t=-1"": 0.50375, ""train_logit_64@t=+0.5"": 0.00375, ""train_logit_64@t=+1"": 0.045, ""train_logit_64@t=-0.5"": 0.00375, ""train_logit_64@t=-1"": 0.0775, ""train_logit_96@t=-1"": 0.0175}",1.0,reference_production_4|sel=2048,valid,8c615bef38ec1c9a9068713982d858e21e32dae4d6bf4d65ddce5685b8944212,shallow_m4096_r2,True
2,shallow,32,True,final_geometry_v15_20260930,16,4327fe4ece9317f6fd20fad18389a71e9b1f423b,32,[],True,0.5499786809047622,e6c2b29c8d23ffd4b35abeadcb98a15ed903ffdf4eae4b6206deea1eca98cb13,"[""interaction_0@t=-1"", ""interaction_1@t=+1"", ""interaction_3@t=-1"", ""interaction_3@t=+1""]","incomplete:interaction_0@t=-1,interaction_1@t=+1,interaction_3@t=-1,interaction_3@t=+1",interaction,full_posterior,4096,0.6942324862477651,0.4744972436428229,0.05660564478134398,0.05537267714683975,128,8192,135168,2,interaction_3@t=-1,interaction_0@t=-1,"{""interaction_0@t=+1"": 0.00625, ""interaction_0@t=-1"": 0.34125, ""interaction_1@t=+1"": 0.24125, ""interaction_1@t=-1"": 0.0175, ""interaction_2@t=+1"": 0.0075, ""interaction_2@t=-1"": 0.1, ""interaction_3@t=+1"": 0.04125, ""interaction_3@t=-1"": 0.245}",1.0,reference_production_4|sel=2048,incomplete,8c615bef38ec1c9a9068713982d858e21e32dae4d6bf4d65ddce5685b8944212,shallow_m4096_r2,False
3,deep,64,True,final_geometry_v15_20260930,4,4327fe4ece9317f6fd20fad18389a71e9b1f423b,32,[],True,0.29776965925790966,071497a7f547de114b6f2eeaaf1cb152a2fd795c199819aa3d61b7557d1389dc,[],,loss,conditional_G_2.5,32,0.3255334255789742,0.26462943219541374,0.017569496286444327,0.017822073785491006,128,8192,2080,0,V@t=-1,V@t=-0.5,"{""V@t=+0.5"": 0.12625, ""V@t=+1"": 0.10625, ""V@t=-0.5"": 0.1625, ""V@t=-1"": 0.605}",1.0,reference_production_4|sel=2048,valid,af056e127c02b019412d5384149e30d1e6c85b146336ef076ef6b326c05fe260,deep_m0032_r0,True
3,deep,32,True,final_geometry_v15_20260930,16,4327fe4ece9317f6fd20fad18389a71e9b1f423b,32,[],True,0.2603160781911079,071497a7f547de114b6f2eeaaf1cb152a2fd795c199819aa3d61b7557d1389dc,[],,train_logit,conditional_G_2.5,32,0.2929196037279753,0.24493864724472633,0.011593219872671817,0.01222709583636889,128,8192,2080,0,train_logit_96@t=+1,train_logit_0@t=+0.5,"{""train_logit_0@t=+0.5"": 0.17625, ""train_logit_0@t=+1"": 0.08875, ""train_logit_0@t=-0.5"": 0.005, ""train_logit_0@t=-1"": 0.00375, ""train_logit_32@t=+0.5"": 0.00875, ""train_logit_32@t=+1"": 0.01625, ""train_logit_32@t=-1"": 0.185, ""train_logit_64@t=+1"": 0.0175, ""train_logit_64@t=-1"": 0.00125, ""train_logit_96@t=+0.5"": 0.01625, ""train_logit_96@t=+1"": 0.47875, ""train_logit_96@t=-1"": 0.0025}",1.0,reference_production_4|sel=2048,valid,af056e127c02b019412d5384149e30d1e6c85b146336ef076ef6b326c05fe260,deep_m0032_r0,True
3,deep,32,True,final_geometry_v15_20260930,16,4327fe4ece9317f6fd20fad18389a71e9b1f423b,32,[],True,0.564160205182916,071497a7f547de114b6f2eeaaf1cb152a2fd795c199819aa3d61b7557d1389dc,"[""interaction_0@t=-1"", ""interaction_1@t=-1"", ""interaction_1@t=+1"", ""interaction_3@t=-1"", ""interaction_3@t=+1""]","incomplete:interaction_0@t=-1,interaction_1@t=-1,interaction_1@t=+1,interaction_3@t=-1,interaction_3@t=+1",interaction,conditional_G_2.5,32,0.7128139136248529,0.5216688124413446,0.050549074036866246,0.05222288182580113,128,8192,2080,0,interaction_1@t=-1,interaction_3@t=-1,"{""interaction_0@t=+1"": 0.00625, ""interaction_0@t=-1"": 0.235, ""interaction_1@t=+1"": 0.14625, ""interaction_1@t=-1"": 0.17375, ""interaction_2@t=+1"": 0.0025, ""interaction_3@t=+1"": 0.1025, ""interaction_3@t=-1"": 0.33375}",1.0,reference_production_4|sel=2048,incomplete,af056e127c02b019412d5384149e30d1e6c85b146336ef076ef6b326c05fe260,deep_m0032_r0,False
3,deep,64,True,final_geometry_v15_20260930,4,4327fe4ece9317f6fd20fad18389a71e9b1f423b,32,[],True,0.33006585163934876,6721cf3a15ffb0269838fbcb7b77f74f9873720686bdd8acb5762753278a2ccd,[],,loss,conditional_G_2.5,32,0.34414925729342155,0.3025861558814939,0.010479393394256409,0.011518176893203893,128,8192,2080,1,V@t=+0.5,V@t=+0.5,"{""V@t=+0.5"": 0.47375, ""V@t=+1"": 0.17125, ""V@t=-0.5"": 0.34, ""V@t=-1"": 0.015}",1.0,reference_production_4|sel=2048,valid,662315e3af404632a903759afc0db53d7616be0be60d5bbeff2faff490855fed,deep_m0032_r1,True
3,deep,64,True,final_geometry_v15_20260930,16,4327fe4ece9317f6fd20fad18389a71e9b1f423b,32,[],True,0.28135511093622856,6721cf3a15ffb0269838fbcb7b77f74f9873720686bdd8acb5762753278a2ccd,"[""train_logit_0@t=+1""]",incomplete:train_logit_0@t=+1,train_logit,conditional_G_2.5,32,0.31594115169482484,0.2585289450778209,0.014199507190716916,0.015195303613930898,128,8192,2080,1,train_logit_0@t=+1,train_logit_96@t=-1,"{""train_logit_0@t=+0.5"": 0.01, ""train_logit_0@t=+1"": 0.30625, ""train_logit_0@t=-0.5"": 0.0325, ""train_logit_0@t=-1"": 0.01, ""train_logit_32@t=+0.5"": 0.00125, ""train_logit_32@t=+1"": 0.02875, ""train_logit_32@t=-0.5"": 0.00125, ""train_logit_64@t=+0.5"": 0.0075, ""train_logit_64@t=+1"": 0.20625, ""train_logit_64@t=-1"": 0.0025, ""train_logit_96@t=+0.5"": 0.06625, ""train_logit_96@t=+1"": 0.06125, ""train_logit_96@t=-0.5"": 0.01375, ""train_logit_96@t=-1"": 0.2525}",1.0,reference_production_4|sel=2048,incomplete,662315e3af404632a903759afc0db53d7616be0be60d5bbeff2faff490855fed,deep_m0032_r1,False
3,deep,64,True,final_geometry_v15_20260930,16,4327fe4ece9317f6fd20fad18389a71e9b1f423b,32,[],True,0.7198308472188671,6721cf3a15ffb0269838fbcb7b77f74f9873720686bdd8acb5762753278a2ccd,"[""interaction_1@t=-1"", ""interaction_1@t=+1"", ""interaction_3@t=-1"", ""interaction_3@t=+1""]","incomplete:interaction_1@t=-1,interaction_1@t=+1,interaction_3@t=-1,interaction_3@t=+1",interaction,conditional_G_2.5,32,0.7620060358468553,0.5288894496719561,0.06568251755528044,0.0616972991075767,128,8192,2080,1,interaction_3@t=+1,interaction_1@t=+1,"{""interaction_0@t=+1"": 0.05875, ""interaction_1@t=+1"": 0.395, ""interaction_1@t=-1"": 0.05, ""interaction_2@t=+1"": 0.19, ""interaction_3@t=+1"": 0.225, ""interaction_3@t=-1"": 0.08125}",1.0,reference_production_4|sel=2048,incomplete,662315e3af404632a903759afc0db53d7616be0be60d5bbeff2faff490855fed,deep_m0032_r1,False
3,deep,128,,final_geometry_v15_20260930,4,4327fe4ece9317f6fd20fad18389a71e9b1f423b,32,[],False,0.3243525408658113,65b30b0b57ac50414e4fd1cff544dfa82cab9889fc969809389e547640c66749,"[""V@t=-1""]",incomplete:V@t=-1,loss,conditional_G_2.5,32,0.36011849383173034,0.28124037904916843,0.02034751611013529,,128,8192,2080,2,V@t=-1,V@t=-1,"{""V@t=+0.5"": 0.01625, ""V@t=+1"": 0.06875, ""V@t=-0.5"": 0.19625, ""V@t=-1"": 0.71875}",1.0,reference_production_4|sel=2048,incomplete,e1bd5b82d8da839a2fc5ffa8fd46793eab0e499a09e69bcda3048c51750c1a05,deep_m0032_r2,False
3,deep,32,True,final_geometry_v15_20260930,16,4327fe4ece9317f6fd20fad18389a71e9b1f423b,32,[],True,0.25914695899010814,65b30b0b57ac50414e4fd1cff544dfa82cab9889fc969809389e547640c66749,[],,train_logit,conditional_G_2.5,32,0.2986889846325338,0.24720888649825148,0.014273775825320767,0.017040631149167918,128,8192,2080,2,train_logit_0@t=-1,train_logit_64@t=+1,"{""train_logit_0@t=+0.5"": 0.085, ""train_logit_0@t=+1"": 0.12, ""train_logit_0@t=-0.5"": 0.02625, ""train_logit_0@t=-1"": 0.495, ""train_logit_32@t=-1"": 0.0025, ""train_logit_64@t=+1"": 0.2525, ""train_logit_96@t=-0.5"": 0.00375, ""train_logit_96@t=-1"": 0.015}",1.0,reference_production_4|sel=2048,valid,e1bd5b82d8da839a2fc5ffa8fd46793eab0e499a09e69bcda3048c51750c1a05,deep_m0032_r2,True
3,deep,64,True,final_geometry_v15_20260930,16,4327fe4ece9317f6fd20fad18389a71e9b1f423b,32,[],True,0.642844600633949,65b30b0b57ac50414e4fd1cff544dfa82cab9889fc969809389e547640c66749,"[""interaction_0@t=-1"", ""interaction_2@t=-1"", ""interaction_2@t=+1"", ""interaction_3@t=-1"", ""interaction_3@t=+1""]","incomplete:interaction_0@t=-1,interaction_2@t=-1,interaction_2@t=+1,interaction_3@t=-1,interaction_3@t=+1",interaction,conditional_G_2.5,32,0.7905621183450143,0.5427278630246166,0.06136610061446473,0.06830316364110098,128,8192,2080,2,interaction_3@t=-1,interaction_2@t=-1,"{""interaction_0@t=+1"": 0.0025, ""interaction_0@t=-1"": 0.0125, ""interaction_1@t=+1"": 0.0275, ""interaction_1@t=-1"": 0.03, ""interaction_2@t=+1"": 0.22875, ""interaction_2@t=-1"": 0.4375, ""interaction_3@t=+1"": 0.01125, ""interaction_3@t=-1"": 0.25}",1.0,reference_production_4|sel=2048,incomplete,e1bd5b82d8da839a2fc5ffa8fd46793eab0e499a09e69bcda3048c51750c1a05,deep_m0032_r2,False
3,deep,64,True,final_geometry_v15_20260930,4,4327fe4ece9317f6fd20fad18389a71e9b1f423b,32,[],True,0.265238137912242,582185fc3a63bb8ee4cc6edb165a558242aa23b7077f582a1e27f80fe240acd0,[],,loss,conditional_G_2.5,64,0.27558570975455415,0.24640789531384372,0.007616104568024051,0.0077087918147899824,128,8192,6208,0,V@t=-0.5,V@t=-0.5,"{""V@t=+0.5"": 0.1125, ""V@t=+1"": 0.17375, ""V@t=-0.5"": 0.53875, ""V@t=-1"": 0.175}",1.0,reference_production_4|sel=2048,valid,981c8c16f8288893162866a44dc7f238a562d94baba61c4736c9e2c0a9aaafac,deep_m0064_r0,True
3,deep,32,True,final_geometry_v15_20260930,16,4327fe4ece9317f6fd20fad18389a71e9b1f423b,32,[],True,0.2453511475631384,582185fc3a63bb8ee4cc6edb165a558242aa23b7077f582a1e27f80fe240acd0,[],,train_logit,conditional_G_2.5,64,0.27650652557522637,0.23658975146115682,0.009550616390771184,0.010373743764363097,128,8192,6208,0,train_logit_0@t=+1,train_logit_64@t=+1,"{""train_logit_0@t=+0.5"": 0.0025, ""train_logit_0@t=+1"": 0.22125, ""train_logit_32@t=+0.5"": 0.00125, ""train_logit_32@t=+1"": 0.19875, ""train_logit_32@t=-0.5"": 0.0025, ""train_logit_32@t=-1"": 0.00375, ""train_logit_64@t=+1"": 0.32625, ""train_logit_64@t=-1"": 0.05875, ""train_logit_96@t=+0.5"": 0.02875, ""train_logit_96@t=+1"": 0.11, ""train_logit_96@t=-0.5"": 0.00125, ""train_logit_96@t=-1"": 0.045}",1.0,reference_production_4|sel=2048,valid,981c8c16f8288893162866a44dc7f238a562d94baba61c4736c9e2c0a9aaafac,deep_m0064_r0,True
3,deep,32,True,final_geometry_v15_20260930,16,4327fe4ece9317f6fd20fad18389a71e9b1f423b,32,[],True,0.5586796933093011,582185fc3a63bb8ee4cc6edb165a558242aa23b7077f582a1e27f80fe240acd0,"[""interaction_0@t=+1"", ""interaction_1@t=+1"", ""interaction_2@t=-1"", ""interaction_2@t=+1"", ""interaction_3@t=-1"", ""interaction_3@t=+1""]","incomplete:interaction_0@t=+1,interaction_1@t=+1,interaction_2@t=-1,interaction_2@t=+1,interaction_3@t=-1,interaction_3@t=+1",interaction,conditional_G_2.5,64,0.7734959069406366,0.4952112128416433,0.06395055862667705,0.07421579663968275,128,8192,6208,0,interaction_3@t=+1,interaction_2@t=+1,"{""interaction_0@t=+1"": 0.005, ""interaction_0@t=-1"": 0.03125, ""interaction_1@t=+1"": 0.1575, ""interaction_1@t=-1"": 0.00125, ""interaction_2@t=+1"": 0.225, ""interaction_2@t=-1"": 0.16125, ""interaction_3@t=+1"": 0.415, ""interaction_3@t=-1"": 0.00375}",1.0,reference_production_4|sel=2048,incomplete,981c8c16f8288893162866a44dc7f238a562d94baba61c4736c9e2c0a9aaafac,deep_m0064_r0,False
3,deep,64,True,final_geometry_v15_20260930,4,4327fe4ece9317f6fd20fad18389a71e9b1f423b,32,[],True,0.3291165024593109,9e6ac88405fb3b11d6f1ced5dcfbcff994228697799e3d637681f59a96e00b74,[],,loss,conditional_G_2.5,64,0.3498334123611884,0.3006036721717092,0.013908528685410489,0.013703277964404924,128,8192,6208,1,V@t=-1,V@t=-1,"{""V@t=+0.5"": 0.00375, ""V@t=+1"": 0.00375, ""V@t=-0.5"": 0.01875, ""V@t=-1"": 0.97375}",1.0,reference_production_4|sel=2048,valid,cffc441cee2bd015a78c885c0750263a0ede3b1b8b3eb5af88b7ed906fea8e96,deep_m0064_r1,True
3,deep,32,True,final_geometry_v15_20260930,16,4327fe4ece9317f6fd20fad18389a71e9b1f423b,32,[],True,0.2846112995849216,9e6ac88405fb3b11d6f1ced5dcfbcff994228697799e3d637681f59a96e00b74,[],,train_logit,conditional_G_2.5,64,0.3010837096724764,0.25365446261883334,0.011887959457861707,0.012140324996789267,128,8192,6208,1,train_logit_64@t=+1,train_logit_64@t=+1,"{""train_logit_0@t=+0.5"": 0.01875, ""train_logit_0@t=+1"": 0.215, ""train_logit_0@t=-0.5"": 0.01, ""train_logit_0@t=-1"": 0.13875, ""train_logit_32@t=-1"": 0.00875, ""train_logit_64@t=+0.5"": 0.03375, ""train_logit_64@t=+1"": 0.425, ""train_logit_64@t=-1"": 0.00375, ""train_logit_96@t=+0.5"": 0.00125, ""train_logit_96@t=+1"": 0.10375, ""train_logit_96@t=-0.5"": 0.0025, ""train_logit_96@t=-1"": 0.03875}",1.0,reference_production_4|sel=2048,valid,cffc441cee2bd015a78c885c0750263a0ede3b1b8b3eb5af88b7ed906fea8e96,deep_m0064_r1,True
3,deep,64,True,final_geometry_v15_20260930,16,4327fe4ece9317f6fd20fad18389a71e9b1f423b,32,[],True,0.7484809814515605,9e6ac88405fb3b11d6f1ced5dcfbcff994228697799e3d637681f59a96e00b74,"[""interaction_0@t=+1"", ""interaction_1@t=+1"", ""interaction_3@t=-1"", ""interaction_3@t=+1""]","incomplete:interaction_0@t=+1,interaction_1@t=+1,interaction_3@t=-1,interaction_3@t=+1",interaction,conditional_G_2.5,64,0.8390772351481243,0.5454588572072785,0.08251067481585964,0.08275890689304843,128,8192,6208,1,interaction_3@t=+1,interaction_3@t=+1,"{""interaction_0@t=+1"": 0.115, ""interaction_0@t=-1"": 0.01, ""interaction_1@t=+1"": 0.09375, ""interaction_1@t=-1"": 0.005, ""interaction_2@t=+1"": 0.0025, ""interaction_2@t=-1"": 0.0025, ""interaction_3@t=+1"": 0.575, ""interaction_3@t=-1"": 0.19625}",1.0,reference_production_4|sel=2048,incomplete,cffc441cee2bd015a78c885c0750263a0ede3b1b8b3eb5af88b7ed906fea8e96,deep_m0064_r1,False
3,deep,64,True,final_geometry_v15_20260930,4,4327fe4ece9317f6fd20fad18389a71e9b1f423b,32,[],True,0.2979158393244644,81ce3389a72aeb7fe37b8e69aad3c1b302e6f2b175c4c88f664698d06d1f2e28,[],,loss,conditional_G_2.5,64,0.3147195998750191,0.2787920301434783,0.009437399709523524,0.009243323150649345,128,8192,6208,2,V@t=-1,V@t=-1,"{""V@t=+0.5"": 0.00125, ""V@t=-0.5"": 0.2675, ""V@t=-1"": 0.73125}",1.0,reference_production_4|sel=2048,valid,5e7e9d9b0e46c28d13a71799ccda6b52c4855a61024370dac3c38fe8cb82e7c3,deep_m0064_r2,True
3,deep,32,True,final_geometry_v15_20260930,16,4327fe4ece9317f6fd20fad18389a71e9b1f423b,32,[],True,0.26296057075067736,81ce3389a72aeb7fe37b8e69aad3c1b302e6f2b175c4c88f664698d06d1f2e28,[],,train_logit,conditional_G_2.5,64,0.27921850698092354,0.24364668699191577,0.009036327741869738,0.008341578111938159,128,8192,6208,2,train_logit_0@t=-1,train_logit_0@t=+1,"{""train_logit_0@t=+0.5"": 0.05125, ""train_logit_0@t=+1"": 0.3275, ""train_logit_0@t=-0.5"": 0.08125, ""train_logit_0@t=-1"": 0.30375, ""train_logit_32@t=+0.5"": 0.0025, ""train_logit_32@t=+1"": 0.06375, ""train_logit_32@t=-1"": 0.01375, ""train_logit_64@t=+0.5"": 0.02, ""train_logit_64@t=+1"": 0.04, ""train_logit_64@t=-1"": 0.00875, ""train_logit_96@t=-0.5"": 0.00375, ""train_logit_96@t=-1"": 0.08375}",1.0,reference_production_4|sel=2048,valid,5e7e9d9b0e46c28d13a71799ccda6b52c4855a61024370dac3c38fe8cb82e7c3,deep_m0064_r2,True
3,deep,32,True,final_geometry_v15_20260930,16,4327fe4ece9317f6fd20fad18389a71e9b1f423b,32,[],True,0.5123597030091539,81ce3389a72aeb7fe37b8e69aad3c1b302e6f2b175c4c88f664698d06d1f2e28,"[""interaction_0@t=-1"", ""interaction_1@t=-1"", ""interaction_2@t=+1"", ""interaction_3@t=-1""]","incomplete:interaction_0@t=-1,interaction_1@t=-1,interaction_2@t=+1,interaction_3@t=-1",interaction,conditional_G_2.5,64,0.7649762518144828,0.4657284197982257,0.07161552061627516,0.06689210549221215,128,8192,6208,2,interaction_1@t=+1,interaction_0@t=-1,"{""interaction_0@t=+1"": 0.0075, ""interaction_0@t=-1"": 0.2925, ""interaction_1@t=+1"": 0.28375, ""interaction_1@t=-1"": 0.19875, ""interaction_2@t=+1"": 0.06875, ""interaction_2@t=-1"": 0.0175, ""interaction_3@t=-1"": 0.13125}",1.0,reference_production_4|sel=2048,incomplete,5e7e9d9b0e46c28d13a71799ccda6b52c4855a61024370dac3c38fe8cb82e7c3,deep_m0064_r2,False
3,deep,32,True,final_geometry_v15_20260930,4,4327fe4ece9317f6fd20fad18389a71e9b1f423b,32,[],True,0.24110121757352868,9fc7ed57572797b78206060d4de3474940dc38fe7e09b756af148a0fd1e1b894,"[""V@t=+1""]",incomplete:V@t=+1,loss,conditional_G_2.5,128,0.2818068762713159,0.22520333944500065,0.01320423067711514,0.01241297494152193,128,8192,20608,0,V@t=+1,V@t=-1,"{""V@t=+0.5"": 0.07125, ""V@t=+1"": 0.43875, ""V@t=-0.5"": 0.105, ""V@t=-1"": 0.385}",1.0,reference_production_4|sel=2048,incomplete,a3fbfe3694a6d3a7a8f724b8f6e362367e3afc7860a1c5f1481a53f3e86fcfbf,deep_m0128_r0,False
3,deep,32,True,final_geometry_v15_20260930,16,4327fe4ece9317f6fd20fad18389a71e9b1f423b,32,[],True,0.24745623935362016,9fc7ed57572797b78206060d4de3474940dc38fe7e09b756af148a0fd1e1b894,[],,train_logit,conditional_G_2.5,128,0.2646344543485878,0.2348441457689654,0.007672757666262934,0.00866944027400735,128,8192,20608,0,train_logit_96@t=+1,train_logit_32@t=-0.5,"{""train_logit_0@t=+0.5"": 0.00125, ""train_logit_0@t=+1"": 0.12, ""train_logit_0@t=-0.5"": 0.005, ""train_logit_0@t=-1"": 0.02125, ""train_logit_32@t=+0.5"": 0.05375, ""train_logit_32@t=+1"": 0.02, ""train_logit_32@t=-0.5"": 0.12375, ""train_logit_32@t=-1"": 0.05, ""train_logit_64@t=+1"": 0.005, ""train_logit_64@t=-0.5"": 0.0025, ""train_logit_64@t=-1"": 0.11875, ""train_logit_96@t=+0.5"": 0.08125, ""train_logit_96@t=+1"": 0.35875, ""train_logit_96@t=-0.5"": 0.02, ""train_logit_96@t=-1"": 0.01875}",1.0,reference_production_4|sel=2048,valid,a3fbfe3694a6d3a7a8f724b8f6e362367e3afc7860a1c5f1481a53f3e86fcfbf,deep_m0128_r0,True
3,deep,32,True,final_geometry_v15_20260930,16,4327fe4ece9317f6fd20fad18389a71e9b1f423b,32,[],True,0.5450219452111594,9fc7ed57572797b78206060d4de3474940dc38fe7e09b756af148a0fd1e1b894,"[""interaction_0@t=+1"", ""interaction_1@t=-1""]","incomplete:interaction_0@t=+1,interaction_1@t=-1",interaction,conditional_G_2.5,128,0.7539048734593881,0.46981755878843,0.06026091794119728,0.05366364940481265,128,8192,20608,0,interaction_1@t=-1,interaction_0@t=+1,"{""interaction_0@t=+1"": 0.3225, ""interaction_0@t=-1"": 0.0025, ""interaction_1@t=+1"": 0.02375, ""interaction_1@t=-1"": 0.3175, ""interaction_2@t=+1"": 0.0575, ""interaction_2@t=-1"": 0.13375, ""interaction_3@t=+1"": 0.11625, ""interaction_3@t=-1"": 0.02625}",1.0,reference_production_4|sel=2048,incomplete,a3fbfe3694a6d3a7a8f724b8f6e362367e3afc7860a1c5f1481a53f3e86fcfbf,deep_m0128_r0,False
3,deep,64,True,final_geometry_v15_20260930,4,4327fe4ece9317f6fd20fad18389a71e9b1f423b,32,[],True,0.25516362114759605,cc56a095badc669837928b678dae19300f59334f1f406e8e5538c829aa2842bb,[],,loss,conditional_G_2.5,128,0.2860820247674253,0.2417892210569811,0.01291643604176106,0.012361540932136454,128,8192,20608,1,V@t=+1,V@t=-1,"{""V@t=+1"": 0.23625, ""V@t=-0.5"": 0.05, ""V@t=-1"": 0.71375}",1.0,reference_production_4|sel=2048,valid,12140e25162df7ed81599a111742b07052ef21dac4d3086bb8a4c937317db44a,deep_m0128_r1,True
3,deep,32,True,final_geometry_v15_20260930,16,4327fe4ece9317f6fd20fad18389a71e9b1f423b,32,[],True,0.25714671931368405,cc56a095badc669837928b678dae19300f59334f1f406e8e5538c829aa2842bb,[],,train_logit,conditional_G_2.5,128,0.28211600528160846,0.24278343894542265,0.009515408229824373,0.00945111829891378,128,8192,20608,1,train_logit_64@t=+1,train_logit_0@t=-1,"{""train_logit_0@t=+0.5"": 0.00125, ""train_logit_0@t=+1"": 0.09375, ""train_logit_0@t=-0.5"": 0.0075, ""train_logit_0@t=-1"": 0.29875, ""train_logit_32@t=+1"": 0.04625, ""train_logit_32@t=-1"": 0.0225, ""train_logit_64@t=+0.5"": 0.0075, ""train_logit_64@t=+1"": 0.20625, ""train_logit_64@t=-0.5"": 0.00125, ""train_logit_96@t=+0.5"": 0.08625, ""train_logit_96@t=+1"": 0.16625, ""train_logit_96@t=-0.5"": 0.04, ""train_logit_96@t=-1"": 0.0225}",1.0,reference_production_4|sel=2048,valid,12140e25162df7ed81599a111742b07052ef21dac4d3086bb8a4c937317db44a,deep_m0128_r1,True
3,deep,32,True,final_geometry_v15_20260930,16,4327fe4ece9317f6fd20fad18389a71e9b1f423b,32,[],True,0.5903072233715079,cc56a095badc669837928b678dae19300f59334f1f406e8e5538c829aa2842bb,"[""interaction_1@t=-1"", ""interaction_2@t=-1"", ""interaction_2@t=+1""]","incomplete:interaction_1@t=-1,interaction_2@t=-1,interaction_2@t=+1",interaction,conditional_G_2.5,128,0.8372466449925309,0.5008856217245863,0.07623637748368822,0.07150925541135887,128,8192,20608,1,interaction_2@t=-1,interaction_2@t=+1,"{""interaction_0@t=+1"": 0.08375, ""interaction_0@t=-1"": 0.00125, ""interaction_1@t=+1"": 0.00875, ""interaction_1@t=-1"": 0.12625, ""interaction_2@t=+1"": 0.45, ""interaction_2@t=-1"": 0.295, ""interaction_3@t=+1"": 0.03375, ""interaction_3@t=-1"": 0.00125}",1.0,reference_production_4|sel=2048,incomplete,12140e25162df7ed81599a111742b07052ef21dac4d3086bb8a4c937317db44a,deep_m0128_r1,False
3,deep,64,True,final_geometry_v15_20260930,4,4327fe4ece9317f6fd20fad18389a71e9b1f423b,32,[],True,0.2531749865754949,64f6d94f9a6865f1e66b96de75fa5b508ab7112582bac06e89b66c72b3056b79,[],,loss,conditional_G_2.5,128,0.2623731756065807,0.2321643838600233,0.008433040367211181,0.008915942825311593,128,8192,20608,2,V@t=-1,V@t=-1,"{""V@t=+0.5"": 0.14125, ""V@t=+1"": 0.19875, ""V@t=-0.5"": 0.1425, ""V@t=-1"": 0.5175}",1.0,reference_production_4|sel=2048,valid,ab9e24560eea0ddc4fd775ee6d516b1daa269452cd648f2739f422995dd944b3,deep_m0128_r2,True
3,deep,32,True,final_geometry_v15_20260930,16,4327fe4ece9317f6fd20fad18389a71e9b1f423b,32,[],True,0.25790116030558696,64f6d94f9a6865f1e66b96de75fa5b508ab7112582bac06e89b66c72b3056b79,[],,train_logit,conditional_G_2.5,128,0.29412434861772657,0.24343956692118954,0.012804185343334723,0.01196179875899667,128,8192,20608,2,train_logit_64@t=-1,train_logit_0@t=-1,"{""train_logit_0@t=+0.5"": 0.015, ""train_logit_0@t=+1"": 0.28875, ""train_logit_0@t=-0.5"": 0.0075, ""train_logit_0@t=-1"": 0.22875, ""train_logit_32@t=-1"": 0.0425, ""train_logit_64@t=+0.5"": 0.00125, ""train_logit_64@t=+1"": 0.165, ""train_logit_64@t=-1"": 0.2025, ""train_logit_96@t=+1"": 0.005, ""train_logit_96@t=-1"": 0.04375}",1.0,reference_production_4|sel=2048,valid,ab9e24560eea0ddc4fd775ee6d516b1daa269452cd648f2739f422995dd944b3,deep_m0128_r2,True
3,deep,32,True,final_geometry_v15_20260930,16,4327fe4ece9317f6fd20fad18389a71e9b1f423b,32,[],True,0.6175973017784697,64f6d94f9a6865f1e66b96de75fa5b508ab7112582bac06e89b66c72b3056b79,"[""interaction_1@t=-1"", ""interaction_1@t=+1"", ""interaction_2@t=-1"", ""interaction_3@t=-1""]","incomplete:interaction_1@t=-1,interaction_1@t=+1,interaction_2@t=-1,interaction_3@t=-1",interaction,conditional_G_2.5,128,0.7847949798242775,0.49950438706728967,0.07741991647172468,0.07582991562384866,128,8192,20608,2,interaction_2@t=+1,interaction_3@t=-1,"{""interaction_0@t=-1"": 0.03125, ""interaction_1@t=+1"": 0.16125, ""interaction_1@t=-1"": 0.0675, ""interaction_2@t=+1"": 0.16625, ""interaction_2@t=-1"": 0.22625, ""interaction_3@t=-1"": 0.3475}",1.0,reference_production_4|sel=2048,incomplete,ab9e24560eea0ddc4fd775ee6d516b1daa269452cd648f2739f422995dd944b3,deep_m0128_r2,False
3,deep,64,True,final_geometry_v15_20260930,4,4327fe4ece9317f6fd20fad18389a71e9b1f423b,32,[],True,0.2379403515162895,26053644a43eb048de684b7050a94fa78f2ebb10abd590cb99f65dc0baae3191,"[""V@t=+1""]",incomplete:V@t=+1,loss,conditional_G_2.5,256,0.265185289749269,0.22940381082158914,0.009698943445493617,0.010146395267701495,128,8192,73984,0,V@t=+1,V@t=-1,"{""V@t=+0.5"": 0.01625, ""V@t=+1"": 0.29, ""V@t=-0.5"": 0.12, ""V@t=-1"": 0.57375}",1.0,reference_production_4|sel=2048,incomplete,2814b4d76a9cc9419ec01ed447161e8acf050a7bbe1b8e92bdfa0e832e724270,deep_m0256_r0,False
3,deep,32,True,final_geometry_v15_20260930,16,4327fe4ece9317f6fd20fad18389a71e9b1f423b,32,[],True,0.2533168912722626,26053644a43eb048de684b7050a94fa78f2ebb10abd590cb99f65dc0baae3191,[],,train_logit,conditional_G_2.5,256,0.27995779257433534,0.22973744031096496,0.012526753575359314,0.012133688235621653,128,8192,73984,0,train_logit_32@t=-1,train_logit_64@t=+1,"{""train_logit_0@t=+0.5"": 0.00125, ""train_logit_0@t=+1"": 0.1175, ""train_logit_0@t=-0.5"": 0.00125, ""train_logit_0@t=-1"": 0.09875, ""train_logit_32@t=+0.5"": 0.00625, ""train_logit_32@t=+1"": 0.03, ""train_logit_32@t=-0.5"": 0.0025, ""train_logit_32@t=-1"": 0.34, ""train_logit_64@t=+0.5"": 0.0125, ""train_logit_64@t=+1"": 0.13375, ""train_logit_64@t=-1"": 0.025, ""train_logit_96@t=+0.5"": 0.00625, ""train_logit_96@t=+1"": 0.18625, ""train_logit_96@t=-0.5"": 0.01, ""train_logit_96@t=-1"": 0.02875}",1.0,reference_production_4|sel=2048,valid,2814b4d76a9cc9419ec01ed447161e8acf050a7bbe1b8e92bdfa0e832e724270,deep_m0256_r0,True
3,deep,32,True,final_geometry_v15_20260930,16,4327fe4ece9317f6fd20fad18389a71e9b1f423b,32,[],True,0.5881922478042656,26053644a43eb048de684b7050a94fa78f2ebb10abd590cb99f65dc0baae3191,"[""interaction_0@t=+1"", ""interaction_3@t=-1"", ""interaction_3@t=+1""]","incomplete:interaction_0@t=+1,interaction_3@t=-1,interaction_3@t=+1",interaction,conditional_G_2.5,256,0.7789032861557788,0.5066156954290196,0.06544115590007374,0.06955919060984388,128,8192,73984,0,interaction_3@t=+1,interaction_0@t=+1,"{""interaction_0@t=+1"": 0.365, ""interaction_0@t=-1"": 0.0025, ""interaction_1@t=+1"": 0.0325, ""interaction_1@t=-1"": 0.07, ""interaction_2@t=+1"": 0.10375, ""interaction_2@t=-1"": 0.01375, ""interaction_3@t=+1"": 0.335, ""interaction_3@t=-1"": 0.0775}",1.0,reference_production_4|sel=2048,incomplete,2814b4d76a9cc9419ec01ed447161e8acf050a7bbe1b8e92bdfa0e832e724270,deep_m0256_r0,False
3,deep,64,True,final_geometry_v15_20260930,4,4327fe4ece9317f6fd20fad18389a71e9b1f423b,32,[],True,0.24905464576757186,730e4f17bcedf61bcf9781789d396e3460316d3788d7d1d55b2ca11e40a11643,[],,loss,conditional_G_2.5,256,0.2629145346210593,0.2301274722791157,0.008422749536482732,0.00812082086091607,128,8192,73984,1,V@t=-1,V@t=-0.5,"{""V@t=+0.5"": 0.11375, ""V@t=+1"": 0.04625, ""V@t=-0.5"": 0.34, ""V@t=-1"": 0.5}",1.0,reference_production_4|sel=2048,valid,09d81740c09e1434a4c78134a13a48b854f29cf5822e72d75983713cdb747963,deep_m0256_r1,True
3,deep,32,True,final_geometry_v15_20260930,16,4327fe4ece9317f6fd20fad18389a71e9b1f423b,32,[],True,0.26382273583707316,730e4f17bcedf61bcf9781789d396e3460316d3788d7d1d55b2ca11e40a11643,[],,train_logit,conditional_G_2.5,256,0.29041504344437463,0.2465627740213014,0.011102505348384348,0.011389403531560338,128,8192,73984,1,train_logit_0@t=-1,train_logit_96@t=-1,"{""train_logit_0@t=+0.5"": 0.0375, ""train_logit_0@t=+1"": 0.05875, ""train_logit_0@t=-0.5"": 0.01, ""train_logit_0@t=-1"": 0.19875, ""train_logit_32@t=+0.5"": 0.00125, ""train_logit_64@t=+1"": 0.30875, ""train_logit_64@t=-1"": 0.005, ""train_logit_96@t=+0.5"": 0.025, ""train_logit_96@t=+1"": 0.13, ""train_logit_96@t=-0.5"": 0.03, ""train_logit_96@t=-1"": 0.195}",1.0,reference_production_4|sel=2048,valid,09d81740c09e1434a4c78134a13a48b854f29cf5822e72d75983713cdb747963,deep_m0256_r1,True
3,deep,32,True,final_geometry_v15_20260930,16,4327fe4ece9317f6fd20fad18389a71e9b1f423b,32,[],True,0.5442587643283878,730e4f17bcedf61bcf9781789d396e3460316d3788d7d1d55b2ca11e40a11643,"[""interaction_0@t=-1"", ""interaction_1@t=+1"", ""interaction_2@t=-1"", ""interaction_2@t=+1"", ""interaction_3@t=-1"", ""interaction_3@t=-0.5"", ""interaction_3@t=+1""]","incomplete:interaction_0@t=-1,interaction_1@t=+1,interaction_2@t=-1,interaction_2@t=+1,interaction_3@t=-1,interaction_3@t=-0.5,interaction_3@t=+1",interaction,conditional_G_2.5,256,0.6183320905519919,0.49495979551821123,0.033173295740090085,0.03377998176202862,128,8192,73984,1,interaction_2@t=+1,interaction_3@t=-1,"{""interaction_0@t=+1"": 0.01875, ""interaction_0@t=-1"": 0.1475, ""interaction_1@t=+1"": 0.0325, ""interaction_1@t=-1"": 0.02625, ""interaction_2@t=+1"": 0.28125, ""interaction_2@t=-1"": 0.025, ""interaction_3@t=+1"": 0.03375, ""interaction_3@t=-1"": 0.435}",1.0,reference_production_4|sel=2048,incomplete,09d81740c09e1434a4c78134a13a48b854f29cf5822e72d75983713cdb747963,deep_m0256_r1,False
3,deep,64,True,final_geometry_v15_20260930,4,4327fe4ece9317f6fd20fad18389a71e9b1f423b,32,[],True,0.22389653606643253,6d0c7a40235843727b7f20c09086921a471df32f597d55b0344ad0045c32577d,[],,loss,conditional_G_2.5,256,0.2431664446364346,0.21356339131957744,0.007475284862023611,0.0063348379196602475,128,8192,73984,2,V@t=-1,V@t=+0.5,"{""V@t=+0.5"": 0.22625, ""V@t=+1"": 0.1, ""V@t=-0.5"": 0.19875, ""V@t=-1"": 0.475}",1.0,reference_production_4|sel=2048,valid,7d2b17335b5ae481f00e8793369fbe114f3ea563c80b91b01102266c3ab73d1e,deep_m0256_r2,True
3,deep,32,True,final_geometry_v15_20260930,16,4327fe4ece9317f6fd20fad18389a71e9b1f423b,32,[],True,0.2680373022932482,6d0c7a40235843727b7f20c09086921a471df32f597d55b0344ad0045c32577d,[],,train_logit,conditional_G_2.5,256,0.28811858533388757,0.2423588396890262,0.012648816390893235,0.01185644700180286,128,8192,73984,2,train_logit_64@t=+1,train_logit_64@t=+1,"{""train_logit_0@t=+0.5"": 0.06125, ""train_logit_0@t=+1"": 0.12375, ""train_logit_0@t=-0.5"": 0.04125, ""train_logit_0@t=-1"": 0.2175, ""train_logit_32@t=+0.5"": 0.00125, ""train_logit_32@t=+1"": 0.00125, ""train_logit_32@t=-0.5"": 0.005, ""train_logit_32@t=-1"": 0.0075, ""train_logit_64@t=+0.5"": 0.00375, ""train_logit_64@t=+1"": 0.43625, ""train_logit_64@t=-0.5"": 0.00875, ""train_logit_64@t=-1"": 0.0025, ""train_logit_96@t=+1"": 0.0075, ""train_logit_96@t=-1"": 0.0825}",1.0,reference_production_4|sel=2048,valid,7d2b17335b5ae481f00e8793369fbe114f3ea563c80b91b01102266c3ab73d1e,deep_m0256_r2,True
3,deep,32,True,final_geometry_v15_20260930,16,4327fe4ece9317f6fd20fad18389a71e9b1f423b,32,[],True,0.6080939429438688,6d0c7a40235843727b7f20c09086921a471df32f597d55b0344ad0045c32577d,"[""interaction_0@t=+1"", ""interaction_1@t=-1"", ""interaction_3@t=+1""]","incomplete:interaction_0@t=+1,interaction_1@t=-1,interaction_3@t=+1",interaction,conditional_G_2.5,256,0.7700743176654142,0.5130961458718422,0.06779298653925855,0.06613368890986224,128,8192,73984,2,interaction_2@t=+1,interaction_3@t=+1,"{""interaction_0@t=+1"": 0.0525, ""interaction_0@t=-1"": 0.00125, ""interaction_1@t=+1"": 0.00125, ""interaction_1@t=-1"": 0.2475, ""interaction_2@t=+1"": 0.27375, ""interaction_2@t=-1"": 0.01, ""interaction_3@t=+1"": 0.4075, ""interaction_3@t=-1"": 0.00625}",1.0,reference_production_4|sel=2048,incomplete,7d2b17335b5ae481f00e8793369fbe114f3ea563c80b91b01102266c3ab73d1e,deep_m0256_r2,False
