campaign_id,target_id,experiment,reason
final_geometry_v15_20260930,shallow_m0064_r0,relaxation:loss,;architecture_dynamics_dynamics_unresolved
final_geometry_v15_20260930,shallow_m0064_r0,relaxation:train_logit,;architecture_dynamics_dynamics_unresolved
final_geometry_v15_20260930,shallow_m0064_r0,relaxation:test_probability,;architecture_dynamics_dynamics_unresolved
final_geometry_v15_20260930,shallow_m0064_r0,relaxation:interaction,;architecture_dynamics_dynamics_unresolved
final_geometry_v15_20260930,shallow_m0064_r1,relaxation:loss,;architecture_dynamics_dynamics_unresolved
final_geometry_v15_20260930,shallow_m0064_r1,relaxation:train_logit,;architecture_dynamics_dynamics_unresolved
final_geometry_v15_20260930,shallow_m0064_r1,relaxation:test_probability,;architecture_dynamics_dynamics_unresolved
final_geometry_v15_20260930,shallow_m0064_r1,relaxation:interaction,;architecture_dynamics_dynamics_unresolved
final_geometry_v15_20260930,shallow_m0064_r2,relaxation:loss,;architecture_dynamics_dynamics_unresolved
final_geometry_v15_20260930,shallow_m0064_r2,relaxation:train_logit,;architecture_dynamics_dynamics_unresolved
final_geometry_v15_20260930,shallow_m0064_r2,relaxation:test_probability,;architecture_dynamics_dynamics_unresolved
final_geometry_v15_20260930,shallow_m0064_r2,relaxation:interaction,;architecture_dynamics_dynamics_unresolved
final_geometry_v15_20260930,shallow_m0256_r0,relaxation:loss,;architecture_dynamics_dynamics_unresolved
final_geometry_v15_20260930,shallow_m0256_r0,relaxation:train_logit,;architecture_dynamics_dynamics_unresolved
final_geometry_v15_20260930,shallow_m0256_r0,relaxation:test_probability,;architecture_dynamics_dynamics_unresolved
final_geometry_v15_20260930,shallow_m0256_r0,relaxation:interaction,;architecture_dynamics_dynamics_unresolved
final_geometry_v15_20260930,shallow_m0256_r1,relaxation:loss,;architecture_dynamics_dynamics_unresolved
final_geometry_v15_20260930,shallow_m0256_r1,relaxation:train_logit,;architecture_dynamics_dynamics_unresolved
final_geometry_v15_20260930,shallow_m0256_r1,relaxation:test_probability,;architecture_dynamics_dynamics_unresolved
final_geometry_v15_20260930,shallow_m0256_r1,relaxation:interaction,;architecture_dynamics_dynamics_unresolved
final_geometry_v15_20260930,shallow_m0256_r2,relaxation:loss,;architecture_dynamics_dynamics_unresolved
final_geometry_v15_20260930,shallow_m0256_r2,relaxation:train_logit,;architecture_dynamics_dynamics_unresolved
final_geometry_v15_20260930,shallow_m0256_r2,relaxation:test_probability,;architecture_dynamics_dynamics_unresolved
final_geometry_v15_20260930,shallow_m0256_r2,relaxation:interaction,;architecture_dynamics_dynamics_unresolved
final_geometry_v15_20260930,shallow_m1024_r0,relaxation:loss,;architecture_dynamics_dynamics_unresolved
final_geometry_v15_20260930,shallow_m1024_r0,relaxation:train_logit,;architecture_dynamics_dynamics_unresolved
final_geometry_v15_20260930,shallow_m1024_r0,relaxation:test_probability,;architecture_dynamics_dynamics_unresolved
final_geometry_v15_20260930,shallow_m1024_r0,relaxation:interaction,;architecture_dynamics_dynamics_unresolved
final_geometry_v15_20260930,shallow_m1024_r1,relaxation:loss,;architecture_dynamics_dynamics_unresolved
final_geometry_v15_20260930,shallow_m1024_r1,relaxation:train_logit,;architecture_dynamics_dynamics_unresolved
final_geometry_v15_20260930,shallow_m1024_r1,relaxation:test_probability,;architecture_dynamics_dynamics_unresolved
final_geometry_v15_20260930,shallow_m1024_r1,relaxation:interaction,;architecture_dynamics_dynamics_unresolved
final_geometry_v15_20260930,shallow_m1024_r2,relaxation:loss,;architecture_dynamics_dynamics_unresolved
final_geometry_v15_20260930,shallow_m1024_r2,relaxation:train_logit,;architecture_dynamics_dynamics_unresolved
final_geometry_v15_20260930,shallow_m1024_r2,relaxation:test_probability,;architecture_dynamics_dynamics_unresolved
final_geometry_v15_20260930,shallow_m1024_r2,relaxation:interaction,;architecture_dynamics_dynamics_unresolved
final_geometry_v15_20260930,shallow_m4096_r0,relaxation:loss,;architecture_dynamics_dynamics_unresolved
final_geometry_v15_20260930,shallow_m4096_r0,relaxation:train_logit,;architecture_dynamics_dynamics_unresolved
final_geometry_v15_20260930,shallow_m4096_r0,relaxation:test_probability,;architecture_dynamics_dynamics_unresolved
final_geometry_v15_20260930,shallow_m4096_r0,relaxation:interaction,;architecture_dynamics_dynamics_unresolved
final_geometry_v15_20260930,shallow_m4096_r1,relaxation:loss,;architecture_dynamics_dynamics_unresolved
final_geometry_v15_20260930,shallow_m4096_r1,relaxation:train_logit,;architecture_dynamics_dynamics_unresolved
final_geometry_v15_20260930,shallow_m4096_r1,relaxation:test_probability,;architecture_dynamics_dynamics_unresolved
final_geometry_v15_20260930,shallow_m4096_r1,relaxation:interaction,;architecture_dynamics_dynamics_unresolved
final_geometry_v15_20260930,shallow_m4096_r2,relaxation:loss,;architecture_dynamics_dynamics_unresolved
final_geometry_v15_20260930,shallow_m4096_r2,relaxation:train_logit,;architecture_dynamics_dynamics_unresolved
final_geometry_v15_20260930,shallow_m4096_r2,relaxation:test_probability,;architecture_dynamics_dynamics_unresolved
final_geometry_v15_20260930,shallow_m4096_r2,relaxation:interaction,;architecture_dynamics_dynamics_unresolved
final_geometry_v15_20260930,deep_m0032_r0,relaxation:loss,;architecture_dynamics_dynamics_unresolved
final_geometry_v15_20260930,deep_m0032_r0,relaxation:train_logit,;architecture_dynamics_dynamics_unresolved
final_geometry_v15_20260930,deep_m0032_r0,relaxation:test_probability,;architecture_dynamics_dynamics_unresolved
final_geometry_v15_20260930,deep_m0032_r0,relaxation:interaction,;architecture_dynamics_dynamics_unresolved
final_geometry_v15_20260930,deep_m0032_r1,relaxation:loss,;architecture_dynamics_dynamics_unresolved
final_geometry_v15_20260930,deep_m0032_r1,relaxation:train_logit,;architecture_dynamics_dynamics_unresolved
final_geometry_v15_20260930,deep_m0032_r1,relaxation:test_probability,;architecture_dynamics_dynamics_unresolved
final_geometry_v15_20260930,deep_m0032_r1,relaxation:interaction,;architecture_dynamics_dynamics_unresolved
final_geometry_v15_20260930,deep_m0032_r2,relaxation:loss,;architecture_dynamics_dynamics_unresolved
final_geometry_v15_20260930,deep_m0032_r2,relaxation:train_logit,;architecture_dynamics_dynamics_unresolved
final_geometry_v15_20260930,deep_m0032_r2,relaxation:test_probability,;architecture_dynamics_dynamics_unresolved
final_geometry_v15_20260930,deep_m0032_r2,relaxation:interaction,;architecture_dynamics_dynamics_unresolved
final_geometry_v15_20260930,deep_m0064_r0,relaxation:loss,;architecture_dynamics_dynamics_unresolved
final_geometry_v15_20260930,deep_m0064_r0,relaxation:train_logit,;architecture_dynamics_dynamics_unresolved
final_geometry_v15_20260930,deep_m0064_r0,relaxation:test_probability,;architecture_dynamics_dynamics_unresolved
final_geometry_v15_20260930,deep_m0064_r0,relaxation:interaction,;architecture_dynamics_dynamics_unresolved
final_geometry_v15_20260930,deep_m0064_r1,relaxation:loss,;architecture_dynamics_dynamics_unresolved
final_geometry_v15_20260930,deep_m0064_r1,relaxation:train_logit,;architecture_dynamics_dynamics_unresolved
final_geometry_v15_20260930,deep_m0064_r1,relaxation:test_probability,;architecture_dynamics_dynamics_unresolved
final_geometry_v15_20260930,deep_m0064_r1,relaxation:interaction,;architecture_dynamics_dynamics_unresolved
final_geometry_v15_20260930,deep_m0064_r2,relaxation:loss,;architecture_dynamics_dynamics_unresolved
final_geometry_v15_20260930,deep_m0064_r2,relaxation:train_logit,;architecture_dynamics_dynamics_unresolved
final_geometry_v15_20260930,deep_m0064_r2,relaxation:test_probability,;architecture_dynamics_dynamics_unresolved
final_geometry_v15_20260930,deep_m0064_r2,relaxation:interaction,;architecture_dynamics_dynamics_unresolved
final_geometry_v15_20260930,deep_m0128_r0,relaxation:loss,;architecture_dynamics_dynamics_unresolved
final_geometry_v15_20260930,deep_m0128_r0,relaxation:train_logit,;architecture_dynamics_dynamics_unresolved
final_geometry_v15_20260930,deep_m0128_r0,relaxation:test_probability,;architecture_dynamics_dynamics_unresolved
final_geometry_v15_20260930,deep_m0128_r0,relaxation:interaction,;architecture_dynamics_dynamics_unresolved
final_geometry_v15_20260930,deep_m0128_r1,relaxation:loss,;architecture_dynamics_dynamics_unresolved
final_geometry_v15_20260930,deep_m0128_r1,relaxation:train_logit,;architecture_dynamics_dynamics_unresolved
final_geometry_v15_20260930,deep_m0128_r1,relaxation:test_probability,;architecture_dynamics_dynamics_unresolved
final_geometry_v15_20260930,deep_m0128_r1,relaxation:interaction,;architecture_dynamics_dynamics_unresolved
final_geometry_v15_20260930,deep_m0128_r2,relaxation:loss,;architecture_dynamics_dynamics_unresolved
final_geometry_v15_20260930,deep_m0128_r2,relaxation:train_logit,;architecture_dynamics_dynamics_unresolved
final_geometry_v15_20260930,deep_m0128_r2,relaxation:test_probability,;architecture_dynamics_dynamics_unresolved
final_geometry_v15_20260930,deep_m0128_r2,relaxation:interaction,;architecture_dynamics_dynamics_unresolved
final_geometry_v15_20260930,deep_m0256_r0,relaxation:loss,;architecture_dynamics_dynamics_unresolved
final_geometry_v15_20260930,deep_m0256_r0,relaxation:train_logit,;architecture_dynamics_dynamics_unresolved
final_geometry_v15_20260930,deep_m0256_r0,relaxation:test_probability,;architecture_dynamics_dynamics_unresolved
final_geometry_v15_20260930,deep_m0256_r0,relaxation:interaction,;architecture_dynamics_dynamics_unresolved
final_geometry_v15_20260930,deep_m0256_r1,relaxation:loss,;architecture_dynamics_dynamics_unresolved
final_geometry_v15_20260930,deep_m0256_r1,relaxation:train_logit,;architecture_dynamics_dynamics_unresolved
final_geometry_v15_20260930,deep_m0256_r1,relaxation:test_probability,;architecture_dynamics_dynamics_unresolved
final_geometry_v15_20260930,deep_m0256_r1,relaxation:interaction,;architecture_dynamics_dynamics_unresolved
final_geometry_v15_20260930,deep_m0256_r2,relaxation:loss,;architecture_dynamics_dynamics_unresolved
final_geometry_v15_20260930,deep_m0256_r2,relaxation:train_logit,;architecture_dynamics_dynamics_unresolved
final_geometry_v15_20260930,deep_m0256_r2,relaxation:test_probability,;architecture_dynamics_dynamics_unresolved
final_geometry_v15_20260930,deep_m0256_r2,relaxation:interaction,;architecture_dynamics_dynamics_unresolved
final_geometry_v15_20260930,shallow_m0064_r0,entropy:interaction,"incomplete:interaction_0@t=+1,interaction_2@t=-1,interaction_3@t=-1,interaction_3@t=+1"
final_geometry_v15_20260930,shallow_m0064_r1,entropy:interaction,"incomplete:interaction_0@t=-1,interaction_1@t=-1,interaction_1@t=+1,interaction_2@t=-1,interaction_3@t=-1"
final_geometry_v15_20260930,shallow_m0064_r2,entropy:interaction,"incomplete:interaction_0@t=-1,interaction_0@t=+1,interaction_2@t=-1,interaction_2@t=+1,interaction_3@t=-1,interaction_3@t=+1"
final_geometry_v15_20260930,shallow_m0256_r0,entropy:interaction,"incomplete:interaction_1@t=-1,interaction_1@t=+1,interaction_2@t=-1,interaction_3@t=+1"
final_geometry_v15_20260930,shallow_m0256_r1,entropy:interaction,"incomplete:interaction_0@t=+1,interaction_1@t=-1,interaction_1@t=+1,interaction_2@t=-1"
final_geometry_v15_20260930,shallow_m0256_r2,entropy:interaction,"incomplete:interaction_0@t=-1,interaction_0@t=+1,interaction_2@t=-1,interaction_2@t=+1,interaction_3@t=-1,interaction_3@t=+1"
final_geometry_v15_20260930,shallow_m1024_r0,entropy:interaction,"incomplete:interaction_0@t=+1,interaction_1@t=+1,interaction_3@t=-1,interaction_3@t=+1"
final_geometry_v15_20260930,shallow_m1024_r1,entropy:interaction,"incomplete:interaction_0@t=+1,interaction_2@t=-1,interaction_2@t=+1,interaction_3@t=+1"
final_geometry_v15_20260930,shallow_m1024_r2,entropy:interaction,"incomplete:interaction_0@t=-1,interaction_0@t=+1,interaction_1@t=-1,interaction_2@t=-1,interaction_3@t=-1,interaction_3@t=+1"
final_geometry_v15_20260930,shallow_m4096_r0,entropy:interaction,"incomplete:interaction_0@t=+1,interaction_1@t=-1,interaction_2@t=-1,interaction_2@t=+1,interaction_3@t=-1,interaction_3@t=+1"
final_geometry_v15_20260930,shallow_m4096_r1,entropy:interaction,"incomplete:interaction_0@t=-1,interaction_1@t=-1"
final_geometry_v15_20260930,shallow_m4096_r2,entropy:loss,incomplete:V@t=+1
final_geometry_v15_20260930,shallow_m4096_r2,entropy:interaction,"incomplete:interaction_0@t=-1,interaction_1@t=+1,interaction_3@t=-1,interaction_3@t=+1"
final_geometry_v15_20260930,deep_m0032_r0,entropy:interaction,"incomplete:interaction_0@t=-1,interaction_1@t=-1,interaction_1@t=+1,interaction_3@t=-1,interaction_3@t=+1"
final_geometry_v15_20260930,deep_m0032_r1,entropy:train_logit,incomplete:train_logit_0@t=+1
final_geometry_v15_20260930,deep_m0032_r1,entropy:interaction,"incomplete:interaction_1@t=-1,interaction_1@t=+1,interaction_3@t=-1,interaction_3@t=+1"
final_geometry_v15_20260930,deep_m0032_r2,entropy:loss,incomplete:V@t=-1
final_geometry_v15_20260930,deep_m0032_r2,entropy:interaction,"incomplete:interaction_0@t=-1,interaction_2@t=-1,interaction_2@t=+1,interaction_3@t=-1,interaction_3@t=+1"
final_geometry_v15_20260930,deep_m0064_r0,entropy:interaction,"incomplete:interaction_0@t=+1,interaction_1@t=+1,interaction_2@t=-1,interaction_2@t=+1,interaction_3@t=-1,interaction_3@t=+1"
final_geometry_v15_20260930,deep_m0064_r1,entropy:interaction,"incomplete:interaction_0@t=+1,interaction_1@t=+1,interaction_3@t=-1,interaction_3@t=+1"
final_geometry_v15_20260930,deep_m0064_r2,entropy:interaction,"incomplete:interaction_0@t=-1,interaction_1@t=-1,interaction_2@t=+1,interaction_3@t=-1"
final_geometry_v15_20260930,deep_m0128_r0,entropy:loss,incomplete:V@t=+1
final_geometry_v15_20260930,deep_m0128_r0,entropy:interaction,"incomplete:interaction_0@t=+1,interaction_1@t=-1"
final_geometry_v15_20260930,deep_m0128_r1,entropy:interaction,"incomplete:interaction_1@t=-1,interaction_2@t=-1,interaction_2@t=+1"
final_geometry_v15_20260930,deep_m0128_r2,entropy:interaction,"incomplete:interaction_1@t=-1,interaction_1@t=+1,interaction_2@t=-1,interaction_3@t=-1"
final_geometry_v15_20260930,deep_m0256_r0,entropy:loss,incomplete:V@t=+1
final_geometry_v15_20260930,deep_m0256_r0,entropy:interaction,"incomplete:interaction_0@t=+1,interaction_3@t=-1,interaction_3@t=+1"
final_geometry_v15_20260930,deep_m0256_r1,entropy:interaction,"incomplete:interaction_0@t=-1,interaction_1@t=+1,interaction_2@t=-1,interaction_2@t=+1,interaction_3@t=-1,interaction_3@t=-0.5,interaction_3@t=+1"
final_geometry_v15_20260930,deep_m0256_r2,entropy:interaction,"incomplete:interaction_0@t=+1,interaction_1@t=-1,interaction_3@t=+1"
