campaign_id,target_id,replicate,architecture,L,m,p,n,d,sigma,target_hash,head_center_norm,reference_status,reference_budget_exhausted,step_calibration,dynamics_final_h,dynamics_architecture_status,dynamics_stage_pass,entropy_families_valid,entropy_families_total,static_pass,spectral_inspected,spectral_exits,predictive_status,errors,law_static
final_geometry_v15_20260930,shallow_m0064_r0,0,shallow,2,64,2112,128,32,1.0,71538f5fc37b1391ecadd17c52b8587909347d90439f7dcd7fdebf72a743c41f,1.0,reference_pass,False,calibrated,0.01,dynamics_unresolved,True,2,3,False,,,ok,0,full_posterior
final_geometry_v15_20260930,shallow_m0064_r1,1,shallow,2,64,2112,128,32,1.0,2ebbaf17c0b875a151400adfe0c20fdcca7ef1fee9db82b7da14f8303c6ed54d,1.0,reference_pass,False,calibrated,0.01,dynamics_unresolved,True,2,3,False,,,ok,0,full_posterior
final_geometry_v15_20260930,shallow_m0064_r2,2,shallow,2,64,2112,128,32,1.0,fc9da6235fb1548d828cf68d55d93c2f858e835b161969d4cc33b00e5e83b603,1.0,reference_pass,False,calibrated,0.01,dynamics_unresolved,True,2,3,False,,,ok,0,full_posterior
final_geometry_v15_20260930,shallow_m0256_r0,0,shallow,2,256,8448,128,32,1.0,5ffcf34dcb33edbff8ac327910bb107a5523c19a0d0683299bb0c37d97e4b101,1.0,reference_pass,False,calibrated,0.01,dynamics_unresolved,True,2,3,False,,,ok,0,full_posterior
final_geometry_v15_20260930,shallow_m0256_r1,1,shallow,2,256,8448,128,32,1.0,8f5887633c4c57f2ac0982e01a15dae641286ed569accf33e93d0425c2b98209,1.0,reference_pass,False,calibrated,0.01,dynamics_unresolved,True,2,3,False,,,ok,0,full_posterior
final_geometry_v15_20260930,shallow_m0256_r2,2,shallow,2,256,8448,128,32,1.0,2b0a25edaba13f9bb4eae0a84a065effa6848903405ea8fc1871d85b581b5ff9,1.0,reference_pass,False,calibrated,0.01,dynamics_unresolved,True,2,3,False,,,ok,0,full_posterior
final_geometry_v15_20260930,shallow_m1024_r0,0,shallow,2,1024,33792,128,32,1.0,02cdf7a9fb4a8ebea158d555e3da7f259fe2d98afd52f242938d3e8f57697d6a,1.0,reference_pass,False,calibrated,0.01,dynamics_unresolved,True,2,3,False,,,ok,0,full_posterior
final_geometry_v15_20260930,shallow_m1024_r1,1,shallow,2,1024,33792,128,32,1.0,75855771a1231e62e6e66f10e2f0fc9a96b653fa2c1e6c16aa05920b18f8825c,1.0,reference_pass,False,calibrated,0.01,dynamics_unresolved,True,2,3,False,,,ok,0,full_posterior
final_geometry_v15_20260930,shallow_m1024_r2,2,shallow,2,1024,33792,128,32,1.0,61fa5b97160a40ea4623d9b0909f5c6bd1efc198e054db5ea14dff80a68ca165,1.0,reference_pass,False,calibrated,0.01,dynamics_unresolved,True,2,3,False,,,ok,0,full_posterior
final_geometry_v15_20260930,shallow_m4096_r0,0,shallow,2,4096,135168,128,32,1.0,8a6220ba8b63029337f3aba7bf23ad58f356eb9ebe1053d6e3e3fcf5e1c55e2a,1.0,reference_pass,False,calibrated,0.01,dynamics_unresolved,True,2,3,False,,,ok,0,full_posterior
final_geometry_v15_20260930,shallow_m4096_r1,1,shallow,2,4096,135168,128,32,1.0,2d18a154c082aebdf0c7dff9779adbab12358b1b72ad29a412f3643b39e3fb64,1.0,reference_pass,False,calibrated,0.01,dynamics_unresolved,True,2,3,False,,,ok,0,full_posterior
final_geometry_v15_20260930,shallow_m4096_r2,2,shallow,2,4096,135168,128,32,1.0,8c615bef38ec1c9a9068713982d858e21e32dae4d6bf4d65ddce5685b8944212,1.0,reference_pass,False,calibrated,0.01,dynamics_unresolved,True,1,3,False,,,ok,0,full_posterior
final_geometry_v15_20260930,deep_m0032_r0,0,deep,3,32,2080,128,32,1.0,af056e127c02b019412d5384149e30d1e6c85b146336ef076ef6b326c05fe260,0.9999999999999999,reference_pass,False,calibrated,0.01,dynamics_unresolved,True,2,3,False,16384.0,0.0,ok,0,conditional_G_2.5
final_geometry_v15_20260930,deep_m0032_r1,1,deep,3,32,2080,128,32,1.0,662315e3af404632a903759afc0db53d7616be0be60d5bbeff2faff490855fed,0.9999999999999999,reference_pass,False,calibrated,0.01,dynamics_unresolved,True,1,3,False,16384.0,0.0,ok,0,conditional_G_2.5
final_geometry_v15_20260930,deep_m0032_r2,2,deep,3,32,2080,128,32,1.0,e1bd5b82d8da839a2fc5ffa8fd46793eab0e499a09e69bcda3048c51750c1a05,0.9999999999999999,reference_pass,False,calibrated,0.01,dynamics_unresolved,True,1,3,False,16384.0,0.0,ok,0,conditional_G_2.5
final_geometry_v15_20260930,deep_m0064_r0,0,deep,3,64,6208,128,32,1.0,981c8c16f8288893162866a44dc7f238a562d94baba61c4736c9e2c0a9aaafac,1.0,reference_pass,False,calibrated,0.01,dynamics_unresolved,True,2,3,False,16384.0,0.0,ok,0,conditional_G_2.5
final_geometry_v15_20260930,deep_m0064_r1,1,deep,3,64,6208,128,32,1.0,cffc441cee2bd015a78c885c0750263a0ede3b1b8b3eb5af88b7ed906fea8e96,1.0,reference_pass,False,calibrated,0.01,dynamics_unresolved,True,2,3,False,16384.0,0.0,ok,0,conditional_G_2.5
final_geometry_v15_20260930,deep_m0064_r2,2,deep,3,64,6208,128,32,1.0,5e7e9d9b0e46c28d13a71799ccda6b52c4855a61024370dac3c38fe8cb82e7c3,1.0,reference_pass,False,calibrated,0.01,dynamics_unresolved,True,2,3,False,16384.0,0.0,ok,0,conditional_G_2.5
final_geometry_v15_20260930,deep_m0128_r0,0,deep,3,128,20608,128,32,1.0,a3fbfe3694a6d3a7a8f724b8f6e362367e3afc7860a1c5f1481a53f3e86fcfbf,0.9999999999999999,reference_pass,False,calibrated,0.01,dynamics_unresolved,True,1,3,False,16384.0,0.0,ok,0,conditional_G_2.5
final_geometry_v15_20260930,deep_m0128_r1,1,deep,3,128,20608,128,32,1.0,12140e25162df7ed81599a111742b07052ef21dac4d3086bb8a4c937317db44a,0.9999999999999999,reference_pass,False,calibrated,0.01,dynamics_unresolved,True,2,3,False,16384.0,0.0,ok,0,conditional_G_2.5
final_geometry_v15_20260930,deep_m0128_r2,2,deep,3,128,20608,128,32,1.0,ab9e24560eea0ddc4fd775ee6d516b1daa269452cd648f2739f422995dd944b3,0.9999999999999999,reference_pass,False,calibrated,0.01,dynamics_unresolved,True,2,3,False,16384.0,0.0,ok,0,conditional_G_2.5
final_geometry_v15_20260930,deep_m0256_r0,0,deep,3,256,73984,128,32,1.0,2814b4d76a9cc9419ec01ed447161e8acf050a7bbe1b8e92bdfa0e832e724270,1.0,reference_pass,False,calibrated,0.01,dynamics_unresolved,True,1,3,False,16384.0,0.0,ok,0,conditional_G_2.5
final_geometry_v15_20260930,deep_m0256_r1,1,deep,3,256,73984,128,32,1.0,09d81740c09e1434a4c78134a13a48b854f29cf5822e72d75983713cdb747963,1.0,reference_pass,False,calibrated,0.01,dynamics_unresolved,True,2,3,False,16384.0,0.0,ok,0,conditional_G_2.5
final_geometry_v15_20260930,deep_m0256_r2,2,deep,3,256,73984,128,32,1.0,7d2b17335b5ae481f00e8793369fbe114f3ea563c80b91b01102266c3ab73d1e,1.0,reference_pass,False,calibrated,0.01,dynamics_unresolved,True,2,3,False,16384.0,0.0,ok,0,conditional_G_2.5
