experiment,architecture,replicate,family,law,narrow_estimate,wide_estimate,estimate,validity,mcse,mc_low,mc_high
relaxation,shallow,0,loss,full_posterior,0.48151511262187296,0.3592131104694562,0.7460058906843515,False,0.06441185633441371,0.6849936630816225,0.9288694946752694
relaxation,shallow,0,train_logit,full_posterior,0.4712255269704868,0.44593847625011607,0.9463376891253293,False,0.09924783388668913,0.6988921450440732,1.0986575360217619
relaxation,shallow,0,test_probability,full_posterior,0.47406936635680424,0.45602660884519775,0.961940680431929,False,0.1021347309793123,0.7677438483898674,1.1707152503823735
relaxation,shallow,0,interaction,full_posterior,0.5704233753078448,0.48550158495270146,0.8511249818447343,False,0.10632058455792964,0.7010732720736284,1.1100253303022094
entropy,shallow,0,loss,full_posterior,0.3283062491119666,0.3065154363189593,0.9336265671093708,True,0.07841010043673527,0.7894694874561301,1.0849206229664632
static_pi,shallow,0,loss,full_posterior,0.30606120488697464,0.28800164159755637,0.9409936215336815,True,0.0265484994041742,0.8975401271600519,1.0019262936142859
entropy,shallow,0,train_logit,full_posterior,0.3308486055364598,0.37430980350864185,1.1313627962908026,True,0.07756446323129874,0.922392944272725,1.2389497302017232
static_pi,shallow,0,train_logit,full_posterior,0.35550167102263164,0.3472889286655307,0.976898161031209,True,0.03441972860115883,0.9177553365321367,1.0461612871346324
entropy,shallow,0,interaction,full_posterior,0.6234673992525335,0.5802990987451238,0.9307609338368557,False,0.18104138783289303,0.6980546528282339,1.3980239519142457
static_pi,shallow,0,interaction,full_posterior,0.475666805429548,0.4464617423533389,0.9386018474637186,True,0.052537668266818625,0.8849700113761163,1.089670616470248
relaxation,shallow,1,loss,full_posterior,0.5644207452924861,0.38957080142599104,0.6902134704919699,False,0.05615772628866379,0.5943595703376945,0.8146462235023253
relaxation,shallow,1,train_logit,full_posterior,0.5460592535467426,0.4246047518470512,0.7775799953744491,False,0.10129531022414069,0.6562734274344729,1.0473906795586765
relaxation,shallow,1,test_probability,full_posterior,0.548976113123889,0.47431885715378064,0.8640063671526993,False,0.08212884740411196,0.7030898178431212,1.0366394024571817
relaxation,shallow,1,interaction,full_posterior,0.6911489797127807,0.486268930595558,0.7035660109020717,False,0.08221961258365049,0.5670392030282113,0.8766920658771021
entropy,shallow,1,loss,full_posterior,0.3202864359509281,0.28666087371377014,0.8950140921911853,True,0.045846145346622166,0.8249313508423857,0.9953353510468829
static_pi,shallow,1,loss,full_posterior,0.32394957378061817,0.295116703511699,0.9109958073646206,True,0.029238498576836996,0.8476450744486772,0.9624312403582187
entropy,shallow,1,train_logit,full_posterior,0.3636041499344802,0.36138615035465316,0.993899960767151,True,0.0649425095322219,0.8839548170306942,1.1494451823260898
static_pi,shallow,1,train_logit,full_posterior,0.35770162490287954,0.3758507867294071,1.0507382705668593,True,0.041636052764863075,0.9507883118712652,1.1082037127200135
entropy,shallow,1,interaction,full_posterior,0.5938387760428543,0.5184980765801718,0.8731293702901517,False,0.10346091862244897,0.6234481403898291,1.063739113519122
static_pi,shallow,1,interaction,full_posterior,0.5293677258426617,0.452072347406154,0.8539854723605093,True,0.04404523209014696,0.8026659024736514,0.9658728444714326
relaxation,shallow,2,loss,full_posterior,0.4699350727692992,0.37696402703859966,0.802161934450164,False,0.0550096095825821,0.7329806041935053,0.9505266898618442
relaxation,shallow,2,train_logit,full_posterior,0.5329835745494728,0.4369873313195776,0.8198889275133102,False,0.08687310188850297,0.6785824325359427,1.0277406785915135
relaxation,shallow,2,test_probability,full_posterior,0.5496130697563306,0.45903993923402586,0.8352056464696881,False,0.10471985710647487,0.7096351331896744,1.1432339497719446
relaxation,shallow,2,interaction,full_posterior,0.6235237978419885,0.4458625553580752,0.7150690268778872,False,0.08800809204981068,0.626089078153533,0.9453959294370474
entropy,shallow,2,loss,full_posterior,0.3136321482309248,0.31008100796526594,0.9886773716097363,False,0.06990874636212334,0.8698494923667458,1.1340451110213692
static_pi,shallow,2,loss,full_posterior,0.3130527632009278,0.2894348070000271,0.9245559887112643,True,0.028479295340391078,0.8681926381686128,0.9853507339267175
entropy,shallow,2,train_logit,full_posterior,0.3879058760195512,0.3643822420796776,0.939357366324897,True,0.057156436520098296,0.8560465378368901,1.0893383048488068
static_pi,shallow,2,train_logit,full_posterior,0.3835151267760828,0.3735298615371686,0.9739638294769423,True,0.030422272547546717,0.8987674371761258,1.0261233217503305
entropy,shallow,2,interaction,full_posterior,0.6047131893572404,0.5499786809047622,0.9094868287714108,False,0.13369566540212605,0.6881979635459039,1.2371227839913008
static_pi,shallow,2,interaction,full_posterior,0.4542428765617932,0.44637056569070377,0.9826693795824039,True,0.0470234269563123,0.8985148385500623,1.0828724130684804
relaxation,deep,0,loss,full_posterior,0.6052976044802441,0.28417790174827384,0.46948459674194687,False,0.0420277023092095,0.41016822890678456,0.5789661436529957
relaxation,deep,0,train_logit,full_posterior,0.3615174854833815,0.2852042438958808,0.7889085738537294,False,0.07157396925829143,0.6514311172907769,0.9395498252783282
relaxation,deep,0,test_probability,full_posterior,0.4498802604163047,0.3195838479171832,0.7103753510355191,False,0.059947075936866275,0.6140959004942208,0.8570973871172635
relaxation,deep,0,interaction,full_posterior,0.5427405651041475,0.5432382058007441,1.0009169034499958,False,0.09491496039498606,0.7653846649422991,1.1477249050786835
entropy,deep,0,loss,conditional_G_2.5,0.29776965925790966,0.2379403515162895,0.7990752050067005,False,0.0608999992054036,0.725467403164747,0.9562105810813731
static_pi,deep,0,loss,full_posterior,0.2933175081563379,0.24205245943382947,0.8252233593393811,True,0.028159851477714787,0.7718377103512416,0.8742256904134865
entropy,deep,0,train_logit,conditional_G_2.5,0.2603160781911079,0.2533168912722626,0.9731127367641619,True,0.06025538132572774,0.8457715105751009,1.0863317589641976
static_pi,deep,0,train_logit,full_posterior,0.25453448266308004,0.2520273130115487,0.9901499803669036,True,0.0331040956999648,0.9137265920232969,1.044437041737478
entropy,deep,0,interaction,conditional_G_2.5,0.564160205182916,0.5881922478042656,1.0425979046387326,False,0.13940205496694402,0.7760343944073453,1.3916649197104765
static_pi,deep,0,interaction,full_posterior,0.4955502811510365,0.47958238920478813,0.9677774535630188,True,0.04762201146197451,0.8623309405670795,1.0432369208918526
relaxation,deep,1,loss,full_posterior,0.6165168500634806,0.3476409773547322,0.5638791175276666,False,0.03717700376358487,0.49698345733878274,0.645146065522318
relaxation,deep,1,train_logit,full_posterior,0.47963973229969226,0.296192565390769,0.6175313374699735,False,0.05025820104839858,0.5262473345916736,0.723659922518827
relaxation,deep,1,test_probability,full_posterior,0.47237976962832684,0.32765055484501915,0.6936168225468629,False,0.057184621762440664,0.577788291994384,0.8012366356400529
relaxation,deep,1,interaction,full_posterior,0.6763321682455593,0.5027406163496098,0.7433338823048221,False,0.08807697361847282,0.6050363772449667,0.949319543214404
entropy,deep,1,loss,conditional_G_2.5,0.33006585163934876,0.24905464576757186,0.7545604749191231,True,0.03545433301531574,0.6956734233872306,0.8359839237345831
static_pi,deep,1,loss,full_posterior,0.3298271051841615,0.24595931070687838,0.7457219459557307,True,0.024672304570366458,0.7020456742721103,0.7965723705708011
entropy,deep,1,train_logit,conditional_G_2.5,0.28135511093622856,0.26382273583707316,0.9376859548034681,False,0.061691702700426725,0.8358193300642187,1.0772223956696942
static_pi,deep,1,train_logit,full_posterior,0.2702719882025413,0.26714509546496074,0.9884305704102888,True,0.037946928560650975,0.910972431569227,1.0540199600797187
entropy,deep,1,interaction,conditional_G_2.5,0.7198308472188671,0.5442587643283878,0.7560925826271293,False,0.10409746491449996,0.6795574294638014,1.0805205703333536
static_pi,deep,1,interaction,full_posterior,0.5050665614733887,0.47723731236027866,0.9448998384848007,True,0.06222238574766114,0.7818618529886638,1.0243364177248657
relaxation,deep,2,loss,full_posterior,0.6168402064599716,0.33451476727841695,0.5423037664781738,False,0.0403310006145441,0.4719438694047359,0.6212872455935822
relaxation,deep,2,train_logit,full_posterior,0.47368145039004894,0.30039906802895194,0.6341795056183663,False,0.0997436922224795,0.5937049597586131,0.9859619849915809
relaxation,deep,2,test_probability,full_posterior,0.43562337221745595,0.31565547515812953,0.7246063808545138,False,0.08001729980569401,0.5420269756246054,0.868809665972224
relaxation,deep,2,interaction,full_posterior,0.5511109289022431,0.506165902221171,0.9184464972041145,False,0.11387913671071381,0.7433822439696143,1.192765933783498
entropy,deep,2,loss,conditional_G_2.5,0.3243525408658113,0.22389653606643253,0.6902875971582456,False,0.051166823234769294,0.6194837450579871,0.8155590619173416
static_pi,deep,2,loss,full_posterior,0.307790714028474,0.22946137146847576,0.7455110274939876,True,0.027559511385634776,0.6927621873975598,0.802421415822367
entropy,deep,2,train_logit,conditional_G_2.5,0.25914695899010814,0.2680373022932482,1.0343061841735885,True,0.06639300468079104,0.8556084902666258,1.1063310903631045
static_pi,deep,2,train_logit,full_posterior,0.28139572853293987,0.26168510029671366,0.9299540602873121,True,0.033154641636653236,0.8525547228522798,0.9849030496921497
entropy,deep,2,interaction,conditional_G_2.5,0.642844600633949,0.6080939429438688,0.9459423666998051,False,0.14073637285916243,0.717390246211267,1.2398589334142769
static_pi,deep,2,interaction,full_posterior,0.5217912532828126,0.478095565915223,0.916258298519415,True,0.05580249367229662,0.8150571478218944,1.0231386620925498
