architecture,replicate,lag,m_min,m_max,rho_m_min,rho_m_max,delta
shallow,0,25,64,4096,0.48833550279824484,0.4422532996141064,-0.046082203184138415
shallow,1,25,64,4096,0.5206718497819137,0.4727408380258346,-0.04793101175607911
shallow,2,25,64,4096,0.5030925025041417,0.460575939787431,-0.042516562716710726
shallow,0,50,64,4096,0.28109583441215574,0.22443683760576397,-0.056658996806391776
shallow,1,50,64,4096,0.3140367468160181,0.2514500863654914,-0.06258666045052674
shallow,2,50,64,4096,0.2932510791714083,0.23580623957332186,-0.05744483959808644
shallow,0,100,64,4096,0.11945228377110195,0.07735788973290732,-0.042094394038194635
shallow,1,100,64,4096,0.14068420911989377,0.0932664629360491,-0.04741774618384467
shallow,2,100,64,4096,0.12374573309395308,0.08870536741924101,-0.03504036567471207
shallow,0,200,64,4096,0.027448743785563647,0.011452038400156423,-0.015996705385407223
shallow,1,200,64,4096,0.028479139771819248,0.009930497384795308,-0.018548642387023938
shallow,2,200,64,4096,0.03541699605933382,0.010231403618391073,-0.025185592440942747
shallow,0,400,64,4096,0.013893245282586857,-0.003821875584246346,-0.017715120866833203
shallow,1,400,64,4096,-0.013059368649086857,-0.003538061581136109,0.009521307067950749
shallow,2,400,64,4096,0.003458574408746579,-0.0015648133229315686,-0.005023387731678148
deep,0,25,32,256,0.5236221644746437,0.38334667559474067,-0.14027548887990304
deep,1,25,32,256,0.5758254528309862,0.4195849018074084,-0.1562405510235778
deep,2,25,32,256,0.5601263360533637,0.3999809967080333,-0.16014533934533043
deep,0,50,32,256,0.33778503248868014,0.17325381335507137,-0.16453121913360877
deep,1,50,32,256,0.39646186542019296,0.21408744760121426,-0.1823744178189787
deep,2,50,32,256,0.37546210853134127,0.19521349393613593,-0.18024861459520533
deep,0,100,32,256,0.1642587094244727,0.030570970596719566,-0.13368773882775314
deep,1,100,32,256,0.2028544719904034,0.07479305777092461,-0.1280614142194788
deep,2,100,32,256,0.19463712271487243,0.06876050491480395,-0.12587661780006848
deep,0,200,32,256,0.06032886727877752,0.005572508438472785,-0.05475635884030474
deep,1,200,32,256,0.06629262124782653,0.011528811791766558,-0.05476380945605998
deep,2,200,32,256,0.06501735056693825,0.013648817321301247,-0.051368533245637005
deep,0,400,32,256,0.024022889365571124,0.009245273602308823,-0.014777615763262301
deep,1,400,32,256,0.003631583513969503,0.0060351725785602285,0.0024035890645907254
deep,2,400,32,256,0.016211042460029714,-0.01639081413133523,-0.03260185659136494
