architecture,m,replicate,lag,rho_replicate_mean
shallow,64,0,25,0.48833550279824484
shallow,64,0,50,0.28109583441215574
shallow,64,0,100,0.11945228377110195
shallow,64,0,200,0.027448743785563647
shallow,64,0,400,0.013893245282586857
shallow,64,1,25,0.5206718497819137
shallow,64,1,50,0.3140367468160181
shallow,64,1,100,0.14068420911989377
shallow,64,1,200,0.028479139771819248
shallow,64,1,400,-0.013059368649086857
shallow,64,2,25,0.5030925025041417
shallow,64,2,50,0.2932510791714083
shallow,64,2,100,0.12374573309395308
shallow,64,2,200,0.03541699605933382
shallow,64,2,400,0.003458574408746579
shallow,256,0,25,0.4633940553974377
shallow,256,0,50,0.24454898244462003
shallow,256,0,100,0.08402352950618897
shallow,256,0,200,0.02688025984995422
shallow,256,0,400,0.017049117862585523
shallow,256,1,25,0.4669137138661965
shallow,256,1,50,0.2435309072557889
shallow,256,1,100,0.09478117641069231
shallow,256,1,200,0.02870865865191487
shallow,256,1,400,-0.0046849078866229785
shallow,256,2,25,0.4668490029568163
shallow,256,2,50,0.2457847346420236
shallow,256,2,100,0.08662229049902377
shallow,256,2,200,0.023098804336131137
shallow,256,2,400,-0.00021157797127127013
shallow,1024,0,25,0.44810484656101907
shallow,1024,0,50,0.2351257310526268
shallow,1024,0,100,0.08867721844514523
shallow,1024,0,200,-0.0010319816057965067
shallow,1024,0,400,-0.0013967982423165825
shallow,1024,1,25,0.4692791927709249
shallow,1024,1,50,0.25550946608054903
shallow,1024,1,100,0.11704271579475206
shallow,1024,1,200,0.03279504790899761
shallow,1024,1,400,0.009072967788907784
shallow,1024,2,25,0.4661095138313205
shallow,1024,2,50,0.25143608228887415
shallow,1024,2,100,0.08269597548070684
shallow,1024,2,200,0.011586496999094177
shallow,1024,2,400,-0.006374312329646098
shallow,4096,0,25,0.4422532996141064
shallow,4096,0,50,0.22443683760576397
shallow,4096,0,100,0.07735788973290732
shallow,4096,0,200,0.011452038400156423
shallow,4096,0,400,-0.003821875584246346
shallow,4096,1,25,0.4727408380258346
shallow,4096,1,50,0.2514500863654914
shallow,4096,1,100,0.0932664629360491
shallow,4096,1,200,0.009930497384795308
shallow,4096,1,400,-0.003538061581136109
shallow,4096,2,25,0.460575939787431
shallow,4096,2,50,0.23580623957332186
shallow,4096,2,100,0.08870536741924101
shallow,4096,2,200,0.010231403618391073
shallow,4096,2,400,-0.0015648133229315686
deep,32,0,25,0.5236221644746437
deep,32,0,50,0.33778503248868014
deep,32,0,100,0.1642587094244727
deep,32,0,200,0.06032886727877752
deep,32,0,400,0.024022889365571124
deep,32,1,25,0.5758254528309862
deep,32,1,50,0.39646186542019296
deep,32,1,100,0.2028544719904034
deep,32,1,200,0.06629262124782653
deep,32,1,400,0.003631583513969503
deep,32,2,25,0.5601263360533637
deep,32,2,50,0.37546210853134127
deep,32,2,100,0.19463712271487243
deep,32,2,200,0.06501735056693825
deep,32,2,400,0.016211042460029714
deep,64,0,25,0.474816085882283
deep,64,0,50,0.26887730312844405
deep,64,0,100,0.12915070633272768
deep,64,0,200,0.03975332385438981
deep,64,0,400,0.004396928591022256
deep,64,1,25,0.5047361980614081
deep,64,1,50,0.29845040914492793
deep,64,1,100,0.13160373299319947
deep,64,1,200,0.03154829389467895
deep,64,1,400,0.004733073665532588
deep,64,2,25,0.4699214288648716
deep,64,2,50,0.2742385077003201
deep,64,2,100,0.10093150492195982
deep,64,2,200,0.016197711804105532
deep,64,2,400,0.007437927447137735
deep,128,0,25,0.4148358250692174
deep,128,0,50,0.21357699572356292
deep,128,0,100,0.07792507749226746
deep,128,0,200,0.02319061240783605
deep,128,0,400,0.0022411492199845696
deep,128,1,25,0.4594022895623983
deep,128,1,50,0.2566671162928929
deep,128,1,100,0.10471287783329347
deep,128,1,200,0.017441848607863762
deep,128,1,400,0.005853041235838236
deep,128,2,25,0.4243402158435246
deep,128,2,50,0.21269191010677987
deep,128,2,100,0.07264100495628155
deep,128,2,200,0.027304396289198264
deep,128,2,400,-0.0047256839715014085
deep,256,0,25,0.38334667559474067
deep,256,0,50,0.17325381335507137
deep,256,0,100,0.030570970596719566
deep,256,0,200,0.005572508438472785
deep,256,0,400,0.009245273602308823
deep,256,1,25,0.4195849018074084
deep,256,1,50,0.21408744760121426
deep,256,1,100,0.07479305777092461
deep,256,1,200,0.011528811791766558
deep,256,1,400,0.0060351725785602285
deep,256,2,25,0.3999809967080333
deep,256,2,50,0.19521349393613593
deep,256,2,100,0.06876050491480395
deep,256,2,200,0.013648817321301247
deep,256,2,400,-0.01639081413133523
