architecture,m,replicate,reference_status,V_rhat,V_ess_bulk,h,selected_transitions_per_chain,acceptance_fraction,spectral_inspected,spectral_exits,predictive_improvement_prior_minus_posterior_nls,predictive_improvement_mcse,loss_acf_check,source_status
shallow,64,0,reference_pass,1.001133148573277,4199.362762174539,0.01,102400,0.9929248046875,,,0.0705945214699725,0.0012161971625727,pass,recovered_existing_trace
shallow,64,1,reference_pass,1.0009623523084328,4198.740819114941,0.01,102400,0.9933642578125,,,0.1435258214611906,0.0012323770504397,pass,recovered_existing_trace
shallow,64,2,reference_pass,1.0006331357020632,4339.889133014393,0.01,102400,0.99312255859375,,,0.111719152025991,0.0011205579807713,pass,recovered_existing_trace
shallow,256,0,reference_pass,1.0009613783236353,5124.611231265614,0.01,102400,0.9931640625,,,0.0806801340854459,0.0011413742334559,pass,recovered_existing_trace
shallow,256,1,reference_pass,1.001649068198625,4953.141161725509,0.01,102400,0.99397216796875,,,0.1359840688301051,0.0013008996041767,pass,recovered_existing_trace
shallow,256,2,reference_pass,1.0006387898057998,5236.953654110537,0.01,102400,0.99358154296875,,,0.1181191705932762,0.0011340552494952,pass,recovered_existing_trace
shallow,1024,0,reference_pass,1.0005917356291911,5647.375154074033,0.01,102400,0.99352783203125,,,0.0773732212877409,0.0012446797356831,pass,recovered_existing_trace
shallow,1024,1,reference_pass,1.0011049708812505,4783.128674453501,0.01,102400,0.9940673828125,,,0.1375714400816654,0.0012839920208897,pass,recovered_existing_trace
shallow,1024,2,reference_pass,1.000169456323495,5549.295529635626,0.01,102400,0.99354248046875,,,0.1144339300032832,0.0012118027377691,pass,recovered_existing_trace
shallow,4096,0,reference_pass,1.0006542312293591,5709.119269687706,0.01,102400,0.9935986328125,,,0.0834226310543754,0.0011955812256823,pass,recovered_existing_trace
shallow,4096,1,reference_pass,1.0007041333907216,5212.7184904977175,0.01,102400,0.99402099609375,,,0.1390044834940773,0.0011377494442298,pass,recovered_existing_trace
shallow,4096,2,reference_pass,1.0010820853801876,5375.213450504577,0.01,102400,0.9937255859375,,,0.1143101661288047,0.0011386398995167,pass,recovered_existing_trace
deep,32,0,reference_pass,1.000741592361147,3334.858551916824,0.01,102400,0.98812744140625,16384.0,0.0,0.0594927610966361,0.0009990003852228,pass,recovered_existing_trace
deep,32,1,reference_pass,1.0028021435809211,3212.138831325377,0.01,102400,0.98807373046875,16384.0,0.0,0.1240945236845305,0.0010995523206284,pass,recovered_existing_trace
deep,32,2,reference_pass,1.0008134165218208,3309.256508180758,0.01,102400,0.9878466796875,16384.0,0.0,0.0908124170446774,0.0009493328773219,pass,recovered_existing_trace
deep,64,0,reference_pass,1.001002248944251,4388.365688104096,0.01,102400,0.989306640625,16384.0,0.0,0.0590682422325278,0.0010012899749215,pass,recovered_existing_trace
deep,64,1,reference_pass,1.000352868036055,4225.492180413922,0.01,102400,0.98950439453125,16384.0,0.0,0.1231661934450333,0.0010491329263149,pass,recovered_existing_trace
deep,64,2,reference_pass,1.000685390729329,5055.017842680861,0.01,102400,0.98908935546875,16384.0,0.0,0.0882633880604993,0.0009276846265294,pass,recovered_existing_trace
deep,128,0,reference_pass,1.0004444968678456,5624.011959635526,0.01,102400,0.98994384765625,16384.0,0.0,0.0554102411554711,0.0009783087053011,pass,recovered_existing_trace
deep,128,1,reference_pass,1.0004001735451562,4916.800746297628,0.01,102400,0.9898779296875,16384.0,0.0,0.1133819145825248,0.0009685923610288,pass,recovered_existing_trace
deep,128,2,reference_pass,1.0007316590966324,5634.848675698635,0.01,102400,0.990048828125,16384.0,0.0,0.0913527812475937,0.0009149325596721,pass,recovered_existing_trace
deep,256,0,reference_pass,1.0011956001948783,6897.835915460179,0.01,102400,0.989951171875,16384.0,0.0,0.0612221863146043,0.000910422995157,pass,recovered_existing_trace
deep,256,1,reference_pass,1.0002217073253237,5830.331505160259,0.01,102400,0.99020751953125,16384.0,0.0,0.1081575137435726,0.0009764656270919,pass,recovered_existing_trace
deep,256,2,reference_pass,1.0002914922761288,6118.75873650294,0.01,102400,0.99044921875,16384.0,0.0,0.09465010186817,0.0009159226340626,pass,recovered_existing_trace
