target_id,architecture,m,replicate,V_rhat,V_ess_bulk,V_ess_tail,V_mean,V_sd,acceptance_window_mean,acceptance_window_min_chain,max_split_half_shift_mcse,drift_flag,reference_status,N_per_chain,retained_per_chain,iteration_start,iteration_end,npz_sha256,check_status,check_reasons,analysis_scope
shallow_m0064_r0,shallow,64,0,1.001133148573277,4199.362762174539,10256.710217390606,70.34751361720392,3.9343982094485166,0.9929248046875,0.9925390625,1.1863823839446705,False,reference_pass,102400,102400,2001,104400,af1438f4f8d1a7f307a675af97fda85b625ff5ffd5da1babc4cce4fc50f7786e,pass,,fixed_step_discrete_sampler
shallow_m0064_r1,shallow,64,1,1.0009623523084328,4198.740819114941,10044.411956660042,54.942315464611305,4.493830042670476,0.9933642578124999,0.993251953125,2.292184213005468,False,reference_pass,102400,204800,104401,206800,f0a4ca1d59b3b80b1d41f6b81aebb5b6b4d438ec71c59bfc452b111d978ec768,pass,,fixed_step_discrete_sampler
shallow_m0064_r2,shallow,64,2,1.0006331357020632,4339.889133014393,10362.05868635572,66.1886891183671,4.197542866167677,0.9931225585937501,0.992890625,1.2715052875604238,False,reference_pass,102400,102400,2001,104400,4cd37f09f5a088d032c6a9805e4c6ae0eb3e87b6f1e6611189c176b36beaeef9,pass,,fixed_step_discrete_sampler
shallow_m0256_r0,shallow,256,0,1.0009613783236353,5124.611231265614,12758.16624682661,70.9121904690912,3.893753912385093,0.9931640625,0.992880859375,1.9851219190132083,False,reference_pass,102400,102400,2001,104400,4e69c95835d504c9920145ca59b23dab400ad4b0c12c90368073c89adb3c1340,pass,,fixed_step_discrete_sampler
shallow_m0256_r1,shallow,256,1,1.001649068198625,4953.141161725509,11913.634940854108,56.28349773173178,4.219527648595563,0.99397216796875,0.99376953125,2.689812033166927,False,reference_pass,102400,102400,2001,104400,1ae44cd23c75afcf05601db3b7d40065f4aa68ddba521d3347a095d306a2eea9,pass,,fixed_step_discrete_sampler
shallow_m0256_r2,shallow,256,2,1.0006387898057998,5236.953654110537,12478.726092697858,64.6963888751536,4.003542410628709,0.99358154296875,0.99326171875,2.027617667001898,False,reference_pass,102400,102400,2001,104400,3f9242a89817114a3cb6db4fbb698e69b41898236c976c281a4493ab0168545b,pass,,fixed_step_discrete_sampler
shallow_m1024_r0,shallow,1024,0,1.0005917356291913,5647.375154074033,13672.801084630055,70.1583970202865,3.825551841103354,0.99352783203125,0.99333984375,1.1565174022497264,False,reference_pass,102400,102400,2001,104400,032312eacbb94531124b7dfd0efd7356e209802e987cd363961d4f7781371850,pass,,fixed_step_discrete_sampler
shallow_m1024_r1,shallow,1024,1,1.0011049708812505,4783.128674453501,11494.992454445215,56.629573391450194,4.233757330730214,0.9940673828125,0.99380859375,2.668001322601528,False,reference_pass,102400,102400,2001,104400,2614be4cd64c0ab23a2d085db0e106998b25d8569a15589f76be99b1e79d76eb,pass,,fixed_step_discrete_sampler
shallow_m1024_r2,shallow,1024,2,1.000169456323495,5549.295529635626,12676.643204417718,65.3635765275979,3.9701406148863327,0.99354248046875,0.9933984375,0.5140133597564354,False,reference_pass,102400,102400,2001,104400,431ee3cb5249807a205438481c09874628755c46bec49f55e975d4c54b0c9cd2,pass,,fixed_step_discrete_sampler
shallow_m4096_r0,shallow,4096,0,1.0006542312293591,5709.119269687706,13349.16477537729,69.96740499470071,3.7718913926703057,0.9935986328124999,0.993466796875,1.856073385348618,False,reference_pass,102400,102400,2001,104400,6e969146204a87ee560387e21be1972fb1d2124d34fd6626c05d6d3b00044a84,pass,,fixed_step_discrete_sampler
shallow_m4096_r1,shallow,4096,1,1.0007041333907216,5212.7184904977175,12497.784938032872,56.70619688704548,4.251178110516697,0.99402099609375,0.993671875,1.8022241620302173,False,reference_pass,102400,102400,2001,104400,84153ae032ff6b57c0b8a25b550915e7c3c2abea39f08cd5f7f7eff23ca1f623,pass,,fixed_step_discrete_sampler
shallow_m4096_r2,shallow,4096,2,1.0010820853801876,5375.213450504577,13586.755383016714,65.51524062131558,3.957290121546601,0.9937255859375,0.993515625,1.5301970887096297,False,reference_pass,102400,102400,2001,104400,bfab344a2b4084b769d292c03553fa996b87722dabeaff66075c2e683f157188,pass,,fixed_step_discrete_sampler
deep_m0032_r0,deep,32,0,1.0007415923611467,3334.8585519168237,8384.205530448053,73.03091903651445,4.2475704537411945,0.98812744140625,0.98798828125,1.0245018185643329,False,reference_pass,102400,102400,2001,104400,900735633e7bc8f2c6e31ae0faa158c20ab7e32a42c16383b7407f2e5a632276,pass,,fixed_step_discrete_sampler
deep_m0032_r1,deep,32,1,1.0028021435809213,3212.138831325377,7572.166031388454,59.328250818894396,5.334128048297212,0.9880737304687499,0.9875390625,3.67834660037361,False,reference_pass,102400,204800,104401,206800,e85cacf861e7da01dc0f879702c4e11dcc3a684ff4393d6c0c920c9fa5a7a521,pass,,fixed_step_discrete_sampler
deep_m0032_r2,deep,32,2,1.0008134165218208,3309.256508180758,8544.606645765027,70.45347420175852,4.594903693319069,0.9878466796875001,0.987373046875,1.3761433018433014,False,reference_pass,102400,102400,2001,104400,72644dab93db9bc89ae090d735c219ad9896e85f980a1a5e0c3f349da5545637,pass,,fixed_step_discrete_sampler
deep_m0064_r0,deep,64,0,1.001002248944251,4388.365688104096,10974.577471012972,74.6458608605737,3.935389807427444,0.9893066406250001,0.98875,1.558436100947137,False,reference_pass,102400,102400,2001,104400,ace2d6340fe71498bd484ee7b965a5f1fbd269600ed9a745528660de43d2b971,pass,,fixed_step_discrete_sampler
deep_m0064_r1,deep,64,1,1.000352868036055,4225.492180413922,10323.256709434683,60.530261081942754,4.782995622383581,0.98950439453125,0.98916015625,1.2899764154581697,False,reference_pass,102400,102400,2001,104400,2e30bd84477f29d14683074c9b30a788e34d9381434d7d9b0e86b71dd1f2be57,pass,,fixed_step_discrete_sampler
deep_m0064_r2,deep,64,2,1.000685390729329,5055.017842680861,12303.397607687868,70.31894044617457,4.192369762767353,0.9890893554687499,0.988662109375,1.5742891144349132,False,reference_pass,102400,102400,2001,104400,5e79f6cf83baf3011c349e040a1df1a87bac48058d9590dc3b6c1768ccf53afd,pass,,fixed_step_discrete_sampler
deep_m0128_r0,deep,128,0,1.0004444968678456,5624.011959635526,13915.872371749017,75.08511012661563,3.7052853906332133,0.98994384765625,0.989716796875,1.0444570144599779,False,reference_pass,102400,204800,104401,206800,16a3097cf87ca10498981811a8069267520d1e06fc5e495b41dd2e7807aa7384,pass,,fixed_step_discrete_sampler
deep_m0128_r1,deep,128,1,1.0004001735451562,4916.800746297628,11510.969307780313,63.03771633039449,4.570303990530576,0.9898779296875,0.98947265625,0.7297353545310801,False,reference_pass,102400,102400,2001,104400,3ff9117d70c78ef14968f9038e32302cfbccbb8c75e88b68f41c31dbfa8c7a05,pass,,fixed_step_discrete_sampler
deep_m0128_r2,deep,128,2,1.0007316590966324,5634.848675698635,13853.05873226417,70.24783781563492,3.974613956317299,0.990048828125,0.98990234375,1.4742709236123652,False,reference_pass,102400,102400,2001,104400,fe6aeceea6567da0dfea5a5cff84f638591a0457edff84b8a3df3b4b3a8c5a80,pass,,fixed_step_discrete_sampler
deep_m0256_r0,deep,256,0,1.0011956001948785,6897.835915460179,15538.84468571203,75.24977728146789,3.6324855328333254,0.989951171875,0.98947265625,1.692216981708083,False,reference_pass,102400,102400,2001,104400,b64aa931855fe04b2d36b2718898c686ce37b1f7594173dc36eb4e38aeec2b20,pass,,fixed_step_discrete_sampler
deep_m0256_r1,deep,256,1,1.0002217073253235,5830.331505160259,12985.182318607865,63.665627867376536,4.330096132036652,0.9902075195312501,0.989873046875,0.7786315299698052,False,reference_pass,102400,102400,2001,104400,80d29b503d6aca77956278dd4a2fa56629e69a9b174598e7e96150a640148594,pass,,fixed_step_discrete_sampler
deep_m0256_r2,deep,256,2,1.0002914922761288,6118.75873650294,15338.776842540525,70.00490968571773,3.8797615072913887,0.99044921875,0.990166015625,0.8343175086354727,False,reference_pass,102400,102400,2001,104400,ff737cf0ca598cbf816dd92824dfd2549266c18e16a3c936f7016c559191ff5c,pass,,fixed_step_discrete_sampler
