m,quantile,posterior_median,replicate_min,replicate_max,replicate_0,replicate_1,replicate_2,prior
32,0.50,0.7632485900905017,0.7631869399827678,0.7653820776075095,0.7632485900905017,0.7653820776075095,0.7631869399827678,0.7621400858297924
32,0.95,0.8187085903742314,0.818250911846241,0.8213916581562735,0.818250911846241,0.8213916581562735,0.8187085903742314,0.8160128198471042
32,0.99,0.8446721344349383,0.8435782059141879,0.8478497422027731,0.8446721344349383,0.8478497422027731,0.8435782059141879,0.844389035419128
64,0.50,0.7772318547793321,0.7767891569266256,0.7777321257962075,0.7772318547793321,0.7777321257962075,0.7767891569266256,0.7775267026281847
64,0.95,0.8123728483641519,0.8120944368653543,0.812609848886536,0.8123728483641519,0.812609848886536,0.8120944368653543,0.8123286081032077
64,0.99,0.8291021026432163,0.8288458374546523,0.831019203385561,0.8288458374546523,0.831019203385561,0.8291021026432163,0.8298359842366742
128,0.50,0.7859047681877694,0.7858584963395077,0.7860508864609442,0.7859047681877694,0.7860508864609442,0.7858584963395077,0.785923776878712
128,0.95,0.8081109226737411,0.8080778748711822,0.8081138614970117,0.8081109226737411,0.8081138614970117,0.8080778748711822,0.8076024411889207
128,0.99,0.8185805155813802,0.8185803757574306,0.818833060873207,0.8185803757574306,0.818833060873207,0.8185805155813802,0.8199190164369711
256,0.50,0.7912708219970436,0.7911591943210655,0.7913119947989091,0.7911591943210655,0.7912708219970436,0.7913119947989091,0.7912906703627833
256,0.95,0.8050901541878458,0.8050388040488946,0.8051640098041019,0.8051640098041019,0.8050388040488946,0.8050901541878458,0.8050162922820819
256,0.99,0.8115896977832054,0.8113535681535425,0.8117888097218089,0.8117888097218089,0.8113535681535425,0.8115896977832054,0.8112268587380222
