m,replicate_id,n_inspected,n_inside,n_outside,n_ambiguous,inside_fraction_lower,inside_fraction_upper,q50,q95,q99,max_S,target_id,n_chains,reference_status
32,0,16384,16384,0,0,1.0,1.0,0.7632485900905017,0.818250911846241,0.8446721344349383,0.8998810087896183,deep_m0032_r0,4,reference_pass
32,1,16384,16384,0,0,1.0,1.0,0.7653820776075095,0.8213916581562735,0.8478497422027731,0.9039548631180446,deep_m0032_r1,4,reference_pass
32,2,16384,16384,0,0,1.0,1.0,0.7631869399827678,0.8187085903742314,0.8435782059141879,0.8896656342604258,deep_m0032_r2,4,reference_pass
64,0,16384,16384,0,0,1.0,1.0,0.7772318547793321,0.8123728483641519,0.8288458374546523,0.871626171852272,deep_m0064_r0,4,reference_pass
64,1,16384,16384,0,0,1.0,1.0,0.7777321257962075,0.812609848886536,0.831019203385561,0.872950340055652,deep_m0064_r1,4,reference_pass
64,2,16384,16384,0,0,1.0,1.0,0.7767891569266256,0.8120944368653543,0.8291021026432163,0.8706282774832101,deep_m0064_r2,4,reference_pass
128,0,16384,16384,0,0,1.0,1.0,0.7859047681877694,0.8081109226737411,0.8185803757574306,0.8457206011754338,deep_m0128_r0,4,reference_pass
128,1,16384,16384,0,0,1.0,1.0,0.7860508864609442,0.8081138614970117,0.818833060873207,0.8476337736516177,deep_m0128_r1,4,reference_pass
128,2,16384,16384,0,0,1.0,1.0,0.7858584963395077,0.8080778748711822,0.8185805155813802,0.8447591061511683,deep_m0128_r2,4,reference_pass
256,0,16384,16384,0,0,1.0,1.0,0.7911591943210655,0.8051640098041019,0.8117888097218089,0.8309580181916577,deep_m0256_r0,4,reference_pass
256,1,16384,16384,0,0,1.0,1.0,0.7912708219970436,0.8050388040488946,0.8113535681535425,0.830834863233039,deep_m0256_r1,4,reference_pass
256,2,16384,16384,0,0,1.0,1.0,0.7913119947989091,0.8050901541878458,0.8115896977832054,0.832915879044994,deep_m0256_r2,4,reference_pass
