target_id,max_abs_quantile_diff,counts_match,campaign_backend_check_ok,campaign_backend_max_rel_diff,campaign_S_rhat,campaign_S_ess_bulk
deep_m0032_r0,0.0,True,True,1.0818033008050719e-14,1.0002184829351912,6468.036205798624
deep_m0032_r1,0.0,True,True,1.0919415604671811e-14,1.000465162609513,5172.104146112059
deep_m0032_r2,0.0,True,True,1.1275286875431476e-14,1.00027882120054,6730.641955576104
deep_m0064_r0,0.0,True,True,1.6394096182304674e-14,1.000331267047904,7951.705460908662
deep_m0064_r1,0.0,True,True,1.4333782866042338e-14,1.0002270104523026,5547.940706993987
deep_m0064_r2,0.0,True,True,1.769815396273453e-14,1.0006901932743666,7721.550594851554
deep_m0128_r0,0.0,True,True,2.5806051469367755e-14,1.0001593156814634,9447.532647660875
deep_m0128_r1,0.0,True,True,2.868860754721026e-14,1.000238288152455,7460.055482781066
deep_m0128_r2,0.0,True,True,4.8033042423998095e-14,1.0003648718507487,9219.690588224934
deep_m0256_r0,0.0,True,True,7.52078358817306e-14,1.0004470005306931,9861.483644305636
deep_m0256_r1,0.0,True,True,5.5200582537102514e-14,1.0000589560682611,9406.54321283574
deep_m0256_r2,0.0,True,True,7.421811241754055e-14,1.0005340044101876,9725.155734215725
