campaign_id,target_id,replicate,architecture,L,m,p,n,d,sigma,target_hash,block_length,block_stable,improvement,improvement_mc_high,improvement_mc_low,improvement_mcse,n_posterior_states,n_prior_states,n_test,nls_posterior,nls_prior,posterior_accuracy,posterior_draws_per_chain,prior_accuracy,status,teacher_log_score,validity,estimate,mcse,mc_low,mc_high,panel,code_revision,enough_blocks,estimate_over_sigma2,execution_hash,failure_reason,family,iat_states,kind,law,mcse_doubled_block,n_draws_used,probe,stage,selected_fold_A_to_B,selected_fold_B_to_A,selection_frequencies,validity_b,mc_low_over_sigma2,mc_high_over_sigma2
final_geometry_v15_20260930,shallow_m0064_r0,0,shallow,2,64,2112,128,32,1.0,71538f5fc37b1391ecadd17c52b8587909347d90439f7dcd7fdebf72a743c41f,16,True,0.0705945214699725,0.0729508538175793,0.0682679906444277,0.0012161971625727,2048.0,2048.0,1024.0,0.618969158265601,0.6895636797355735,0.5146484375,512.0,0.494140625,ok,0.4636672659518885,True,0.0705945214699725,0.0012161971625727,0.0682679906444277,0.0729508538175793,a,,,,,,,,,,,,,,,,,,,
final_geometry_v15_20260930,shallow_m0064_r1,1,shallow,2,64,2112,128,32,1.0,2ebbaf17c0b875a151400adfe0c20fdcca7ef1fee9db82b7da14f8303c6ed54d,16,True,0.1435258214611906,0.1461037809735177,0.1414616073416836,0.0012323770504397,2048.0,2048.0,1024.0,0.5480577567577976,0.6915835782189882,0.5,512.0,0.4990234375,ok,0.3872611985861998,True,0.1435258214611906,0.0012323770504397,0.1414616073416836,0.1461037809735177,a,,,,,,,,,,,,,,,,,,,
final_geometry_v15_20260930,shallow_m0064_r2,2,shallow,2,64,2112,128,32,1.0,fc9da6235fb1548d828cf68d55d93c2f858e835b161969d4cc33b00e5e83b603,16,True,0.111719152025991,0.1140467371314639,0.1094900991045336,0.0011205579807713,2048.0,2048.0,1024.0,0.5870239500042731,0.6987431020302641,0.5078125,512.0,0.4833984375,ok,0.472034109732548,True,0.111719152025991,0.0011205579807713,0.1094900991045336,0.1140467371314639,a,,,,,,,,,,,,,,,,,,,
final_geometry_v15_20260930,shallow_m0256_r0,0,shallow,2,256,8448,128,32,1.0,5ffcf34dcb33edbff8ac327910bb107a5523c19a0d0683299bb0c37d97e4b101,16,True,0.0806801340854459,0.0830805217550003,0.0785527812513464,0.0011413742334559,2048.0,2048.0,1024.0,0.6138447699695515,0.6945249040549974,0.5185546875,512.0,0.4833984375,ok,0.4636672659518885,True,0.0806801340854459,0.0011413742334559,0.0785527812513464,0.0830805217550003,a,,,,,,,,,,,,,,,,,,,
final_geometry_v15_20260930,shallow_m0256_r1,1,shallow,2,256,8448,128,32,1.0,8f5887633c4c57f2ac0982e01a15dae641286ed569accf33e93d0425c2b98209,16,True,0.1359840688301051,0.1385305452215246,0.1335352123773945,0.0013008996041767,2048.0,2048.0,1024.0,0.5536026047985293,0.6895866736286345,0.5078125,512.0,0.498046875,ok,0.3872611985861998,True,0.1359840688301051,0.0013008996041767,0.1335352123773945,0.1385305452215246,a,,,,,,,,,,,,,,,,,,,
final_geometry_v15_20260930,shallow_m0256_r2,2,shallow,2,256,8448,128,32,1.0,2b0a25edaba13f9bb4eae0a84a065effa6848903405ea8fc1871d85b581b5ff9,16,True,0.1181191705932762,0.1203402233170384,0.1156589014938136,0.0011340552494952,2048.0,2048.0,1024.0,0.5758989537560983,0.6940181243493746,0.513671875,512.0,0.5029296875,ok,0.472034109732548,True,0.1181191705932762,0.0011340552494952,0.1156589014938136,0.1203402233170384,a,,,,,,,,,,,,,,,,,,,
final_geometry_v15_20260930,shallow_m1024_r0,0,shallow,2,1024,33792,128,32,1.0,02cdf7a9fb4a8ebea158d555e3da7f259fe2d98afd52f242938d3e8f57697d6a,16,True,0.0773732212877409,0.0801108319320539,0.0752814428663283,0.0012446797356831,2048.0,2048.0,1024.0,0.6138006601995165,0.6911738814872574,0.515625,512.0,0.5029296875,ok,0.4636672659518885,True,0.0773732212877409,0.0012446797356831,0.0752814428663283,0.0801108319320539,a,,,,,,,,,,,,,,,,,,,
final_geometry_v15_20260930,shallow_m1024_r1,1,shallow,2,1024,33792,128,32,1.0,75855771a1231e62e6e66f10e2f0fc9a96b653fa2c1e6c16aa05920b18f8825c,16,True,0.1375714400816654,0.1401440743347127,0.1350622164125376,0.0012839920208897,2048.0,2048.0,1024.0,0.5534257773115929,0.6909972173932584,0.5107421875,512.0,0.4638671875,ok,0.3872611985861998,True,0.1375714400816654,0.0012839920208897,0.1350622164125376,0.1401440743347127,a,,,,,,,,,,,,,,,,,,,
final_geometry_v15_20260930,shallow_m1024_r2,2,shallow,2,1024,33792,128,32,1.0,61fa5b97160a40ea4623d9b0909f5c6bd1efc198e054db5ea14dff80a68ca165,16,True,0.1144339300032832,0.116618473968218,0.1119322655927755,0.0012118027377691,2048.0,2048.0,1024.0,0.5781828327549003,0.6926167627581836,0.50390625,512.0,0.4921875,ok,0.472034109732548,True,0.1144339300032832,0.0012118027377691,0.1119322655927755,0.116618473968218,a,,,,,,,,,,,,,,,,,,,
final_geometry_v15_20260930,shallow_m4096_r0,0,shallow,2,4096,135168,128,32,1.0,8a6220ba8b63029337f3aba7bf23ad58f356eb9ebe1053d6e3e3fcf5e1c55e2a,16,True,0.0834226310543754,0.0854881173615059,0.080995155271221,0.0011955812256823,2048.0,2048.0,1024.0,0.6108745690468326,0.694297200101208,0.51953125,512.0,0.4775390625,ok,0.4636672659518885,True,0.0834226310543754,0.0011955812256823,0.080995155271221,0.0854881173615059,a,,,,,,,,,,,,,,,,,,,
final_geometry_v15_20260930,shallow_m4096_r1,1,shallow,2,4096,135168,128,32,1.0,2d18a154c082aebdf0c7dff9779adbab12358b1b72ad29a412f3643b39e3fb64,16,True,0.1390044834940773,0.1410940538878178,0.1365994267316778,0.0011377494442298,2048.0,2048.0,1024.0,0.5529344485780767,0.6919389320721541,0.505859375,512.0,0.48828125,ok,0.3872611985861998,True,0.1390044834940773,0.0011377494442298,0.1365994267316778,0.1410940538878178,a,,,,,,,,,,,,,,,,,,,
final_geometry_v15_20260930,shallow_m4096_r2,2,shallow,2,4096,135168,128,32,1.0,8c615bef38ec1c9a9068713982d858e21e32dae4d6bf4d65ddce5685b8944212,16,True,0.1143101661288047,0.116737940804574,0.112250935573589,0.0011386398995167,2048.0,2048.0,1024.0,0.5790413476229607,0.6933515137517654,0.5068359375,512.0,0.4814453125,ok,0.472034109732548,True,0.1143101661288047,0.0011386398995167,0.112250935573589,0.116737940804574,a,,,,,,,,,,,,,,,,,,,
final_geometry_v15_20260930,deep_m0032_r0,0,deep,3,32,2080,128,32,1.0,af056e127c02b019412d5384149e30d1e6c85b146336ef076ef6b326c05fe260,16,True,0.0594927610966361,0.0612401358696454,0.0574563933667992,0.0009990003852228,2048.0,2048.0,1024.0,0.6331791838363321,0.6926719449329682,0.5234375,512.0,0.509765625,ok,0.4636672659518885,True,0.0594927610966361,0.0009990003852228,0.0574563933667992,0.0612401358696454,a,,,,,,,,,,,,,,,,,,,
final_geometry_v15_20260930,deep_m0032_r1,1,deep,3,32,2080,128,32,1.0,662315e3af404632a903759afc0db53d7616be0be60d5bbeff2faff490855fed,16,True,0.1240945236845305,0.1262357450012122,0.1221283536231793,0.0010995523206284,2048.0,2048.0,1024.0,0.5683851499458288,0.6924796736303593,0.5126953125,512.0,0.49609375,ok,0.3872611985861998,True,0.1240945236845305,0.0010995523206284,0.1221283536231793,0.1262357450012122,a,,,,,,,,,,,,,,,,,,,
final_geometry_v15_20260930,deep_m0032_r2,2,deep,3,32,2080,128,32,1.0,e1bd5b82d8da839a2fc5ffa8fd46793eab0e499a09e69bcda3048c51750c1a05,16,True,0.0908124170446774,0.0927931027433755,0.0891682656805273,0.0009493328773219,2048.0,2048.0,1024.0,0.6018024578826571,0.6926148749273345,0.50390625,512.0,0.4921875,ok,0.472034109732548,True,0.0908124170446774,0.0009493328773219,0.0891682656805273,0.0927931027433755,a,,,,,,,,,,,,,,,,,,,
final_geometry_v15_20260930,deep_m0064_r0,0,deep,3,64,6208,128,32,1.0,981c8c16f8288893162866a44dc7f238a562d94baba61c4736c9e2c0a9aaafac,16,True,0.0590682422325278,0.0610288516470837,0.0573675160309114,0.0010012899749215,2048.0,2048.0,1024.0,0.6347286910241771,0.6937969332567049,0.5244140625,512.0,0.4951171875,ok,0.4636672659518885,True,0.0590682422325278,0.0010012899749215,0.0573675160309114,0.0610288516470837,a,,,,,,,,,,,,,,,,,,,
final_geometry_v15_20260930,deep_m0064_r1,1,deep,3,64,6208,128,32,1.0,cffc441cee2bd015a78c885c0750263a0ede3b1b8b3eb5af88b7ed906fea8e96,16,True,0.1231661934450333,0.1252510758684262,0.1212602782188676,0.0010491329263149,2048.0,2048.0,1024.0,0.5705977168390617,0.693763910284095,0.5048828125,512.0,0.509765625,ok,0.3872611985861998,True,0.1231661934450333,0.0010491329263149,0.1212602782188676,0.1252510758684262,a,,,,,,,,,,,,,,,,,,,
final_geometry_v15_20260930,deep_m0064_r2,2,deep,3,64,6208,128,32,1.0,5e7e9d9b0e46c28d13a71799ccda6b52c4855a61024370dac3c38fe8cb82e7c3,16,True,0.0882633880604993,0.090123153263208,0.0864498935346896,0.0009276846265294,2048.0,2048.0,1024.0,0.6050915477602116,0.693354935820711,0.5078125,512.0,0.5185546875,ok,0.472034109732548,True,0.0882633880604993,0.0009276846265294,0.0864498935346896,0.090123153263208,a,,,,,,,,,,,,,,,,,,,
final_geometry_v15_20260930,deep_m0128_r0,0,deep,3,128,20608,128,32,1.0,a3fbfe3694a6d3a7a8f724b8f6e362367e3afc7860a1c5f1481a53f3e86fcfbf,16,True,0.0554102411554711,0.0573413958364007,0.0534600382090494,0.0009783087053011,2048.0,2048.0,1024.0,0.6381351955651182,0.6935454367205893,0.5283203125,512.0,0.4853515625,ok,0.4636672659518885,True,0.0554102411554711,0.0009783087053011,0.0534600382090494,0.0573413958364007,a,,,,,,,,,,,,,,,,,,,
final_geometry_v15_20260930,deep_m0128_r1,1,deep,3,128,20608,128,32,1.0,12140e25162df7ed81599a111742b07052ef21dac4d3086bb8a4c937317db44a,16,True,0.1133819145825248,0.1153470251166001,0.1115437790884984,0.0009685923610288,2048.0,2048.0,1024.0,0.5805642817948163,0.6939461963773412,0.5078125,512.0,0.5029296875,ok,0.3872611985861998,True,0.1133819145825248,0.0009685923610288,0.1115437790884984,0.1153470251166001,a,,,,,,,,,,,,,,,,,,,
final_geometry_v15_20260930,deep_m0128_r2,2,deep,3,128,20608,128,32,1.0,ab9e24560eea0ddc4fd775ee6d516b1daa269452cd648f2739f422995dd944b3,16,True,0.0913527812475937,0.0930822807564956,0.0896854567122219,0.0009149325596721,2048.0,2048.0,1024.0,0.6027040670873445,0.6940568483349382,0.5107421875,512.0,0.5048828125,ok,0.472034109732548,True,0.0913527812475937,0.0009149325596721,0.0896854567122219,0.0930822807564956,a,,,,,,,,,,,,,,,,,,,
final_geometry_v15_20260930,deep_m0256_r0,0,deep,3,256,73984,128,32,1.0,2814b4d76a9cc9419ec01ed447161e8acf050a7bbe1b8e92bdfa0e832e724270,16,True,0.0612221863146043,0.0629444852494597,0.0594657623486167,0.000910422995157,2048.0,2048.0,1024.0,0.6328168359429107,0.694039022257515,0.5244140625,512.0,0.4931640625,ok,0.4636672659518885,True,0.0612221863146043,0.000910422995157,0.0594657623486167,0.0629444852494597,a,,,,,,,,,,,,,,,,,,,
final_geometry_v15_20260930,deep_m0256_r1,1,deep,3,256,73984,128,32,1.0,09d81740c09e1434a4c78134a13a48b854f29cf5822e72d75983713cdb747963,16,True,0.1081575137435726,0.1102725989491947,0.106338735834115,0.0009764656270919,2048.0,2048.0,1024.0,0.5845001877461766,0.6926577014897493,0.5078125,512.0,0.5185546875,ok,0.3872611985861998,True,0.1081575137435726,0.0009764656270919,0.106338735834115,0.1102725989491947,a,,,,,,,,,,,,,,,,,,,
final_geometry_v15_20260930,deep_m0256_r2,2,deep,3,256,73984,128,32,1.0,7d2b17335b5ae481f00e8793369fbe114f3ea563c80b91b01102266c3ab73d1e,16,True,0.09465010186817,0.0964198608466141,0.0929732622563736,0.0009159226340626,2048.0,2048.0,1024.0,0.5992463889811273,0.6938964908492973,0.5146484375,512.0,0.4814453125,ok,0.472034109732548,True,0.09465010186817,0.0009159226340626,0.0929732622563736,0.0964198608466141,a,,,,,,,,,,,,,,,,,,,
final_geometry_v15_20260930,shallow_m0064_r0,0,shallow,2,64,2112,128,32,1.0,71538f5fc37b1391ecadd17c52b8587909347d90439f7dcd7fdebf72a743c41f,64,True,,,,,,,,,,,,,,,True,0.3060612048869746,0.0063681807958539,0.2910001574965415,0.3164565348806902,b_shallow,4327fe4ece9317f6fd20fad18389a71e9b1f423b,True,0.3060612048869746,d260d94c699220080c79ef88b60fc8c3cddc0b0c0682a72fa91f05c5c29ad521,,loss,,family,full_posterior,0.0061052447259277,8192.0,,reference_production_4|sel=2048,V,V,"{""V"": 1.0}",True,0.2910001574965415,0.3164565348806902
final_geometry_v15_20260930,shallow_m0064_r0,0,shallow,2,64,2112,128,32,1.0,71538f5fc37b1391ecadd17c52b8587909347d90439f7dcd7fdebf72a743c41f,32,True,,,,,,,,,,,,,,,True,0.3555016710226316,0.0079909155828251,0.33642642207139,0.3685309539571362,b_shallow,4327fe4ece9317f6fd20fad18389a71e9b1f423b,True,0.3555016710226316,d260d94c699220080c79ef88b60fc8c3cddc0b0c0682a72fa91f05c5c29ad521,,train_logit,,family,full_posterior,0.0077835687188151,8192.0,,reference_production_4|sel=2048,train_logit_32,train_logit_32,"{""train_logit_0"": 0.02625, ""train_logit_32"": 0.45625, ""train_logit_64"": 0.0125, ""train_logit_96"": 0.505}",True,0.33642642207139,0.3685309539571362
final_geometry_v15_20260930,shallow_m0064_r0,0,shallow,2,64,2112,128,32,1.0,71538f5fc37b1391ecadd17c52b8587909347d90439f7dcd7fdebf72a743c41f,32,True,,,,,,,,,,,,,,,True,0.475666805429548,0.0169398853389769,0.4376540086293172,0.5025834263148855,b_shallow,4327fe4ece9317f6fd20fad18389a71e9b1f423b,True,0.475666805429548,d260d94c699220080c79ef88b60fc8c3cddc0b0c0682a72fa91f05c5c29ad521,,interaction,,family,full_posterior,0.0161883704646036,8192.0,,reference_production_4|sel=2048,interaction_3,interaction_3,"{""interaction_0"": 0.1375, ""interaction_1"": 0.295, ""interaction_2"": 0.0325, ""interaction_3"": 0.535}",True,0.4376540086293172,0.5025834263148855
final_geometry_v15_20260930,shallow_m0064_r1,1,shallow,2,64,2112,128,32,1.0,2ebbaf17c0b875a151400adfe0c20fdcca7ef1fee9db82b7da14f8303c6ed54d,64,True,,,,,,,,,,,,,,,True,0.3239495737806181,0.0072890163841242,0.311702947476276,0.3384030179088967,b_shallow,4327fe4ece9317f6fd20fad18389a71e9b1f423b,True,0.3239495737806181,ef4fac83e88b9ebc7025640c004ee055aad12f835c9939b678bc038c15b660a0,,loss,,family,full_posterior,0.0076540482265952,8192.0,,reference_production_4|sel=2048,V,V,"{""V"": 1.0}",True,0.311702947476276,0.3384030179088967
final_geometry_v15_20260930,shallow_m0064_r1,1,shallow,2,64,2112,128,32,1.0,2ebbaf17c0b875a151400adfe0c20fdcca7ef1fee9db82b7da14f8303c6ed54d,32,True,,,,,,,,,,,,,,,True,0.3577016249028795,0.0084557640209263,0.3418800581159294,0.3735579047532936,b_shallow,4327fe4ece9317f6fd20fad18389a71e9b1f423b,True,0.3577016249028795,ef4fac83e88b9ebc7025640c004ee055aad12f835c9939b678bc038c15b660a0,,train_logit,,family,full_posterior,0.0082763868083719,8192.0,,reference_production_4|sel=2048,train_logit_64,train_logit_0,"{""train_logit_0"": 0.44, ""train_logit_32"": 0.04375, ""train_logit_64"": 0.37125, ""train_logit_96"": 0.145}",True,0.3418800581159294,0.3735579047532936
final_geometry_v15_20260930,shallow_m0064_r1,1,shallow,2,64,2112,128,32,1.0,2ebbaf17c0b875a151400adfe0c20fdcca7ef1fee9db82b7da14f8303c6ed54d,32,True,,,,,,,,,,,,,,,True,0.5293677258426617,0.0209112262813278,0.4760725138326367,0.5585456997608206,b_shallow,4327fe4ece9317f6fd20fad18389a71e9b1f423b,True,0.5293677258426617,ef4fac83e88b9ebc7025640c004ee055aad12f835c9939b678bc038c15b660a0,,interaction,,family,full_posterior,0.0198060476486608,8192.0,,reference_production_4|sel=2048,interaction_3,interaction_3,"{""interaction_1"": 0.32375, ""interaction_2"": 0.05375, ""interaction_3"": 0.6225}",True,0.4760725138326367,0.5585456997608206
final_geometry_v15_20260930,shallow_m0064_r2,2,shallow,2,64,2112,128,32,1.0,fc9da6235fb1548d828cf68d55d93c2f858e835b161969d4cc33b00e5e83b603,64,True,,,,,,,,,,,,,,,True,0.3130527632009278,0.007050582499392,0.3005428965542028,0.3286961210056445,b_shallow,4327fe4ece9317f6fd20fad18389a71e9b1f423b,True,0.3130527632009278,fc66a15235541d8565676bdb1484417f710d51ebfa9abe839af1c9c234d73d2a,,loss,,family,full_posterior,0.0073447576258311,8192.0,,reference_production_4|sel=2048,V,V,"{""V"": 1.0}",True,0.3005428965542028,0.3286961210056445
final_geometry_v15_20260930,shallow_m0064_r2,2,shallow,2,64,2112,128,32,1.0,fc9da6235fb1548d828cf68d55d93c2f858e835b161969d4cc33b00e5e83b603,32,True,,,,,,,,,,,,,,,True,0.3835151267760828,0.0065469605659638,0.3687302048038874,0.396571466498074,b_shallow,4327fe4ece9317f6fd20fad18389a71e9b1f423b,True,0.3835151267760828,fc66a15235541d8565676bdb1484417f710d51ebfa9abe839af1c9c234d73d2a,,train_logit,,family,full_posterior,0.0060848516258219,8192.0,,reference_production_4|sel=2048,train_logit_0,train_logit_0,"{""train_logit_0"": 1.0}",True,0.3687302048038874,0.396571466498074
final_geometry_v15_20260930,shallow_m0064_r2,2,shallow,2,64,2112,128,32,1.0,fc9da6235fb1548d828cf68d55d93c2f858e835b161969d4cc33b00e5e83b603,32,True,,,,,,,,,,,,,,,True,0.4542428765617932,0.0172630907544622,0.4274574623324507,0.4892287801585849,b_shallow,4327fe4ece9317f6fd20fad18389a71e9b1f423b,True,0.4542428765617932,fc66a15235541d8565676bdb1484417f710d51ebfa9abe839af1c9c234d73d2a,,interaction,,family,full_posterior,0.0169073246079199,8192.0,,reference_production_4|sel=2048,interaction_0,interaction_1,"{""interaction_0"": 0.19125, ""interaction_1"": 0.365, ""interaction_2"": 0.2925, ""interaction_3"": 0.15125}",True,0.4274574623324507,0.4892287801585849
final_geometry_v15_20260930,shallow_m0256_r0,0,shallow,2,256,8448,128,32,1.0,5ffcf34dcb33edbff8ac327910bb107a5523c19a0d0683299bb0c37d97e4b101,32,True,,,,,,,,,,,,,,,True,0.2756671979277838,0.0052405895118895,0.2642175239697992,0.284792213474149,b_shallow,4327fe4ece9317f6fd20fad18389a71e9b1f423b,True,0.2756671979277838,e47deff70dcfb5c1294d8dc3ac5b42f0d32a2dab919cace5fa3b78a862394184,,loss,,family,full_posterior,0.0055841590518968,8192.0,,reference_production_4|sel=2048,V,V,"{""V"": 1.0}",True,0.2642175239697992,0.284792213474149
final_geometry_v15_20260930,shallow_m0256_r0,0,shallow,2,256,8448,128,32,1.0,5ffcf34dcb33edbff8ac327910bb107a5523c19a0d0683299bb0c37d97e4b101,32,True,,,,,,,,,,,,,,,True,0.3604902296880043,0.0102986558629604,0.3313909114387786,0.3721363969730257,b_shallow,4327fe4ece9317f6fd20fad18389a71e9b1f423b,True,0.3604902296880043,e47deff70dcfb5c1294d8dc3ac5b42f0d32a2dab919cace5fa3b78a862394184,,train_logit,,family,full_posterior,0.0097548787749696,8192.0,,reference_production_4|sel=2048,train_logit_32,train_logit_32,"{""train_logit_0"": 0.0625, ""train_logit_32"": 0.77, ""train_logit_64"": 0.0425, ""train_logit_96"": 0.125}",True,0.3313909114387786,0.3721363969730257
final_geometry_v15_20260930,shallow_m0256_r0,0,shallow,2,256,8448,128,32,1.0,5ffcf34dcb33edbff8ac327910bb107a5523c19a0d0683299bb0c37d97e4b101,32,True,,,,,,,,,,,,,,,True,0.4914797979649552,0.0176011867381863,0.4491705896562314,0.511791264546913,b_shallow,4327fe4ece9317f6fd20fad18389a71e9b1f423b,True,0.4914797979649552,e47deff70dcfb5c1294d8dc3ac5b42f0d32a2dab919cace5fa3b78a862394184,,interaction,,family,full_posterior,0.0177291239437874,8192.0,,reference_production_4|sel=2048,interaction_3,interaction_3,"{""interaction_0"": 0.10125, ""interaction_1"": 0.03625, ""interaction_2"": 0.04125, ""interaction_3"": 0.82125}",True,0.4491705896562314,0.511791264546913
final_geometry_v15_20260930,shallow_m0256_r1,1,shallow,2,256,8448,128,32,1.0,8f5887633c4c57f2ac0982e01a15dae641286ed569accf33e93d0425c2b98209,64,True,,,,,,,,,,,,,,,True,0.3158422824414026,0.0075215088483924,0.3012425949249416,0.331484803088001,b_shallow,4327fe4ece9317f6fd20fad18389a71e9b1f423b,True,0.3158422824414026,b702cde550be752af2f1f36c00d7eabaee48cbb1c2b5b635f1ade6b8bbe92baa,,loss,,family,full_posterior,0.0072830865240573,8192.0,,reference_production_4|sel=2048,V,V,"{""V"": 1.0}",True,0.3012425949249416,0.331484803088001
final_geometry_v15_20260930,shallow_m0256_r1,1,shallow,2,256,8448,128,32,1.0,8f5887633c4c57f2ac0982e01a15dae641286ed569accf33e93d0425c2b98209,32,True,,,,,,,,,,,,,,,True,0.3583674562056137,0.0080396928169107,0.345402525438669,0.3741928278486713,b_shallow,4327fe4ece9317f6fd20fad18389a71e9b1f423b,True,0.3583674562056137,b702cde550be752af2f1f36c00d7eabaee48cbb1c2b5b635f1ade6b8bbe92baa,,train_logit,,family,full_posterior,0.0084340887288781,8192.0,,reference_production_4|sel=2048,train_logit_0,train_logit_64,"{""train_logit_0"": 0.4225, ""train_logit_32"": 0.07875, ""train_logit_64"": 0.41625, ""train_logit_96"": 0.0825}",True,0.345402525438669,0.3741928278486713
final_geometry_v15_20260930,shallow_m0256_r1,1,shallow,2,256,8448,128,32,1.0,8f5887633c4c57f2ac0982e01a15dae641286ed569accf33e93d0425c2b98209,32,True,,,,,,,,,,,,,,,True,0.464641257350341,0.0158418014070354,0.4415361889105305,0.5038592156416523,b_shallow,4327fe4ece9317f6fd20fad18389a71e9b1f423b,True,0.464641257350341,b702cde550be752af2f1f36c00d7eabaee48cbb1c2b5b635f1ade6b8bbe92baa,,interaction,,family,full_posterior,0.0161823705257733,8192.0,,reference_production_4|sel=2048,interaction_2,interaction_3,"{""interaction_0"": 0.16125, ""interaction_1"": 0.0975, ""interaction_2"": 0.46875, ""interaction_3"": 0.2725}",True,0.4415361889105305,0.5038592156416523
final_geometry_v15_20260930,shallow_m0256_r2,2,shallow,2,256,8448,128,32,1.0,2b0a25edaba13f9bb4eae0a84a065effa6848903405ea8fc1871d85b581b5ff9,64,True,,,,,,,,,,,,,,,True,0.2970665463065766,0.0065500615643796,0.2842947215272486,0.308454101015466,b_shallow,4327fe4ece9317f6fd20fad18389a71e9b1f423b,True,0.2970665463065766,1a93c14011fadc3517c1338c414e33dc5df1f74e820e26dc3412b4b3f497e934,,loss,,family,full_posterior,0.0063255587875086,8192.0,,reference_production_4|sel=2048,V,V,"{""V"": 1.0}",True,0.2842947215272486,0.308454101015466
final_geometry_v15_20260930,shallow_m0256_r2,2,shallow,2,256,8448,128,32,1.0,2b0a25edaba13f9bb4eae0a84a065effa6848903405ea8fc1871d85b581b5ff9,32,True,,,,,,,,,,,,,,,True,0.3815526928562757,0.0128986748098181,0.3473868262292927,0.39295439849807,b_shallow,4327fe4ece9317f6fd20fad18389a71e9b1f423b,True,0.3815526928562757,1a93c14011fadc3517c1338c414e33dc5df1f74e820e26dc3412b4b3f497e934,,train_logit,,family,full_posterior,0.0120783838569116,8192.0,,reference_production_4|sel=2048,train_logit_0,train_logit_0,"{""train_logit_0"": 0.90375, ""train_logit_64"": 0.095, ""train_logit_96"": 0.00125}",True,0.3473868262292927,0.39295439849807
final_geometry_v15_20260930,shallow_m0256_r2,2,shallow,2,256,8448,128,32,1.0,2b0a25edaba13f9bb4eae0a84a065effa6848903405ea8fc1871d85b581b5ff9,32,True,,,,,,,,,,,,,,,True,0.4614326482035771,0.0175608292865123,0.4372943719990023,0.504728813731495,b_shallow,4327fe4ece9317f6fd20fad18389a71e9b1f423b,True,0.4614326482035771,1a93c14011fadc3517c1338c414e33dc5df1f74e820e26dc3412b4b3f497e934,,interaction,,family,full_posterior,0.0176010582075443,8192.0,,reference_production_4|sel=2048,interaction_3,interaction_0,"{""interaction_0"": 0.4175, ""interaction_1"": 0.225, ""interaction_2"": 0.06125, ""interaction_3"": 0.29625}",True,0.4372943719990023,0.504728813731495
final_geometry_v15_20260930,shallow_m1024_r0,0,shallow,2,1024,33792,128,32,1.0,02cdf7a9fb4a8ebea158d555e3da7f259fe2d98afd52f242938d3e8f57697d6a,64,True,,,,,,,,,,,,,,,True,0.2900103609457943,0.0063190949086092,0.2784217692030825,0.3034754318160575,b_shallow,4327fe4ece9317f6fd20fad18389a71e9b1f423b,True,0.2900103609457943,eccc88577af416a72d66fb22a9443f4a081b72812b06d3aa4d8116cbccdddcee,,loss,,family,full_posterior,0.0062427158297108,8192.0,,reference_production_4|sel=2048,V,V,"{""V"": 1.0}",True,0.2784217692030825,0.3034754318160575
final_geometry_v15_20260930,shallow_m1024_r0,0,shallow,2,1024,33792,128,32,1.0,02cdf7a9fb4a8ebea158d555e3da7f259fe2d98afd52f242938d3e8f57697d6a,32,True,,,,,,,,,,,,,,,True,0.349874029768136,0.0083011118216106,0.3391191434967732,0.3699822637836733,b_shallow,4327fe4ece9317f6fd20fad18389a71e9b1f423b,True,0.349874029768136,eccc88577af416a72d66fb22a9443f4a081b72812b06d3aa4d8116cbccdddcee,,train_logit,,family,full_posterior,0.0085938624854917,8192.0,,reference_production_4|sel=2048,train_logit_96,train_logit_32,"{""train_logit_0"": 0.01625, ""train_logit_32"": 0.42875, ""train_logit_64"": 0.00125, ""train_logit_96"": 0.55375}",True,0.3391191434967732,0.3699822637836733
final_geometry_v15_20260930,shallow_m1024_r0,0,shallow,2,1024,33792,128,32,1.0,02cdf7a9fb4a8ebea158d555e3da7f259fe2d98afd52f242938d3e8f57697d6a,32,True,,,,,,,,,,,,,,,True,0.4542852569014253,0.0152423518430622,0.4329530415452937,0.4943357170515091,b_shallow,4327fe4ece9317f6fd20fad18389a71e9b1f423b,True,0.4542852569014253,eccc88577af416a72d66fb22a9443f4a081b72812b06d3aa4d8116cbccdddcee,,interaction,,family,full_posterior,0.0143678578760297,8192.0,,reference_production_4|sel=2048,interaction_0,interaction_2,"{""interaction_0"": 0.27, ""interaction_1"": 0.27, ""interaction_2"": 0.34625, ""interaction_3"": 0.11375}",True,0.4329530415452937,0.4943357170515091
final_geometry_v15_20260930,shallow_m1024_r1,1,shallow,2,1024,33792,128,32,1.0,75855771a1231e62e6e66f10e2f0fc9a96b653fa2c1e6c16aa05920b18f8825c,64,True,,,,,,,,,,,,,,,True,0.2969827442086126,0.006033939828765,0.2851503541539112,0.3075128861453899,b_shallow,4327fe4ece9317f6fd20fad18389a71e9b1f423b,True,0.2969827442086126,ea19d2cf418befe36c6f1816fb622791c5ff562aa4e99be1dcbfc8e0ec2108f0,,loss,,family,full_posterior,0.0064119240497856,8192.0,,reference_production_4|sel=2048,V,V,"{""V"": 1.0}",True,0.2851503541539112,0.3075128861453899
final_geometry_v15_20260930,shallow_m1024_r1,1,shallow,2,1024,33792,128,32,1.0,75855771a1231e62e6e66f10e2f0fc9a96b653fa2c1e6c16aa05920b18f8825c,32,True,,,,,,,,,,,,,,,True,0.3715424498481398,0.0083676314742238,0.3512827776356924,0.382909449009319,b_shallow,4327fe4ece9317f6fd20fad18389a71e9b1f423b,True,0.3715424498481398,ea19d2cf418befe36c6f1816fb622791c5ff562aa4e99be1dcbfc8e0ec2108f0,,train_logit,,family,full_posterior,0.0087508660041323,8192.0,,reference_production_4|sel=2048,train_logit_64,train_logit_64,"{""train_logit_0"": 0.03, ""train_logit_64"": 0.5975, ""train_logit_96"": 0.3725}",True,0.3512827776356924,0.382909449009319
final_geometry_v15_20260930,shallow_m1024_r1,1,shallow,2,1024,33792,128,32,1.0,75855771a1231e62e6e66f10e2f0fc9a96b653fa2c1e6c16aa05920b18f8825c,32,True,,,,,,,,,,,,,,,True,0.4636750869549624,0.0153560105611205,0.4360711104268174,0.4932262244328375,b_shallow,4327fe4ece9317f6fd20fad18389a71e9b1f423b,True,0.4636750869549624,ea19d2cf418befe36c6f1816fb622791c5ff562aa4e99be1dcbfc8e0ec2108f0,,interaction,,family,full_posterior,0.0170128480193353,8192.0,,reference_production_4|sel=2048,interaction_0,interaction_1,"{""interaction_0"": 0.38625, ""interaction_1"": 0.3775, ""interaction_2"": 0.065, ""interaction_3"": 0.17125}",True,0.4360711104268174,0.4932262244328375
final_geometry_v15_20260930,shallow_m1024_r2,2,shallow,2,1024,33792,128,32,1.0,61fa5b97160a40ea4623d9b0909f5c6bd1efc198e054db5ea14dff80a68ca165,64,True,,,,,,,,,,,,,,,True,0.2814110700831648,0.0057748884333918,0.2687316017056446,0.2912866177391979,b_shallow,4327fe4ece9317f6fd20fad18389a71e9b1f423b,True,0.2814110700831648,021040a3ca16fc031962af4405d32b26085034b920caf09089cd44dab4261f0f,,loss,,family,full_posterior,0.0049818556840326,8192.0,,reference_production_4|sel=2048,V,V,"{""V"": 1.0}",True,0.2687316017056446,0.2912866177391979
final_geometry_v15_20260930,shallow_m1024_r2,2,shallow,2,1024,33792,128,32,1.0,61fa5b97160a40ea4623d9b0909f5c6bd1efc198e054db5ea14dff80a68ca165,32,True,,,,,,,,,,,,,,,True,0.3705685097460948,0.0083803058500101,0.3534420815035485,0.3845668786256015,b_shallow,4327fe4ece9317f6fd20fad18389a71e9b1f423b,True,0.3705685097460948,021040a3ca16fc031962af4405d32b26085034b920caf09089cd44dab4261f0f,,train_logit,,family,full_posterior,0.0075833520285984,8192.0,,reference_production_4|sel=2048,train_logit_0,train_logit_0,"{""train_logit_0"": 0.79125, ""train_logit_64"": 0.20625, ""train_logit_96"": 0.0025}",True,0.3534420815035485,0.3845668786256015
final_geometry_v15_20260930,shallow_m1024_r2,2,shallow,2,1024,33792,128,32,1.0,61fa5b97160a40ea4623d9b0909f5c6bd1efc198e054db5ea14dff80a68ca165,32,True,,,,,,,,,,,,,,,True,0.4528761835666509,0.0143006194982068,0.4319978922017738,0.4846887987327175,b_shallow,4327fe4ece9317f6fd20fad18389a71e9b1f423b,True,0.4528761835666509,021040a3ca16fc031962af4405d32b26085034b920caf09089cd44dab4261f0f,,interaction,,family,full_posterior,0.0139750167846229,8192.0,,reference_production_4|sel=2048,interaction_2,interaction_3,"{""interaction_0"": 0.2925, ""interaction_1"": 0.07375, ""interaction_2"": 0.2375, ""interaction_3"": 0.39625}",True,0.4319978922017738,0.4846887987327175
final_geometry_v15_20260930,shallow_m4096_r0,0,shallow,2,4096,135168,128,32,1.0,8a6220ba8b63029337f3aba7bf23ad58f356eb9ebe1053d6e3e3fcf5e1c55e2a,32,True,,,,,,,,,,,,,,,True,0.2880016415975563,0.0057270051340566,0.2759843827115392,0.297550890081463,b_shallow,4327fe4ece9317f6fd20fad18389a71e9b1f423b,True,0.2880016415975563,c42d4b5367c65fa5dcb34a30c443e9e774bce26cf64c6b1f15f6e759818a4a20,,loss,,family,full_posterior,0.006143921073445,8192.0,,reference_production_4|sel=2048,V,V,"{""V"": 1.0}",True,0.2759843827115392,0.297550890081463
final_geometry_v15_20260930,shallow_m4096_r0,0,shallow,2,4096,135168,128,32,1.0,8a6220ba8b63029337f3aba7bf23ad58f356eb9ebe1053d6e3e3fcf5e1c55e2a,32,True,,,,,,,,,,,,,,,True,0.3472889286655307,0.009867133415149,0.3258611812318335,0.3658497781857652,b_shallow,4327fe4ece9317f6fd20fad18389a71e9b1f423b,True,0.3472889286655307,c42d4b5367c65fa5dcb34a30c443e9e774bce26cf64c6b1f15f6e759818a4a20,,train_logit,,family,full_posterior,0.0105755857478679,8192.0,,reference_production_4|sel=2048,train_logit_96,train_logit_32,"{""train_logit_0"": 0.0525, ""train_logit_32"": 0.62875, ""train_logit_64"": 0.04125, ""train_logit_96"": 0.2775}",True,0.3258611812318335,0.3658497781857652
final_geometry_v15_20260930,shallow_m4096_r0,0,shallow,2,4096,135168,128,32,1.0,8a6220ba8b63029337f3aba7bf23ad58f356eb9ebe1053d6e3e3fcf5e1c55e2a,32,True,,,,,,,,,,,,,,,True,0.4464617423533389,0.0186174710858686,0.428261851026867,0.4967409617612302,b_shallow,4327fe4ece9317f6fd20fad18389a71e9b1f423b,True,0.4464617423533389,c42d4b5367c65fa5dcb34a30c443e9e774bce26cf64c6b1f15f6e759818a4a20,,interaction,,family,full_posterior,0.0181320296707864,8192.0,,reference_production_4|sel=2048,interaction_2,interaction_1,"{""interaction_0"": 0.38375, ""interaction_1"": 0.17375, ""interaction_2"": 0.2675, ""interaction_3"": 0.175}",True,0.428261851026867,0.4967409617612302
final_geometry_v15_20260930,shallow_m4096_r1,1,shallow,2,4096,135168,128,32,1.0,2d18a154c082aebdf0c7dff9779adbab12358b1b72ad29a412f3643b39e3fb64,64,True,,,,,,,,,,,,,,,True,0.295116703511699,0.0065638661058853,0.2827172939706587,0.3085099150476306,b_shallow,4327fe4ece9317f6fd20fad18389a71e9b1f423b,True,0.295116703511699,a4c8520eb44c75ea3099cdbac825d88d37c40066ff07f2408368c63f9fadfabc,,loss,,family,full_posterior,0.0062316085717352,8192.0,,reference_production_4|sel=2048,V,V,"{""V"": 1.0}",True,0.2827172939706587,0.3085099150476306
final_geometry_v15_20260930,shallow_m4096_r1,1,shallow,2,4096,135168,128,32,1.0,2d18a154c082aebdf0c7dff9779adbab12358b1b72ad29a412f3643b39e3fb64,32,True,,,,,,,,,,,,,,,True,0.3758507867294071,0.0121774706382502,0.3467661986566701,0.3878559696766869,b_shallow,4327fe4ece9317f6fd20fad18389a71e9b1f423b,True,0.3758507867294071,a4c8520eb44c75ea3099cdbac825d88d37c40066ff07f2408368c63f9fadfabc,,train_logit,,family,full_posterior,0.0120271005605411,8192.0,,reference_production_4|sel=2048,train_logit_64,train_logit_64,"{""train_logit_0"": 0.01, ""train_logit_64"": 0.765, ""train_logit_96"": 0.225}",True,0.3467661986566701,0.3878559696766869
final_geometry_v15_20260930,shallow_m4096_r1,1,shallow,2,4096,135168,128,32,1.0,2d18a154c082aebdf0c7dff9779adbab12358b1b72ad29a412f3643b39e3fb64,32,True,,,,,,,,,,,,,,,True,0.452072347406154,0.0152897968444241,0.4286007864654237,0.4865789620796905,b_shallow,4327fe4ece9317f6fd20fad18389a71e9b1f423b,True,0.452072347406154,a4c8520eb44c75ea3099cdbac825d88d37c40066ff07f2408368c63f9fadfabc,,interaction,,family,full_posterior,0.0173250834965447,8192.0,,reference_production_4|sel=2048,interaction_3,interaction_2,"{""interaction_0"": 0.18, ""interaction_1"": 0.20875, ""interaction_2"": 0.34875, ""interaction_3"": 0.2625}",True,0.4286007864654237,0.4865789620796905
final_geometry_v15_20260930,shallow_m4096_r2,2,shallow,2,4096,135168,128,32,1.0,8c615bef38ec1c9a9068713982d858e21e32dae4d6bf4d65ddce5685b8944212,64,True,,,,,,,,,,,,,,,True,0.2894348070000271,0.0059404310974086,0.2784028967025291,0.3012968171723231,b_shallow,4327fe4ece9317f6fd20fad18389a71e9b1f423b,True,0.2894348070000271,e6c2b29c8d23ffd4b35abeadcb98a15ed903ffdf4eae4b6206deea1eca98cb13,,loss,,family,full_posterior,0.0055415769370759,8192.0,,reference_production_4|sel=2048,V,V,"{""V"": 1.0}",True,0.2784028967025291,0.3012968171723231
final_geometry_v15_20260930,shallow_m4096_r2,2,shallow,2,4096,135168,128,32,1.0,8c615bef38ec1c9a9068713982d858e21e32dae4d6bf4d65ddce5685b8944212,32,True,,,,,,,,,,,,,,,True,0.3735298615371686,0.0096028587327134,0.3471239179466024,0.3843845479682,b_shallow,4327fe4ece9317f6fd20fad18389a71e9b1f423b,True,0.3735298615371686,e6c2b29c8d23ffd4b35abeadcb98a15ed903ffdf4eae4b6206deea1eca98cb13,,train_logit,,family,full_posterior,0.0090661868592392,8192.0,,reference_production_4|sel=2048,train_logit_0,train_logit_0,"{""train_logit_0"": 0.9275, ""train_logit_32"": 0.00125, ""train_logit_64"": 0.07125}",True,0.3471239179466024,0.3843845479682
final_geometry_v15_20260930,shallow_m4096_r2,2,shallow,2,4096,135168,128,32,1.0,8c615bef38ec1c9a9068713982d858e21e32dae4d6bf4d65ddce5685b8944212,32,True,,,,,,,,,,,,,,,True,0.4463705656907037,0.0138853322785768,0.4283246779390767,0.4838116360430868,b_shallow,4327fe4ece9317f6fd20fad18389a71e9b1f423b,True,0.4463705656907037,e6c2b29c8d23ffd4b35abeadcb98a15ed903ffdf4eae4b6206deea1eca98cb13,,interaction,,family,full_posterior,0.0144057334523861,8192.0,,reference_production_4|sel=2048,interaction_3,interaction_2,"{""interaction_0"": 0.275, ""interaction_1"": 0.045, ""interaction_2"": 0.415, ""interaction_3"": 0.265}",True,0.4283246779390767,0.4838116360430868
final_geometry_v15_20260930,deep_m0032_r0,0,deep,3,32,2080,128,32,1.0,af056e127c02b019412d5384149e30d1e6c85b146336ef076ef6b326c05fe260,64,True,,,,,,,,,,,,,,,True,0.2933175081563379,0.0076518109918428,0.2802829129792302,0.3106733786082132,b_deep,4327fe4ece9317f6fd20fad18389a71e9b1f423b,True,0.2933175081563379,071497a7f547de114b6f2eeaaf1cb152a2fd795c199819aa3d61b7557d1389dc,,loss,,family,full_posterior,0.0081025032498228,8192.0,,reference_production_4|sel=2048,V,V,"{""V"": 1.0}",True,0.2802829129792302,0.3106733786082132
final_geometry_v15_20260930,deep_m0032_r0,0,deep,3,32,2080,128,32,1.0,af056e127c02b019412d5384149e30d1e6c85b146336ef076ef6b326c05fe260,32,True,,,,,,,,,,,,,,,True,0.25453448266308,0.0066676926474744,0.2449429529497633,0.269427905156653,b_deep,4327fe4ece9317f6fd20fad18389a71e9b1f423b,True,0.25453448266308,071497a7f547de114b6f2eeaaf1cb152a2fd795c199819aa3d61b7557d1389dc,,train_logit,,family,full_posterior,0.006545620178158,8192.0,,reference_production_4|sel=2048,train_logit_96,train_logit_0,"{""train_logit_0"": 0.5475, ""train_logit_32"": 0.20875, ""train_logit_64"": 0.0125, ""train_logit_96"": 0.23125}",True,0.2449429529497633,0.269427905156653
final_geometry_v15_20260930,deep_m0032_r0,0,deep,3,32,2080,128,32,1.0,af056e127c02b019412d5384149e30d1e6c85b146336ef076ef6b326c05fe260,32,True,,,,,,,,,,,,,,,True,0.4955502811510365,0.0188110888697559,0.4640774003380034,0.5328733367312136,b_deep,4327fe4ece9317f6fd20fad18389a71e9b1f423b,True,0.4955502811510365,071497a7f547de114b6f2eeaaf1cb152a2fd795c199819aa3d61b7557d1389dc,,interaction,,family,full_posterior,0.018066208051246,8192.0,,reference_production_4|sel=2048,interaction_0,interaction_3,"{""interaction_0"": 0.46125, ""interaction_1"": 0.10125, ""interaction_2"": 0.1225, ""interaction_3"": 0.315}",True,0.4640774003380034,0.5328733367312136
final_geometry_v15_20260930,deep_m0032_r1,1,deep,3,32,2080,128,32,1.0,662315e3af404632a903759afc0db53d7616be0be60d5bbeff2faff490855fed,64,True,,,,,,,,,,,,,,,True,0.3298271051841615,0.0084314578053373,0.3117472441824428,0.3437370904984589,b_deep,4327fe4ece9317f6fd20fad18389a71e9b1f423b,True,0.3298271051841615,6721cf3a15ffb0269838fbcb7b77f74f9873720686bdd8acb5762753278a2ccd,,loss,,family,full_posterior,0.0081950860277935,8192.0,,reference_production_4|sel=2048,V,V,"{""V"": 1.0}",True,0.3117472441824428,0.3437370904984589
final_geometry_v15_20260930,deep_m0032_r1,1,deep,3,32,2080,128,32,1.0,662315e3af404632a903759afc0db53d7616be0be60d5bbeff2faff490855fed,64,True,,,,,,,,,,,,,,,True,0.2702719882025413,0.0067473287135312,0.2569153062384361,0.2834023755603932,b_deep,4327fe4ece9317f6fd20fad18389a71e9b1f423b,True,0.2702719882025413,6721cf3a15ffb0269838fbcb7b77f74f9873720686bdd8acb5762753278a2ccd,,train_logit,,family,full_posterior,0.0068342920737117,8192.0,,reference_production_4|sel=2048,train_logit_0,train_logit_96,"{""train_logit_0"": 0.42875, ""train_logit_32"": 0.03125, ""train_logit_64"": 0.08, ""train_logit_96"": 0.46}",True,0.2569153062384361,0.2834023755603932
final_geometry_v15_20260930,deep_m0032_r1,1,deep,3,32,2080,128,32,1.0,662315e3af404632a903759afc0db53d7616be0be60d5bbeff2faff490855fed,64,True,,,,,,,,,,,,,,,True,0.5050665614733887,0.0302651731921792,0.4791861809046179,0.5988440506840994,b_deep,4327fe4ece9317f6fd20fad18389a71e9b1f423b,True,0.5050665614733887,6721cf3a15ffb0269838fbcb7b77f74f9873720686bdd8acb5762753278a2ccd,,interaction,,family,full_posterior,0.0322877380322164,8192.0,,reference_production_4|sel=2048,interaction_3,interaction_1,"{""interaction_0"": 0.125, ""interaction_1"": 0.31125, ""interaction_2"": 0.33875, ""interaction_3"": 0.225}",True,0.4791861809046179,0.5988440506840994
final_geometry_v15_20260930,deep_m0032_r2,2,deep,3,32,2080,128,32,1.0,e1bd5b82d8da839a2fc5ffa8fd46793eab0e499a09e69bcda3048c51750c1a05,64,True,,,,,,,,,,,,,,,True,0.307790714028474,0.0088648296481591,0.2904834878686739,0.3242102336024474,b_deep,4327fe4ece9317f6fd20fad18389a71e9b1f423b,True,0.307790714028474,65b30b0b57ac50414e4fd1cff544dfa82cab9889fc969809389e547640c66749,,loss,,family,full_posterior,0.0088010307114498,8192.0,,reference_production_4|sel=2048,V,V,"{""V"": 1.0}",True,0.2904834878686739,0.3242102336024474
final_geometry_v15_20260930,deep_m0032_r2,2,deep,3,32,2080,128,32,1.0,e1bd5b82d8da839a2fc5ffa8fd46793eab0e499a09e69bcda3048c51750c1a05,32,True,,,,,,,,,,,,,,,True,0.2813957285329398,0.0060371284487239,0.2664669941736146,0.290548154137823,b_deep,4327fe4ece9317f6fd20fad18389a71e9b1f423b,True,0.2813957285329398,65b30b0b57ac50414e4fd1cff544dfa82cab9889fc969809389e547640c66749,,train_logit,,family,full_posterior,0.005660102115995,8192.0,,reference_production_4|sel=2048,train_logit_0,train_logit_0,"{""train_logit_0"": 0.97875, ""train_logit_32"": 0.00125, ""train_logit_96"": 0.02}",True,0.2664669941736146,0.290548154137823
final_geometry_v15_20260930,deep_m0032_r2,2,deep,3,32,2080,128,32,1.0,e1bd5b82d8da839a2fc5ffa8fd46793eab0e499a09e69bcda3048c51750c1a05,32,True,,,,,,,,,,,,,,,True,0.5217912532828126,0.0220670830823047,0.4697382381088463,0.5522078029724844,b_deep,4327fe4ece9317f6fd20fad18389a71e9b1f423b,True,0.5217912532828126,65b30b0b57ac50414e4fd1cff544dfa82cab9889fc969809389e547640c66749,,interaction,,family,full_posterior,0.0202331258578929,8192.0,,reference_production_4|sel=2048,interaction_1,interaction_1,"{""interaction_0"": 0.21375, ""interaction_1"": 0.5075, ""interaction_2"": 0.19875, ""interaction_3"": 0.08}",True,0.4697382381088463,0.5522078029724844
final_geometry_v15_20260930,deep_m0064_r0,0,deep,3,64,6208,128,32,1.0,981c8c16f8288893162866a44dc7f238a562d94baba61c4736c9e2c0a9aaafac,64,True,,,,,,,,,,,,,,,True,0.2650143325893159,0.0054854559355207,0.2549773039621349,0.2749863976600906,b_deep,4327fe4ece9317f6fd20fad18389a71e9b1f423b,True,0.2650143325893159,582185fc3a63bb8ee4cc6edb165a558242aa23b7077f582a1e27f80fe240acd0,,loss,,family,full_posterior,0.0055508395627568,8192.0,,reference_production_4|sel=2048,V,V,"{""V"": 1.0}",True,0.2549773039621349,0.2749863976600906
final_geometry_v15_20260930,deep_m0064_r0,0,deep,3,64,6208,128,32,1.0,981c8c16f8288893162866a44dc7f238a562d94baba61c4736c9e2c0a9aaafac,32,True,,,,,,,,,,,,,,,True,0.2520864068364793,0.0061257552920567,0.2418658885804082,0.2654734112187389,b_deep,4327fe4ece9317f6fd20fad18389a71e9b1f423b,True,0.2520864068364793,582185fc3a63bb8ee4cc6edb165a558242aa23b7077f582a1e27f80fe240acd0,,train_logit,,family,full_posterior,0.0061524868707954,8192.0,,reference_production_4|sel=2048,train_logit_96,train_logit_64,"{""train_logit_0"": 0.07, ""train_logit_32"": 0.23625, ""train_logit_64"": 0.19875, ""train_logit_96"": 0.495}",True,0.2418658885804082,0.2654734112187389
final_geometry_v15_20260930,deep_m0064_r0,0,deep,3,64,6208,128,32,1.0,981c8c16f8288893162866a44dc7f238a562d94baba61c4736c9e2c0a9aaafac,32,True,,,,,,,,,,,,,,,True,0.4609209850278637,0.0238445063786792,0.4230545030934287,0.5093921572657469,b_deep,4327fe4ece9317f6fd20fad18389a71e9b1f423b,True,0.4609209850278637,582185fc3a63bb8ee4cc6edb165a558242aa23b7077f582a1e27f80fe240acd0,,interaction,,family,full_posterior,0.0230497429961888,8192.0,,reference_production_4|sel=2048,interaction_3,interaction_2,"{""interaction_0"": 0.16375, ""interaction_1"": 0.06375, ""interaction_2"": 0.5725, ""interaction_3"": 0.2}",True,0.4230545030934287,0.5093921572657469
final_geometry_v15_20260930,deep_m0064_r1,1,deep,3,64,6208,128,32,1.0,cffc441cee2bd015a78c885c0750263a0ede3b1b8b3eb5af88b7ed906fea8e96,64,True,,,,,,,,,,,,,,,True,0.2970285093862004,0.0072469890201666,0.2798393841546545,0.3079706693267293,b_deep,4327fe4ece9317f6fd20fad18389a71e9b1f423b,True,0.2970285093862004,9e6ac88405fb3b11d6f1ced5dcfbcff994228697799e3d637681f59a96e00b74,,loss,,family,full_posterior,0.0080805494268543,8192.0,,reference_production_4|sel=2048,V,V,"{""V"": 1.0}",True,0.2798393841546545,0.3079706693267293
final_geometry_v15_20260930,deep_m0064_r1,1,deep,3,64,6208,128,32,1.0,cffc441cee2bd015a78c885c0750263a0ede3b1b8b3eb5af88b7ed906fea8e96,32,True,,,,,,,,,,,,,,,True,0.2756862575047986,0.0064811321343925,0.2593255841167197,0.2827135749607822,b_deep,4327fe4ece9317f6fd20fad18389a71e9b1f423b,True,0.2756862575047986,9e6ac88405fb3b11d6f1ced5dcfbcff994228697799e3d637681f59a96e00b74,,train_logit,,family,full_posterior,0.0071655330527335,8192.0,,reference_production_4|sel=2048,train_logit_0,train_logit_0,"{""train_logit_0"": 0.53625, ""train_logit_64"": 0.4025, ""train_logit_96"": 0.06125}",True,0.2593255841167197,0.2827135749607822
final_geometry_v15_20260930,deep_m0064_r1,1,deep,3,64,6208,128,32,1.0,cffc441cee2bd015a78c885c0750263a0ede3b1b8b3eb5af88b7ed906fea8e96,32,True,,,,,,,,,,,,,,,True,0.4878566062826964,0.0198480026083645,0.4621055288181015,0.536786987737414,b_deep,4327fe4ece9317f6fd20fad18389a71e9b1f423b,True,0.4878566062826964,9e6ac88405fb3b11d6f1ced5dcfbcff994228697799e3d637681f59a96e00b74,,interaction,,family,full_posterior,0.0195419883322301,8192.0,,reference_production_4|sel=2048,interaction_3,interaction_2,"{""interaction_0"": 0.16, ""interaction_1"": 0.15875, ""interaction_2"": 0.18125, ""interaction_3"": 0.5}",True,0.4621055288181015,0.536786987737414
final_geometry_v15_20260930,deep_m0064_r2,2,deep,3,64,6208,128,32,1.0,5e7e9d9b0e46c28d13a71799ccda6b52c4855a61024370dac3c38fe8cb82e7c3,64,True,,,,,,,,,,,,,,,True,0.285721416396385,0.006729050329571,0.2727939874645555,0.298061626999215,b_deep,4327fe4ece9317f6fd20fad18389a71e9b1f423b,True,0.285721416396385,81ce3389a72aeb7fe37b8e69aad3c1b302e6f2b175c4c88f664698d06d1f2e28,,loss,,family,full_posterior,0.0058883928255263,8192.0,,reference_production_4|sel=2048,V,V,"{""V"": 1.0}",True,0.2727939874645555,0.298061626999215
final_geometry_v15_20260930,deep_m0064_r2,2,deep,3,64,6208,128,32,1.0,5e7e9d9b0e46c28d13a71799ccda6b52c4855a61024370dac3c38fe8cb82e7c3,32,True,,,,,,,,,,,,,,,True,0.2711498552491493,0.0083778281860169,0.2499285355406252,0.2797156591905611,b_deep,4327fe4ece9317f6fd20fad18389a71e9b1f423b,True,0.2711498552491493,81ce3389a72aeb7fe37b8e69aad3c1b302e6f2b175c4c88f664698d06d1f2e28,,train_logit,,family,full_posterior,0.0079984398621512,8192.0,,reference_production_4|sel=2048,train_logit_0,train_logit_0,"{""train_logit_0"": 0.8675, ""train_logit_32"": 0.02, ""train_logit_64"": 0.0675, ""train_logit_96"": 0.045}",True,0.2499285355406252,0.2797156591905611
final_geometry_v15_20260930,deep_m0064_r2,2,deep,3,64,6208,128,32,1.0,5e7e9d9b0e46c28d13a71799ccda6b52c4855a61024370dac3c38fe8cb82e7c3,32,True,,,,,,,,,,,,,,,True,0.4834885092280124,0.0155084038950773,0.45801601636037,0.5179707422305343,b_deep,4327fe4ece9317f6fd20fad18389a71e9b1f423b,True,0.4834885092280124,81ce3389a72aeb7fe37b8e69aad3c1b302e6f2b175c4c88f664698d06d1f2e28,,interaction,,family,full_posterior,0.0153630387429157,8192.0,,reference_production_4|sel=2048,interaction_1,interaction_0,"{""interaction_0"": 0.37875, ""interaction_1"": 0.29, ""interaction_2"": 0.235, ""interaction_3"": 0.09625}",True,0.45801601636037,0.5179707422305343
final_geometry_v15_20260930,deep_m0128_r0,0,deep,3,128,20608,128,32,1.0,a3fbfe3694a6d3a7a8f724b8f6e362367e3afc7860a1c5f1481a53f3e86fcfbf,32,True,,,,,,,,,,,,,,,True,0.2414557286812975,0.0046940006908255,0.2333311532644647,0.2516819140092626,b_deep,4327fe4ece9317f6fd20fad18389a71e9b1f423b,True,0.2414557286812975,9fc7ed57572797b78206060d4de3474940dc38fe7e09b756af148a0fd1e1b894,,loss,,family,full_posterior,0.0053016832724163,8192.0,,reference_production_4|sel=2048,V,V,"{""V"": 1.0}",True,0.2333311532644647,0.2516819140092626
final_geometry_v15_20260930,deep_m0128_r0,0,deep,3,128,20608,128,32,1.0,a3fbfe3694a6d3a7a8f724b8f6e362367e3afc7860a1c5f1481a53f3e86fcfbf,32,True,,,,,,,,,,,,,,,True,0.2501570138897095,0.0057690067767528,0.2391803922289943,0.2613537796435379,b_deep,4327fe4ece9317f6fd20fad18389a71e9b1f423b,True,0.2501570138897095,9fc7ed57572797b78206060d4de3474940dc38fe7e09b756af148a0fd1e1b894,,train_logit,,family,full_posterior,0.0059498751567463,8192.0,,reference_production_4|sel=2048,train_logit_96,train_logit_32,"{""train_logit_0"": 0.05875, ""train_logit_32"": 0.3975, ""train_logit_64"": 0.04875, ""train_logit_96"": 0.495}",True,0.2391803922289943,0.2613537796435379
final_geometry_v15_20260930,deep_m0128_r0,0,deep,3,128,20608,128,32,1.0,a3fbfe3694a6d3a7a8f724b8f6e362367e3afc7860a1c5f1481a53f3e86fcfbf,32,True,,,,,,,,,,,,,,,True,0.4653740689540592,0.0159410444225228,0.4419458224826165,0.5034000989172842,b_deep,4327fe4ece9317f6fd20fad18389a71e9b1f423b,True,0.4653740689540592,9fc7ed57572797b78206060d4de3474940dc38fe7e09b756af148a0fd1e1b894,,interaction,,family,full_posterior,0.0164291295190593,8192.0,,reference_production_4|sel=2048,interaction_3,interaction_1,"{""interaction_0"": 0.14375, ""interaction_1"": 0.39625, ""interaction_2"": 0.19125, ""interaction_3"": 0.26875}",True,0.4419458224826165,0.5034000989172842
final_geometry_v15_20260930,deep_m0128_r1,1,deep,3,128,20608,128,32,1.0,12140e25162df7ed81599a111742b07052ef21dac4d3086bb8a4c937317db44a,64,True,,,,,,,,,,,,,,,True,0.2596852877693296,0.005866379144305,0.2475699641799685,0.2707505458128786,b_deep,4327fe4ece9317f6fd20fad18389a71e9b1f423b,True,0.2596852877693296,cc56a095badc669837928b678dae19300f59334f1f406e8e5538c829aa2842bb,,loss,,family,full_posterior,0.0057829178947507,8192.0,,reference_production_4|sel=2048,V,V,"{""V"": 1.0}",True,0.2475699641799685,0.2707505458128786
final_geometry_v15_20260930,deep_m0128_r1,1,deep,3,128,20608,128,32,1.0,12140e25162df7ed81599a111742b07052ef21dac4d3086bb8a4c937317db44a,32,True,,,,,,,,,,,,,,,True,0.2701388550670083,0.0062668138036445,0.2565910642502723,0.2808473089211885,b_deep,4327fe4ece9317f6fd20fad18389a71e9b1f423b,True,0.2701388550670083,cc56a095badc669837928b678dae19300f59334f1f406e8e5538c829aa2842bb,,train_logit,,family,full_posterior,0.0063364945259745,8192.0,,reference_production_4|sel=2048,train_logit_96,train_logit_96,"{""train_logit_0"": 0.205, ""train_logit_32"": 0.02, ""train_logit_64"": 0.08875, ""train_logit_96"": 0.68625}",True,0.2565910642502723,0.2808473089211885
final_geometry_v15_20260930,deep_m0128_r1,1,deep,3,128,20608,128,32,1.0,12140e25162df7ed81599a111742b07052ef21dac4d3086bb8a4c937317db44a,32,True,,,,,,,,,,,,,,,True,0.4614622356447113,0.0156535043310228,0.4372136088204456,0.5000333569611298,b_deep,4327fe4ece9317f6fd20fad18389a71e9b1f423b,True,0.4614622356447113,cc56a095badc669837928b678dae19300f59334f1f406e8e5538c829aa2842bb,,interaction,,family,full_posterior,0.0156966224843148,8192.0,,reference_production_4|sel=2048,interaction_0,interaction_3,"{""interaction_0"": 0.3475, ""interaction_1"": 0.1225, ""interaction_2"": 0.1775, ""interaction_3"": 0.3525}",True,0.4372136088204456,0.5000333569611298
final_geometry_v15_20260930,deep_m0128_r2,2,deep,3,128,20608,128,32,1.0,ab9e24560eea0ddc4fd775ee6d516b1daa269452cd648f2739f422995dd944b3,64,True,,,,,,,,,,,,,,,True,0.2485193834038168,0.005058176988139,0.2378370812624676,0.2578775692019094,b_deep,4327fe4ece9317f6fd20fad18389a71e9b1f423b,True,0.2485193834038168,64f6d94f9a6865f1e66b96de75fa5b508ab7112582bac06e89b66c72b3056b79,,loss,,family,full_posterior,0.00472972845092,8192.0,,reference_production_4|sel=2048,V,V,"{""V"": 1.0}",True,0.2378370812624676,0.2578775692019094
final_geometry_v15_20260930,deep_m0128_r2,2,deep,3,128,20608,128,32,1.0,ab9e24560eea0ddc4fd775ee6d516b1daa269452cd648f2739f422995dd944b3,32,True,,,,,,,,,,,,,,,True,0.271588192996101,0.0078207173262707,0.2523681260202701,0.2785922357110813,b_deep,4327fe4ece9317f6fd20fad18389a71e9b1f423b,True,0.271588192996101,64f6d94f9a6865f1e66b96de75fa5b508ab7112582bac06e89b66c72b3056b79,,train_logit,,family,full_posterior,0.0083197601513219,8192.0,,reference_production_4|sel=2048,train_logit_0,train_logit_0,"{""train_logit_0"": 0.7425, ""train_logit_64"": 0.25625, ""train_logit_96"": 0.00125}",True,0.2523681260202701,0.2785922357110813
final_geometry_v15_20260930,deep_m0128_r2,2,deep,3,128,20608,128,32,1.0,ab9e24560eea0ddc4fd775ee6d516b1daa269452cd648f2739f422995dd944b3,32,True,,,,,,,,,,,,,,,True,0.497369610406813,0.0255396475936021,0.4373049758977324,0.5256327754576804,b_deep,4327fe4ece9317f6fd20fad18389a71e9b1f423b,True,0.497369610406813,64f6d94f9a6865f1e66b96de75fa5b508ab7112582bac06e89b66c72b3056b79,,interaction,,family,full_posterior,0.0249558546585328,8192.0,,reference_production_4|sel=2048,interaction_2,interaction_2,"{""interaction_0"": 0.09125, ""interaction_1"": 0.06625, ""interaction_2"": 0.64875, ""interaction_3"": 0.19375}",True,0.4373049758977324,0.5256327754576804
final_geometry_v15_20260930,deep_m0256_r0,0,deep,3,256,73984,128,32,1.0,2814b4d76a9cc9419ec01ed447161e8acf050a7bbe1b8e92bdfa0e832e724270,32,True,,,,,,,,,,,,,,,True,0.2420524594338294,0.0048167652854277,0.2332573281241496,0.25114042238953,b_deep,4327fe4ece9317f6fd20fad18389a71e9b1f423b,True,0.2420524594338294,26053644a43eb048de684b7050a94fa78f2ebb10abd590cb99f65dc0baae3191,,loss,,family,full_posterior,0.0047297526651449,8192.0,,reference_production_4|sel=2048,V,V,"{""V"": 1.0}",True,0.2332573281241496,0.25114042238953
final_geometry_v15_20260930,deep_m0256_r0,0,deep,3,256,73984,128,32,1.0,2814b4d76a9cc9419ec01ed447161e8acf050a7bbe1b8e92bdfa0e832e724270,32,True,,,,,,,,,,,,,,,True,0.2520273130115487,0.0060733710732527,0.2402581203864793,0.2624790660018829,b_deep,4327fe4ece9317f6fd20fad18389a71e9b1f423b,True,0.2520273130115487,26053644a43eb048de684b7050a94fa78f2ebb10abd590cb99f65dc0baae3191,,train_logit,,family,full_posterior,0.0063548353632099,8192.0,,reference_production_4|sel=2048,train_logit_32,train_logit_96,"{""train_logit_0"": 0.10625, ""train_logit_32"": 0.43875, ""train_logit_64"": 0.1275, ""train_logit_96"": 0.3275}",True,0.2402581203864793,0.2624790660018829
final_geometry_v15_20260930,deep_m0256_r0,0,deep,3,256,73984,128,32,1.0,2814b4d76a9cc9419ec01ed447161e8acf050a7bbe1b8e92bdfa0e832e724270,32,True,,,,,,,,,,,,,,,True,0.4795823892047881,0.0164783744219392,0.4416896892078066,0.5039219806121565,b_deep,4327fe4ece9317f6fd20fad18389a71e9b1f423b,True,0.4795823892047881,26053644a43eb048de684b7050a94fa78f2ebb10abd590cb99f65dc0baae3191,,interaction,,family,full_posterior,0.0178635066417418,8192.0,,reference_production_4|sel=2048,interaction_1,interaction_1,"{""interaction_0"": 0.1675, ""interaction_1"": 0.525, ""interaction_2"": 0.16625, ""interaction_3"": 0.14125}",True,0.4416896892078066,0.5039219806121565
final_geometry_v15_20260930,deep_m0256_r1,1,deep,3,256,73984,128,32,1.0,09d81740c09e1434a4c78134a13a48b854f29cf5822e72d75983713cdb747963,64,True,,,,,,,,,,,,,,,True,0.2459593107068783,0.0046982230996572,0.2351470463633649,0.2550358711811516,b_deep,4327fe4ece9317f6fd20fad18389a71e9b1f423b,True,0.2459593107068783,730e4f17bcedf61bcf9781789d396e3460316d3788d7d1d55b2ca11e40a11643,,loss,,family,full_posterior,0.0042467073973694,8192.0,,reference_production_4|sel=2048,V,V,"{""V"": 1.0}",True,0.2351470463633649,0.2550358711811516
final_geometry_v15_20260930,deep_m0256_r1,1,deep,3,256,73984,128,32,1.0,09d81740c09e1434a4c78134a13a48b854f29cf5822e72d75983713cdb747963,32,True,,,,,,,,,,,,,,,True,0.2671450954649607,0.0078407847525762,0.2462202909540344,0.2759192834489612,b_deep,4327fe4ece9317f6fd20fad18389a71e9b1f423b,True,0.2671450954649607,730e4f17bcedf61bcf9781789d396e3460316d3788d7d1d55b2ca11e40a11643,,train_logit,,family,full_posterior,0.0077078688720625,8192.0,,reference_production_4|sel=2048,train_logit_96,train_logit_96,"{""train_logit_0"": 0.245, ""train_logit_32"": 0.04375, ""train_logit_64"": 0.05125, ""train_logit_96"": 0.66}",True,0.2462202909540344,0.2759192834489612
final_geometry_v15_20260930,deep_m0256_r1,1,deep,3,256,73984,128,32,1.0,09d81740c09e1434a4c78134a13a48b854f29cf5822e72d75983713cdb747963,32,True,,,,,,,,,,,,,,,True,0.4772373123602786,0.0171962782499412,0.4498448836599522,0.5174747392871735,b_deep,4327fe4ece9317f6fd20fad18389a71e9b1f423b,True,0.4772373123602786,730e4f17bcedf61bcf9781789d396e3460316d3788d7d1d55b2ca11e40a11643,,interaction,,family,full_posterior,0.0168049681226946,8192.0,,reference_production_4|sel=2048,interaction_0,interaction_3,"{""interaction_0"": 0.48625, ""interaction_1"": 0.04125, ""interaction_2"": 0.035, ""interaction_3"": 0.4375}",True,0.4498448836599522,0.5174747392871735
final_geometry_v15_20260930,deep_m0256_r2,2,deep,3,256,73984,128,32,1.0,7d2b17335b5ae481f00e8793369fbe114f3ea563c80b91b01102266c3ab73d1e,32,True,,,,,,,,,,,,,,,True,0.2294613714684757,0.0043677901226219,0.220957328507378,0.2377587609691575,b_deep,4327fe4ece9317f6fd20fad18389a71e9b1f423b,True,0.2294613714684757,6d0c7a40235843727b7f20c09086921a471df32f597d55b0344ad0045c32577d,,loss,,family,full_posterior,0.004002783723331,8192.0,,reference_production_4|sel=2048,V,V,"{""V"": 1.0}",True,0.220957328507378,0.2377587609691575
final_geometry_v15_20260930,deep_m0256_r2,2,deep,3,256,73984,128,32,1.0,7d2b17335b5ae481f00e8793369fbe114f3ea563c80b91b01102266c3ab73d1e,32,True,,,,,,,,,,,,,,,True,0.2616851002967136,0.0072673850445567,0.2407803779464852,0.2714800288932642,b_deep,4327fe4ece9317f6fd20fad18389a71e9b1f423b,True,0.2616851002967136,6d0c7a40235843727b7f20c09086921a471df32f597d55b0344ad0045c32577d,,train_logit,,family,full_posterior,0.007585318462838,8192.0,,reference_production_4|sel=2048,train_logit_0,train_logit_0,"{""train_logit_0"": 0.735, ""train_logit_32"": 0.02375, ""train_logit_64"": 0.2375, ""train_logit_96"": 0.00375}",True,0.2407803779464852,0.2714800288932642
final_geometry_v15_20260930,deep_m0256_r2,2,deep,3,256,73984,128,32,1.0,7d2b17335b5ae481f00e8793369fbe114f3ea563c80b91b01102266c3ab73d1e,32,True,,,,,,,,,,,,,,,True,0.478095565915223,0.0202034490079383,0.4303190105876981,0.5012706892488006,b_deep,4327fe4ece9317f6fd20fad18389a71e9b1f423b,True,0.478095565915223,6d0c7a40235843727b7f20c09086921a471df32f597d55b0344ad0045c32577d,,interaction,,family,full_posterior,0.0197981729298475,8192.0,,reference_production_4|sel=2048,interaction_1,interaction_1,"{""interaction_0"": 0.20875, ""interaction_1"": 0.52625, ""interaction_2"": 0.1375, ""interaction_3"": 0.1275}",True,0.4303190105876981,0.5012706892488006
