L,S_q0.5,S_q0.95,S_q0.99,a,architecture,campaign_id,chain_id,code_revision,d,execution_hash,exits,first_draw,inside,inspected_states,last_draw,law,m,n,occupancy,p,replicate,saved_stride,sigma,stage,target_hash,target_id,unresolved,S_ess_bulk,S_ess_tail,S_q0.5_block_stable,S_q0.5_mc_high,S_q0.5_mc_low,S_q0.5_mcse,S_q0.95_block_stable,S_q0.95_mc_high,S_q0.95_mc_low,S_q0.95_mcse,S_q0.99_block_stable,S_q0.99_mc_high,S_q0.99_mc_low,S_q0.99_mcse,S_rhat,backend_check_ok,backend_max_rel_diff,chains_with_exits,indicator_status,occupancy_high_numerical,occupancy_low_numerical,occupancy_uncertainty
3,0.7632485900905017,0.818250911846241,0.8446721344349383,2.5,deep,final_geometry_v15_20260930,all,4327fe4ece9317f6fd20fad18389a71e9b1f423b,32,071497a7f547de114b6f2eeaaf1cb152a2fd795c199819aa3d61b7557d1389dc,0,,16384,16384,,full_posterior_archive,32,128,1.0,2080,0,,1.0,reference_production_4,af056e127c02b019412d5384149e30d1e6c85b146336ef076ef6b326c05fe260,deep_m0032_r0,0,6468.036205798624,10716.10723252876,True,0.7641131315953706,0.7624415853490685,0.0004307026825555,True,0.8199067506811514,0.8171094127356862,0.0006400006340449,True,0.8477581334700093,0.841383380902674,0.0017171309872843,1.0002184829351912,True,1.0818033008050719e-14,0.0,not_estimable_zero_exits,1.0,1.0,0 exits / 16384 inspected archived states
3,0.7653820776075095,0.8213916581562735,0.8478497422027731,2.5,deep,final_geometry_v15_20260930,all,4327fe4ece9317f6fd20fad18389a71e9b1f423b,32,6721cf3a15ffb0269838fbcb7b77f74f9873720686bdd8acb5762753278a2ccd,0,,16384,16384,,full_posterior_archive,32,128,1.0,2080,1,,1.0,reference_production_4,662315e3af404632a903759afc0db53d7616be0be60d5bbeff2faff490855fed,deep_m0032_r1,0,5172.104146112059,8512.946070719014,True,0.7662284858389827,0.764493868977251,0.0004605614720881,True,0.8233231615235322,0.8195707200943081,0.0009308574012776,True,0.8505984784482588,0.8456249471025002,0.0013147224061342,1.000465162609513,True,1.0919415604671811e-14,0.0,not_estimable_zero_exits,1.0,1.0,0 exits / 16384 inspected archived states
3,0.7631869399827678,0.8187085903742314,0.8435782059141879,2.5,deep,final_geometry_v15_20260930,all,4327fe4ece9317f6fd20fad18389a71e9b1f423b,32,65b30b0b57ac50414e4fd1cff544dfa82cab9889fc969809389e547640c66749,0,,16384,16384,,full_posterior_archive,32,128,1.0,2080,2,,1.0,reference_production_4,e1bd5b82d8da839a2fc5ffa8fd46793eab0e499a09e69bcda3048c51750c1a05,deep_m0032_r2,0,6730.641955576104,10013.3049688404,True,0.7642952891313362,0.7624202424154602,0.0004441890600221,True,0.820045449045359,0.8171348079034404,0.0007444463709353,True,0.8463068758716299,0.8411868287301684,0.0012118413286877,1.00027882120054,True,1.1275286875431476e-14,0.0,not_estimable_zero_exits,1.0,1.0,0 exits / 16384 inspected archived states
3,0.7772318547793321,0.8123728483641519,0.8288458374546523,2.5,deep,final_geometry_v15_20260930,all,4327fe4ece9317f6fd20fad18389a71e9b1f423b,32,582185fc3a63bb8ee4cc6edb165a558242aa23b7077f582a1e27f80fe240acd0,0,,16384,16384,,full_posterior_archive,64,128,1.0,6208,0,,1.0,reference_production_4,981c8c16f8288893162866a44dc7f238a562d94baba61c4736c9e2c0a9aaafac,deep_m0064_r0,0,7951.705460908662,12048.375487177032,True,0.777825017017572,0.7767528957508185,0.000280836134969,True,0.8134043092989923,0.8117820361868081,0.0004147783730303,True,0.8301710388459805,0.8275678298365842,0.0007632304850265,1.000331267047904,True,1.6394096182304674e-14,0.0,not_estimable_zero_exits,1.0,1.0,0 exits / 16384 inspected archived states
3,0.7777321257962075,0.812609848886536,0.831019203385561,2.5,deep,final_geometry_v15_20260930,all,4327fe4ece9317f6fd20fad18389a71e9b1f423b,32,9e6ac88405fb3b11d6f1ced5dcfbcff994228697799e3d637681f59a96e00b74,0,,16384,16384,,full_posterior_archive,64,128,1.0,6208,1,,1.0,reference_production_4,cffc441cee2bd015a78c885c0750263a0ede3b1b8b3eb5af88b7ed906fea8e96,deep_m0064_r1,0,5547.940706993987,9692.819353795532,True,0.7783260049012343,0.7771942737375326,0.0002816082742109,True,0.8135211394898936,0.8117979854037624,0.0004563867137544,True,0.8328660999705243,0.829360663552125,0.000850467588545,1.0002270104523026,True,1.4333782866042338e-14,0.0,not_estimable_zero_exits,1.0,1.0,0 exits / 16384 inspected archived states
3,0.7767891569266256,0.8120944368653543,0.8291021026432163,2.5,deep,final_geometry_v15_20260930,all,4327fe4ece9317f6fd20fad18389a71e9b1f423b,32,81ce3389a72aeb7fe37b8e69aad3c1b302e6f2b175c4c88f664698d06d1f2e28,0,,16384,16384,,full_posterior_archive,64,128,1.0,6208,2,,1.0,reference_production_4,5e7e9d9b0e46c28d13a71799ccda6b52c4855a61024370dac3c38fe8cb82e7c3,deep_m0064_r2,0,7721.550594851554,11491.870444720504,True,0.7773543408489679,0.7762982496169218,0.0002867302856934,True,0.8130859230253925,0.8114168068582975,0.000445425119848,True,0.8304098257336724,0.8275007593416208,0.0006854217927337,1.0006901932743666,True,1.769815396273453e-14,0.0,not_estimable_zero_exits,1.0,1.0,0 exits / 16384 inspected archived states
3,0.7859047681877694,0.8081109226737411,0.8185803757574306,2.5,deep,final_geometry_v15_20260930,all,4327fe4ece9317f6fd20fad18389a71e9b1f423b,32,9fc7ed57572797b78206060d4de3474940dc38fe7e09b756af148a0fd1e1b894,0,,16384,16384,,full_posterior_archive,128,128,1.0,20608,0,,1.0,reference_production_4,a3fbfe3694a6d3a7a8f724b8f6e362367e3afc7860a1c5f1481a53f3e86fcfbf,deep_m0128_r0,0,9447.532647660875,12989.571877090297,True,0.7862096336444298,0.7856452179317053,0.00014800756142,True,0.8085968072396255,0.8076433799851991,0.0002342255826244,True,0.8194564295612472,0.8177020014620594,0.0004782060901897,1.0001593156814634,True,2.5806051469367755e-14,0.0,not_estimable_zero_exits,1.0,1.0,0 exits / 16384 inspected archived states
3,0.7860508864609442,0.8081138614970117,0.818833060873207,2.5,deep,final_geometry_v15_20260930,all,4327fe4ece9317f6fd20fad18389a71e9b1f423b,32,cc56a095badc669837928b678dae19300f59334f1f406e8e5538c829aa2842bb,0,,16384,16384,,full_posterior_archive,128,128,1.0,20608,1,,1.0,reference_production_4,12140e25162df7ed81599a111742b07052ef21dac4d3086bb8a4c937317db44a,deep_m0128_r1,0,7460.055482781066,11792.794710464364,True,0.7862926970745768,0.7857529115357256,0.0001420498869367,True,0.8088520037926981,0.8077104400684307,0.0002995804526051,True,0.8199040603274861,0.8176268892182635,0.0005710910109757,1.000238288152455,True,2.868860754721026e-14,0.0,not_estimable_zero_exits,1.0,1.0,0 exits / 16384 inspected archived states
3,0.7858584963395077,0.8080778748711822,0.8185805155813802,2.5,deep,final_geometry_v15_20260930,all,4327fe4ece9317f6fd20fad18389a71e9b1f423b,32,64f6d94f9a6865f1e66b96de75fa5b508ab7112582bac06e89b66c72b3056b79,0,,16384,16384,,full_posterior_archive,128,128,1.0,20608,2,,1.0,reference_production_4,ab9e24560eea0ddc4fd775ee6d516b1daa269452cd648f2739f422995dd944b3,deep_m0128_r2,0,9219.690588224934,12951.329732920463,True,0.7861320430750245,0.785556282020265,0.0001506320712633,True,0.8085792278136128,0.8075892680550358,0.0002779289869322,True,0.8195100031760502,0.817909187477304,0.0004115380780934,1.0003648718507487,True,4.8033042423998095e-14,0.0,not_estimable_zero_exits,1.0,1.0,0 exits / 16384 inspected archived states
3,0.7911591943210655,0.8051640098041019,0.8117888097218089,2.5,deep,final_geometry_v15_20260930,all,4327fe4ece9317f6fd20fad18389a71e9b1f423b,32,26053644a43eb048de684b7050a94fa78f2ebb10abd590cb99f65dc0baae3191,0,,16384,16384,,full_posterior_archive,256,128,1.0,73984,0,,1.0,reference_production_4,2814b4d76a9cc9419ec01ed447161e8acf050a7bbe1b8e92bdfa0e832e724270,deep_m0256_r0,0,9861.483644305636,13521.259943155805,True,0.7913683967864868,0.7909790338937452,9.699088352425806e-05,True,0.8055268191521837,0.8048307978991422,0.0001933486522146,True,0.8123884665177971,0.8112983905537675,0.0002817606496536,1.0004470005306931,True,7.52078358817306e-14,0.0,not_estimable_zero_exits,1.0,1.0,0 exits / 16384 inspected archived states
3,0.7912708219970436,0.8050388040488946,0.8113535681535425,2.5,deep,final_geometry_v15_20260930,all,4327fe4ece9317f6fd20fad18389a71e9b1f423b,32,730e4f17bcedf61bcf9781789d396e3460316d3788d7d1d55b2ca11e40a11643,0,,16384,16384,,full_posterior_archive,256,128,1.0,73984,1,,1.0,reference_production_4,09d81740c09e1434a4c78134a13a48b854f29cf5822e72d75983713cdb747963,deep_m0256_r1,0,9406.54321283574,13085.310484820113,True,0.7914204714702686,0.791083802996404,9.002862369383826e-05,True,0.8053710855031111,0.8047119092528229,0.000170188307998,True,0.8119054753773942,0.8108497969542671,0.0002651204982371,1.0000589560682611,True,5.5200582537102514e-14,0.0,not_estimable_zero_exits,1.0,1.0,0 exits / 16384 inspected archived states
3,0.7913119947989091,0.8050901541878458,0.8115896977832054,2.5,deep,final_geometry_v15_20260930,all,4327fe4ece9317f6fd20fad18389a71e9b1f423b,32,6d0c7a40235843727b7f20c09086921a471df32f597d55b0344ad0045c32577d,0,,16384,16384,,full_posterior_archive,256,128,1.0,73984,2,,1.0,reference_production_4,7d2b17335b5ae481f00e8793369fbe114f3ea563c80b91b01102266c3ab73d1e,deep_m0256_r2,0,9725.155734215725,14096.176167947448,True,0.7915224827137329,0.7910996391035918,0.0001100085312557,True,0.8054392455194312,0.8048049471306741,0.0001623811535208,True,0.8120939043539378,0.8110853077328392,0.0002598795476371,1.0005340044101876,True,7.421811241754055e-14,0.0,not_estimable_zero_exits,1.0,1.0,0 exits / 16384 inspected archived states
