L,T_per_chain,architecture,block_length,block_stable,boot_reason,campaign_id,code_revision,d,enough_blocks,estimate,estimate_over_sigma2,execution_hash,failure_reason,family,h,law,m,max_tau_full_pool,mc_high,mc_high_over_sigma2,mc_low,mc_low_over_sigma2,mcse,mcse_doubled_block,n,n_draws_used,p,precision_pass,precision_reasons,replicate,selected_fold_A_to_B,selected_fold_B_to_A,selection_frequencies,sigma,stage,target_hash,target_id,validity,role,architecture_dynamics_status,acceptance_min,max_rejection_streak,grad_evals_run,grad_evals_target_total,validity_b
2,1024.0,shallow,1024,True,,final_geometry_v15_20260930,4327fe4ece9317f6fd20fad18389a71e9b1f423b,32,True,0.4815151126218729,0.4815151126218729,f22190c1cd1da2f9fb2c434d433ad09b6625c74355174329534b70bffc3f5e47,;architecture_dynamics_dynamics_unresolved,loss,0.01,full_posterior,64,0.484780518129473,0.4921536035532023,0.4921536035532023,0.3846101626113318,0.3846101626113318,0.0285061180569433,0.0314311459202461,128,409600,2112,True,,0,V,V,"{""V"": 1.0}",1.0,dynamics_h_0p01_stage_2,71538f5fc37b1391ecadd17c52b8587909347d90439f7dcd7fdebf72a743c41f,shallow_m0064_r0,False,production_final,dynamics_unresolved,0.9925390625,3,417604,1463113,False
2,1024.0,shallow,2048,True,,final_geometry_v15_20260930,4327fe4ece9317f6fd20fad18389a71e9b1f423b,32,True,0.4712255269704868,0.4712255269704868,f22190c1cd1da2f9fb2c434d433ad09b6625c74355174329534b70bffc3f5e47,;architecture_dynamics_dynamics_unresolved,train_logit,0.01,full_posterior,64,0.525893393354568,0.5548362332127014,0.5548362332127014,0.4010968172033313,0.4010968172033313,0.0402527628656071,0.0429632325625324,128,409600,2112,True,,0,train_logit_16,train_logit_64,"{""train_logit_0"": 0.00875, ""train_logit_112"": 0.005, ""train_logit_16"": 0.1425, ""train_logit_32"": 0.0125, ""train_logit_48"": 0.04, ""train_logit_64"": 0.36375, ""train_logit_80"": 0.29375, ""train_logit_96"": 0.13375}",1.0,dynamics_h_0p01_stage_2,71538f5fc37b1391ecadd17c52b8587909347d90439f7dcd7fdebf72a743c41f,shallow_m0064_r0,False,production_final,dynamics_unresolved,0.9925390625,3,417604,1463113,False
2,1024.0,shallow,2048,True,,final_geometry_v15_20260930,4327fe4ece9317f6fd20fad18389a71e9b1f423b,32,True,0.4740693663568042,0.4740693663568042,f22190c1cd1da2f9fb2c434d433ad09b6625c74355174329534b70bffc3f5e47,;architecture_dynamics_dynamics_unresolved,test_probability,0.01,full_posterior,64,0.5311966301439541,0.5693029954301774,0.5693029954301774,0.41948855844004,0.41948855844004,0.0356842812069423,0.0348810918202163,128,409600,2112,True,,0,test_prob_512,test_prob_256,"{""test_prob_0"": 0.1125, ""test_prob_128"": 0.19375, ""test_prob_256"": 0.16625, ""test_prob_384"": 0.055, ""test_prob_512"": 0.2675, ""test_prob_640"": 0.145, ""test_prob_768"": 0.03625, ""test_prob_896"": 0.02375}",1.0,dynamics_h_0p01_stage_2,71538f5fc37b1391ecadd17c52b8587909347d90439f7dcd7fdebf72a743c41f,shallow_m0064_r0,False,production_final,dynamics_unresolved,0.9925390625,3,417604,1463113,False
2,1024.0,shallow,2048,True,,final_geometry_v15_20260930,4327fe4ece9317f6fd20fad18389a71e9b1f423b,32,True,0.5704233753078448,0.5704233753078448,f22190c1cd1da2f9fb2c434d433ad09b6625c74355174329534b70bffc3f5e47,;architecture_dynamics_dynamics_unresolved,interaction,0.01,full_posterior,64,0.5686860168012872,0.6297616429713514,0.6297616429713514,0.4521307879157978,0.4521307879157978,0.0500861787000009,0.0497434967201484,128,409600,2112,True,,0,interaction_3,interaction_3,"{""interaction_0"": 0.1375, ""interaction_1"": 0.03, ""interaction_2"": 0.11625, ""interaction_3"": 0.71625}",1.0,dynamics_h_0p01_stage_2,71538f5fc37b1391ecadd17c52b8587909347d90439f7dcd7fdebf72a743c41f,shallow_m0064_r0,False,production_final,dynamics_unresolved,0.9925390625,3,417604,1463113,False
2,1024.0,shallow,2048,True,,final_geometry_v15_20260930,4327fe4ece9317f6fd20fad18389a71e9b1f423b,32,True,0.5644207452924861,0.5644207452924861,a3f404d53243d0ccbf6732c536f61801bf5c58c221f2fc83ed7b8725ce4acfea,;architecture_dynamics_dynamics_unresolved,loss,0.01,full_posterior,64,0.5671413024484814,0.6107447459132594,0.6107447459132594,0.474636775886353,0.474636775886353,0.0359126111444097,0.0350057300644194,128,409600,2112,True,,1,V,V,"{""V"": 1.0}",1.0,dynamics_h_0p01_stage_2,2ebbaf17c0b875a151400adfe0c20fdcca7ef1fee9db82b7da14f8303c6ed54d,shallow_m0064_r1,False,production_final,dynamics_unresolved,0.9933203125,2,827204,2077513,False
2,1024.0,shallow,2048,True,,final_geometry_v15_20260930,4327fe4ece9317f6fd20fad18389a71e9b1f423b,32,True,0.5460592535467426,0.5460592535467426,a3f404d53243d0ccbf6732c536f61801bf5c58c221f2fc83ed7b8725ce4acfea,;architecture_dynamics_dynamics_unresolved,train_logit,0.01,full_posterior,64,0.5488254297678128,0.6012826176830353,0.6012826176830353,0.4193625299207023,0.4193625299207023,0.0538673188889789,0.0541712052250782,128,409600,2112,True,,1,train_logit_48,train_logit_48,"{""train_logit_0"": 0.025, ""train_logit_112"": 0.05125, ""train_logit_16"": 0.01875, ""train_logit_32"": 0.025, ""train_logit_48"": 0.7225, ""train_logit_64"": 0.00375, ""train_logit_80"": 0.09, ""train_logit_96"": 0.06375}",1.0,dynamics_h_0p01_stage_2,2ebbaf17c0b875a151400adfe0c20fdcca7ef1fee9db82b7da14f8303c6ed54d,shallow_m0064_r1,False,production_final,dynamics_unresolved,0.9933203125,2,827204,2077513,False
2,1024.0,shallow,2048,True,,final_geometry_v15_20260930,4327fe4ece9317f6fd20fad18389a71e9b1f423b,32,True,0.548976113123889,0.548976113123889,a3f404d53243d0ccbf6732c536f61801bf5c58c221f2fc83ed7b8725ce4acfea,;architecture_dynamics_dynamics_unresolved,test_probability,0.01,full_posterior,64,0.5940768311255755,0.6309590287333259,0.6309590287333259,0.4750431804410163,0.4750431804410163,0.0381289609114782,0.0418263468718566,128,409600,2112,True,,1,test_prob_640,test_prob_0,"{""test_prob_0"": 0.17875, ""test_prob_128"": 0.0525, ""test_prob_256"": 0.075, ""test_prob_384"": 0.0025, ""test_prob_512"": 0.07, ""test_prob_640"": 0.44125, ""test_prob_768"": 0.1275, ""test_prob_896"": 0.0525}",1.0,dynamics_h_0p01_stage_2,2ebbaf17c0b875a151400adfe0c20fdcca7ef1fee9db82b7da14f8303c6ed54d,shallow_m0064_r1,False,production_final,dynamics_unresolved,0.9933203125,2,827204,2077513,False
2,1024.0,shallow,2048,True,,final_geometry_v15_20260930,4327fe4ece9317f6fd20fad18389a71e9b1f423b,32,True,0.6911489797127807,0.6911489797127807,a3f404d53243d0ccbf6732c536f61801bf5c58c221f2fc83ed7b8725ce4acfea,;architecture_dynamics_dynamics_unresolved,interaction,0.01,full_posterior,64,0.6883549018731228,0.7613939165151651,0.7613939165151651,0.5329697588626614,0.5329697588626614,0.0595039946966685,0.0545622339061905,128,409600,2112,True,,1,interaction_3,interaction_3,"{""interaction_0"": 0.0025, ""interaction_1"": 0.30625, ""interaction_2"": 0.03875, ""interaction_3"": 0.6525}",1.0,dynamics_h_0p01_stage_2,2ebbaf17c0b875a151400adfe0c20fdcca7ef1fee9db82b7da14f8303c6ed54d,shallow_m0064_r1,False,production_final,dynamics_unresolved,0.9933203125,2,827204,2077513,False
2,1024.0,shallow,1024,True,,final_geometry_v15_20260930,4327fe4ece9317f6fd20fad18389a71e9b1f423b,32,True,0.4699350727692992,0.4699350727692992,822118be30066e2ad7805184a823770ccb2ca9a0d6000e559d8be6e5c136ec7b,;architecture_dynamics_dynamics_unresolved,loss,0.01,full_posterior,64,0.4702998372702601,0.4838154987431649,0.4838154987431649,0.4025254628012371,0.4025254628012371,0.0219113528082901,0.0256198478454761,128,409600,2112,True,,2,V,V,"{""V"": 1.0}",1.0,dynamics_h_0p01_stage_2,fc9da6235fb1548d828cf68d55d93c2f858e835b161969d4cc33b00e5e83b603,shallow_m0064_r2,False,production_final,dynamics_unresolved,0.992890625,2,417604,1463113,False
2,1024.0,shallow,2048,True,,final_geometry_v15_20260930,4327fe4ece9317f6fd20fad18389a71e9b1f423b,32,True,0.5329835745494728,0.5329835745494728,822118be30066e2ad7805184a823770ccb2ca9a0d6000e559d8be6e5c136ec7b,;architecture_dynamics_dynamics_unresolved,train_logit,0.01,full_posterior,64,0.5411859806106949,0.565777672467573,0.565777672467573,0.4296640352187734,0.4296640352187734,0.0365602727387187,0.0344560964936674,128,409600,2112,True,,2,train_logit_0,train_logit_0,"{""train_logit_0"": 0.51875, ""train_logit_16"": 0.0125, ""train_logit_48"": 0.16875, ""train_logit_64"": 0.12875, ""train_logit_96"": 0.17125}",1.0,dynamics_h_0p01_stage_2,fc9da6235fb1548d828cf68d55d93c2f858e835b161969d4cc33b00e5e83b603,shallow_m0064_r2,False,production_final,dynamics_unresolved,0.992890625,2,417604,1463113,False
2,1024.0,shallow,2048,True,,final_geometry_v15_20260930,4327fe4ece9317f6fd20fad18389a71e9b1f423b,32,True,0.5496130697563306,0.5496130697563306,822118be30066e2ad7805184a823770ccb2ca9a0d6000e559d8be6e5c136ec7b,;architecture_dynamics_dynamics_unresolved,test_probability,0.01,full_posterior,64,0.5593722756271055,0.5945885218705802,0.5945885218705802,0.4277613399436016,0.4277613399436016,0.047074992657297,0.0523067325270111,128,409600,2112,True,,2,test_prob_640,test_prob_640,"{""test_prob_0"": 0.03625, ""test_prob_128"": 0.09125, ""test_prob_256"": 0.0125, ""test_prob_384"": 0.01875, ""test_prob_512"": 0.16125, ""test_prob_640"": 0.54, ""test_prob_768"": 0.065, ""test_prob_896"": 0.075}",1.0,dynamics_h_0p01_stage_2,fc9da6235fb1548d828cf68d55d93c2f858e835b161969d4cc33b00e5e83b603,shallow_m0064_r2,False,production_final,dynamics_unresolved,0.992890625,2,417604,1463113,False
2,1024.0,shallow,2048,True,,final_geometry_v15_20260930,4327fe4ece9317f6fd20fad18389a71e9b1f423b,32,True,0.6235237978419885,0.6235237978419885,822118be30066e2ad7805184a823770ccb2ca9a0d6000e559d8be6e5c136ec7b,;architecture_dynamics_dynamics_unresolved,interaction,0.01,full_posterior,64,0.6227229385114634,0.6778650469809848,0.6778650469809848,0.4708604686296979,0.4708604686296979,0.0584827837357332,0.0590179395634696,128,409600,2112,True,,2,interaction_3,interaction_3,"{""interaction_0"": 0.0325, ""interaction_1"": 0.185, ""interaction_2"": 0.11625, ""interaction_3"": 0.66625}",1.0,dynamics_h_0p01_stage_2,fc9da6235fb1548d828cf68d55d93c2f858e835b161969d4cc33b00e5e83b603,shallow_m0064_r2,False,production_final,dynamics_unresolved,0.992890625,2,417604,1463113,False
2,1024.0,shallow,1024,True,,final_geometry_v15_20260930,4327fe4ece9317f6fd20fad18389a71e9b1f423b,32,True,0.3961973075848325,0.3961973075848325,db597f3beb937cc7109ebaeed0b59491104a80f518eea9c625c5c86e56400ba1,;architecture_dynamics_dynamics_unresolved,loss,0.01,full_posterior,256,0.3997816719098775,0.4105485732843675,0.4105485732843675,0.3334637858198809,0.3334637858198809,0.0193562683877003,0.0201028992069615,128,409600,8448,True,,0,V,V,"{""V"": 1.0}",1.0,dynamics_h_0p01_stage_2,5ffcf34dcb33edbff8ac327910bb107a5523c19a0d0683299bb0c37d97e4b101,shallow_m0256_r0,False,production_final,dynamics_unresolved,0.992880859375,2,417604,627909,False
2,1024.0,shallow,1024,True,,final_geometry_v15_20260930,4327fe4ece9317f6fd20fad18389a71e9b1f423b,32,True,0.4005865335959799,0.4005865335959799,db597f3beb937cc7109ebaeed0b59491104a80f518eea9c625c5c86e56400ba1,;architecture_dynamics_dynamics_unresolved,train_logit,0.01,full_posterior,256,0.4637484825535187,0.4847957139508914,0.4847957139508914,0.3571831689841377,0.3571831689841377,0.0326617232183566,0.0350170568858886,128,409600,8448,True,,0,train_logit_112,train_logit_32,"{""train_logit_0"": 0.065, ""train_logit_112"": 0.0975, ""train_logit_16"": 0.03375, ""train_logit_32"": 0.455, ""train_logit_48"": 0.13875, ""train_logit_64"": 0.04125, ""train_logit_80"": 0.07875, ""train_logit_96"": 0.09}",1.0,dynamics_h_0p01_stage_2,5ffcf34dcb33edbff8ac327910bb107a5523c19a0d0683299bb0c37d97e4b101,shallow_m0256_r0,False,production_final,dynamics_unresolved,0.992880859375,2,417604,627909,False
2,1024.0,shallow,2048,True,,final_geometry_v15_20260930,4327fe4ece9317f6fd20fad18389a71e9b1f423b,32,True,0.5118194233072081,0.5118194233072081,db597f3beb937cc7109ebaeed0b59491104a80f518eea9c625c5c86e56400ba1,;architecture_dynamics_dynamics_unresolved,test_probability,0.01,full_posterior,256,0.5280822425657062,0.5884184387286625,0.5884184387286625,0.422173657108793,0.422173657108793,0.0460342886520655,0.0418692705818912,128,409600,8448,True,,0,test_prob_896,test_prob_128,"{""test_prob_0"": 0.065, ""test_prob_128"": 0.27625, ""test_prob_256"": 0.0575, ""test_prob_384"": 0.065, ""test_prob_512"": 0.02125, ""test_prob_640"": 0.045, ""test_prob_768"": 0.07625, ""test_prob_896"": 0.39375}",1.0,dynamics_h_0p01_stage_2,5ffcf34dcb33edbff8ac327910bb107a5523c19a0d0683299bb0c37d97e4b101,shallow_m0256_r0,False,production_final,dynamics_unresolved,0.992880859375,2,417604,627909,False
2,1024.0,shallow,2048,True,,final_geometry_v15_20260930,4327fe4ece9317f6fd20fad18389a71e9b1f423b,32,True,0.5567675958412661,0.5567675958412661,db597f3beb937cc7109ebaeed0b59491104a80f518eea9c625c5c86e56400ba1,;architecture_dynamics_dynamics_unresolved,interaction,0.01,full_posterior,256,0.5787835372179864,0.5792153385731122,0.5792153385731122,0.4535182311113679,0.4535182311113679,0.0360206391441003,0.0408120921914587,128,409600,8448,True,,0,interaction_0,interaction_0,"{""interaction_0"": 0.3725, ""interaction_1"": 0.28875, ""interaction_2"": 0.29875, ""interaction_3"": 0.04}",1.0,dynamics_h_0p01_stage_2,5ffcf34dcb33edbff8ac327910bb107a5523c19a0d0683299bb0c37d97e4b101,shallow_m0256_r0,False,production_final,dynamics_unresolved,0.992880859375,2,417604,627909,False
2,1024.0,shallow,1024,True,,final_geometry_v15_20260930,4327fe4ece9317f6fd20fad18389a71e9b1f423b,32,True,0.4114011879711057,0.4114011879711057,c3c24218a3cf0b38db09e41488b370dd06b4fd0032cf7a8d9da01024ebebce18,;architecture_dynamics_dynamics_unresolved,loss,0.01,full_posterior,256,0.4133231816481947,0.4280404177999876,0.4280404177999876,0.3497763637420136,0.3497763637420136,0.0199887463968543,0.0225272659289323,128,409600,8448,True,,1,V,V,"{""V"": 1.0}",1.0,dynamics_h_0p01_stage_2,8f5887633c4c57f2ac0982e01a15dae641286ed569accf33e93d0425c2b98209,shallow_m0256_r1,False,production_final,dynamics_unresolved,0.99376953125,2,417604,627909,False
2,1024.0,shallow,1024,True,,final_geometry_v15_20260930,4327fe4ece9317f6fd20fad18389a71e9b1f423b,32,True,0.3996362420984446,0.3996362420984446,c3c24218a3cf0b38db09e41488b370dd06b4fd0032cf7a8d9da01024ebebce18,;architecture_dynamics_dynamics_unresolved,train_logit,0.01,full_posterior,256,0.478457361938685,0.493238140704657,0.493238140704657,0.3597762133657384,0.3597762133657384,0.0354014563729488,0.0379062274420617,128,409600,8448,True,,1,train_logit_32,train_logit_48,"{""train_logit_0"": 0.1175, ""train_logit_112"": 0.06, ""train_logit_16"": 0.01625, ""train_logit_32"": 0.155, ""train_logit_48"": 0.36125, ""train_logit_64"": 0.03, ""train_logit_80"": 0.0475, ""train_logit_96"": 0.2125}",1.0,dynamics_h_0p01_stage_2,8f5887633c4c57f2ac0982e01a15dae641286ed569accf33e93d0425c2b98209,shallow_m0256_r1,False,production_final,dynamics_unresolved,0.99376953125,2,417604,627909,False
2,1024.0,shallow,2048,True,,final_geometry_v15_20260930,4327fe4ece9317f6fd20fad18389a71e9b1f423b,32,True,0.475321516430088,0.475321516430088,c3c24218a3cf0b38db09e41488b370dd06b4fd0032cf7a8d9da01024ebebce18,;architecture_dynamics_dynamics_unresolved,test_probability,0.01,full_posterior,256,0.5304729152182361,0.56577500077331,0.56577500077331,0.4248232757011779,0.4248232757011779,0.0349219445086691,0.0366478324548726,128,409600,8448,True,,1,test_prob_512,test_prob_640,"{""test_prob_0"": 0.1575, ""test_prob_128"": 0.0325, ""test_prob_256"": 0.0125, ""test_prob_384"": 0.00625, ""test_prob_512"": 0.415, ""test_prob_640"": 0.12, ""test_prob_768"": 0.22625, ""test_prob_896"": 0.03}",1.0,dynamics_h_0p01_stage_2,8f5887633c4c57f2ac0982e01a15dae641286ed569accf33e93d0425c2b98209,shallow_m0256_r1,False,production_final,dynamics_unresolved,0.99376953125,2,417604,627909,False
2,1024.0,shallow,2048,True,,final_geometry_v15_20260930,4327fe4ece9317f6fd20fad18389a71e9b1f423b,32,True,0.4929799717858347,0.4929799717858347,c3c24218a3cf0b38db09e41488b370dd06b4fd0032cf7a8d9da01024ebebce18,;architecture_dynamics_dynamics_unresolved,interaction,0.01,full_posterior,256,0.5336114378203144,0.5849210736266447,0.5849210736266447,0.4301680594009517,0.4301680594009517,0.041206524886301,0.0463882699541287,128,409600,8448,True,,1,interaction_1,interaction_3,"{""interaction_0"": 0.1225, ""interaction_1"": 0.1975, ""interaction_2"": 0.1975, ""interaction_3"": 0.4825}",1.0,dynamics_h_0p01_stage_2,8f5887633c4c57f2ac0982e01a15dae641286ed569accf33e93d0425c2b98209,shallow_m0256_r1,False,production_final,dynamics_unresolved,0.99376953125,2,417604,627909,False
2,1024.0,shallow,1024,True,,final_geometry_v15_20260930,4327fe4ece9317f6fd20fad18389a71e9b1f423b,32,True,0.3897788092046695,0.3897788092046695,4249eabf37ec2244057d1eef206140dcc514d6e887324c0662943dd90fd1b66f,;architecture_dynamics_dynamics_unresolved,loss,0.01,full_posterior,256,0.3892812475942434,0.4088654079572139,0.4088654079572139,0.3440398633777568,0.3440398633777568,0.0163699939448002,0.0166811340881588,128,409600,8448,True,,2,V,V,"{""V"": 1.0}",1.0,dynamics_h_0p01_stage_2,2b0a25edaba13f9bb4eae0a84a065effa6848903405ea8fc1871d85b581b5ff9,shallow_m0256_r2,False,production_final,dynamics_unresolved,0.99326171875,2,417604,627909,False
2,1024.0,shallow,2048,True,,final_geometry_v15_20260930,4327fe4ece9317f6fd20fad18389a71e9b1f423b,32,True,0.5133125269816139,0.5133125269816139,4249eabf37ec2244057d1eef206140dcc514d6e887324c0662943dd90fd1b66f,;architecture_dynamics_dynamics_unresolved,train_logit,0.01,full_posterior,256,0.5179135362956899,0.5611104307041472,0.5611104307041472,0.3861236611276917,0.3861236611276917,0.0479526376366081,0.0456586052783949,128,409600,8448,True,,2,train_logit_0,train_logit_0,"{""train_logit_0"": 0.645, ""train_logit_16"": 0.0275, ""train_logit_32"": 0.055, ""train_logit_48"": 0.1025, ""train_logit_64"": 0.13375, ""train_logit_96"": 0.03625}",1.0,dynamics_h_0p01_stage_2,2b0a25edaba13f9bb4eae0a84a065effa6848903405ea8fc1871d85b581b5ff9,shallow_m0256_r2,False,production_final,dynamics_unresolved,0.99326171875,2,417604,627909,False
2,1024.0,shallow,1024,True,,final_geometry_v15_20260930,4327fe4ece9317f6fd20fad18389a71e9b1f423b,32,True,0.4190365316152428,0.4190365316152428,4249eabf37ec2244057d1eef206140dcc514d6e887324c0662943dd90fd1b66f,;architecture_dynamics_dynamics_unresolved,test_probability,0.01,full_posterior,256,0.4648124030360359,0.4818556485876014,0.4818556485876014,0.3516116916146681,0.3516116916146681,0.0295929446927755,0.0295141375181864,128,409600,8448,True,,2,test_prob_384,test_prob_512,"{""test_prob_0"": 0.13875, ""test_prob_128"": 0.1575, ""test_prob_256"": 0.11875, ""test_prob_384"": 0.13125, ""test_prob_512"": 0.16875, ""test_prob_640"": 0.0325, ""test_prob_768"": 0.0675, ""test_prob_896"": 0.185}",1.0,dynamics_h_0p01_stage_2,2b0a25edaba13f9bb4eae0a84a065effa6848903405ea8fc1871d85b581b5ff9,shallow_m0256_r2,False,production_final,dynamics_unresolved,0.99326171875,2,417604,627909,False
2,1024.0,shallow,1024,True,,final_geometry_v15_20260930,4327fe4ece9317f6fd20fad18389a71e9b1f423b,32,True,0.4885121866521862,0.4885121866521862,4249eabf37ec2244057d1eef206140dcc514d6e887324c0662943dd90fd1b66f,;architecture_dynamics_dynamics_unresolved,interaction,0.01,full_posterior,256,0.5109482078481756,0.5491683830219848,0.5491683830219848,0.4267578584091172,0.4267578584091172,0.0310212018284901,0.0317683051530945,128,409600,8448,True,,2,interaction_1,interaction_2,"{""interaction_0"": 0.19625, ""interaction_1"": 0.37, ""interaction_2"": 0.36, ""interaction_3"": 0.07375}",1.0,dynamics_h_0p01_stage_2,2b0a25edaba13f9bb4eae0a84a065effa6848903405ea8fc1871d85b581b5ff9,shallow_m0256_r2,False,production_final,dynamics_unresolved,0.99326171875,2,417604,627909,False
2,1024.0,shallow,1024,True,,final_geometry_v15_20260930,4327fe4ece9317f6fd20fad18389a71e9b1f423b,32,True,0.3623135903513211,0.3623135903513211,e2017cad3b17a071ee7b7614968ab2408d9b37eae47773c2035786756e05b49f,;architecture_dynamics_dynamics_unresolved,loss,0.01,full_posterior,1024,0.361971196326286,0.3864194804614496,0.3864194804614496,0.3291603999269889,0.3291603999269889,0.0134881718672586,0.0126063623104459,128,409600,33792,True,,0,V,V,"{""V"": 1.0}",1.0,dynamics_h_0p01_stage_2,02cdf7a9fb4a8ebea158d555e3da7f259fe2d98afd52f242938d3e8f57697d6a,shallow_m1024_r0,False,production_final,dynamics_unresolved,0.99333984375,2,417604,525509,False
2,1024.0,shallow,1024,True,,final_geometry_v15_20260930,4327fe4ece9317f6fd20fad18389a71e9b1f423b,32,True,0.4291596821269796,0.4291596821269796,e2017cad3b17a071ee7b7614968ab2408d9b37eae47773c2035786756e05b49f,;architecture_dynamics_dynamics_unresolved,train_logit,0.01,full_posterior,1024,0.4618209282901948,0.4823852271542127,0.4823852271542127,0.3501070270397586,0.3501070270397586,0.0342629219204019,0.0395262012104193,128,409600,33792,True,,0,train_logit_0,train_logit_32,"{""train_logit_0"": 0.24, ""train_logit_112"": 0.01875, ""train_logit_16"": 0.0375, ""train_logit_32"": 0.23875, ""train_logit_48"": 0.05, ""train_logit_64"": 0.0775, ""train_logit_80"": 0.2675, ""train_logit_96"": 0.07}",1.0,dynamics_h_0p01_stage_2,02cdf7a9fb4a8ebea158d555e3da7f259fe2d98afd52f242938d3e8f57697d6a,shallow_m1024_r0,False,production_final,dynamics_unresolved,0.99333984375,2,417604,525509,False
2,1024.0,shallow,1024,True,,final_geometry_v15_20260930,4327fe4ece9317f6fd20fad18389a71e9b1f423b,32,True,0.4140013473960751,0.4140013473960751,e2017cad3b17a071ee7b7614968ab2408d9b37eae47773c2035786756e05b49f,;architecture_dynamics_dynamics_unresolved,test_probability,0.01,full_posterior,1024,0.4944476166308703,0.4855263958625884,0.4855263958625884,0.3672572367657813,0.3672572367657813,0.0277214177415302,0.0297076933129299,128,409600,33792,True,,0,test_prob_768,test_prob_128,"{""test_prob_0"": 0.065, ""test_prob_128"": 0.31125, ""test_prob_256"": 0.0525, ""test_prob_384"": 0.02375, ""test_prob_512"": 0.1075, ""test_prob_640"": 0.10875, ""test_prob_768"": 0.29125, ""test_prob_896"": 0.04}",1.0,dynamics_h_0p01_stage_2,02cdf7a9fb4a8ebea158d555e3da7f259fe2d98afd52f242938d3e8f57697d6a,shallow_m1024_r0,False,production_final,dynamics_unresolved,0.99333984375,2,417604,525509,False
2,1024.0,shallow,2048,True,,final_geometry_v15_20260930,4327fe4ece9317f6fd20fad18389a71e9b1f423b,32,True,0.4739936486791098,0.4739936486791098,e2017cad3b17a071ee7b7614968ab2408d9b37eae47773c2035786756e05b49f,;architecture_dynamics_dynamics_unresolved,interaction,0.01,full_posterior,1024,0.5512609420353204,0.5858075897816811,0.5858075897816811,0.4331677678662295,0.4331677678662295,0.0402059608911375,0.0421865361331348,128,409600,33792,True,,0,interaction_2,interaction_0,"{""interaction_0"": 0.4175, ""interaction_1"": 0.28875, ""interaction_2"": 0.2375, ""interaction_3"": 0.05625}",1.0,dynamics_h_0p01_stage_2,02cdf7a9fb4a8ebea158d555e3da7f259fe2d98afd52f242938d3e8f57697d6a,shallow_m1024_r0,False,production_final,dynamics_unresolved,0.99333984375,2,417604,525509,False
2,1024.0,shallow,1024,True,,final_geometry_v15_20260930,4327fe4ece9317f6fd20fad18389a71e9b1f423b,32,True,0.4240840288580618,0.4240840288580618,1ba5ed6b2d648eaf1fb0f8fdbee5782deaa8ea3260d998a4e873fcfd5e6d8eef,;architecture_dynamics_dynamics_unresolved,loss,0.01,full_posterior,1024,0.4248813722134259,0.4412851867199301,0.4412851867199301,0.3736518862448793,0.3736518862448793,0.0182064022769008,0.0171335373071075,128,409600,33792,True,,1,V,V,"{""V"": 1.0}",1.0,dynamics_h_0p01_stage_2,75855771a1231e62e6e66f10e2f0fc9a96b653fa2c1e6c16aa05920b18f8825c,shallow_m1024_r1,False,production_final,dynamics_unresolved,0.99380859375,2,417604,627909,False
2,1024.0,shallow,1024,True,,final_geometry_v15_20260930,4327fe4ece9317f6fd20fad18389a71e9b1f423b,32,True,0.4376436423627863,0.4376436423627863,1ba5ed6b2d648eaf1fb0f8fdbee5782deaa8ea3260d998a4e873fcfd5e6d8eef,;architecture_dynamics_dynamics_unresolved,train_logit,0.01,full_posterior,1024,0.4488791167233162,0.4661021743925851,0.4661021743925851,0.3595408614338624,0.3595408614338624,0.0267993323937522,0.0284021197816123,128,409600,33792,True,,1,train_logit_48,train_logit_80,"{""train_logit_0"": 0.12375, ""train_logit_112"": 0.04625, ""train_logit_16"": 0.08125, ""train_logit_32"": 0.02875, ""train_logit_48"": 0.38125, ""train_logit_64"": 0.03, ""train_logit_80"": 0.18625, ""train_logit_96"": 0.1225}",1.0,dynamics_h_0p01_stage_2,75855771a1231e62e6e66f10e2f0fc9a96b653fa2c1e6c16aa05920b18f8825c,shallow_m1024_r1,False,production_final,dynamics_unresolved,0.99380859375,2,417604,627909,False
2,1024.0,shallow,1024,True,,final_geometry_v15_20260930,4327fe4ece9317f6fd20fad18389a71e9b1f423b,32,True,0.4518907205964605,0.4518907205964605,1ba5ed6b2d648eaf1fb0f8fdbee5782deaa8ea3260d998a4e873fcfd5e6d8eef,;architecture_dynamics_dynamics_unresolved,test_probability,0.01,full_posterior,1024,0.4873112791820826,0.5005073396597248,0.5005073396597248,0.3921503772975074,0.3921503772975074,0.0274498856255085,0.0291522412397219,128,409600,33792,True,,1,test_prob_512,test_prob_256,"{""test_prob_0"": 0.1325, ""test_prob_128"": 0.015, ""test_prob_256"": 0.2125, ""test_prob_384"": 0.0225, ""test_prob_512"": 0.27125, ""test_prob_640"": 0.18375, ""test_prob_768"": 0.07625, ""test_prob_896"": 0.08625}",1.0,dynamics_h_0p01_stage_2,75855771a1231e62e6e66f10e2f0fc9a96b653fa2c1e6c16aa05920b18f8825c,shallow_m1024_r1,False,production_final,dynamics_unresolved,0.99380859375,2,417604,627909,False
2,1024.0,shallow,2048,True,,final_geometry_v15_20260930,4327fe4ece9317f6fd20fad18389a71e9b1f423b,32,True,0.4824956823599249,0.4824956823599249,1ba5ed6b2d648eaf1fb0f8fdbee5782deaa8ea3260d998a4e873fcfd5e6d8eef,;architecture_dynamics_dynamics_unresolved,interaction,0.01,full_posterior,1024,0.5153954762373122,0.5814248591309233,0.5814248591309233,0.4331985614765903,0.4331985614765903,0.0373199470722044,0.036842262531607,128,409600,33792,True,,1,interaction_2,interaction_3,"{""interaction_0"": 0.14, ""interaction_1"": 0.24375, ""interaction_2"": 0.305, ""interaction_3"": 0.31125}",1.0,dynamics_h_0p01_stage_2,75855771a1231e62e6e66f10e2f0fc9a96b653fa2c1e6c16aa05920b18f8825c,shallow_m1024_r1,False,production_final,dynamics_unresolved,0.99380859375,2,417604,627909,False
2,1024.0,shallow,1024,True,,final_geometry_v15_20260930,4327fe4ece9317f6fd20fad18389a71e9b1f423b,32,True,0.3676825348605265,0.3676825348605265,65c31b43cc8bbecafa99293d37af058acc314ea0328e19d56d42efd6354d837e,;architecture_dynamics_dynamics_unresolved,loss,0.01,full_posterior,1024,0.3680191970660509,0.3857172501347998,0.3857172501347998,0.3331440004045704,0.3331440004045704,0.0141472565511617,0.014374683261096,128,409600,33792,True,,2,V,V,"{""V"": 1.0}",1.0,dynamics_h_0p01_stage_2,61fa5b97160a40ea4623d9b0909f5c6bd1efc198e054db5ea14dff80a68ca165,shallow_m1024_r2,False,production_final,dynamics_unresolved,0.9933984375,2,417604,627909,False
2,1024.0,shallow,1024,True,,final_geometry_v15_20260930,4327fe4ece9317f6fd20fad18389a71e9b1f423b,32,True,0.4909688547821306,0.4909688547821306,65c31b43cc8bbecafa99293d37af058acc314ea0328e19d56d42efd6354d837e,;architecture_dynamics_dynamics_unresolved,train_logit,0.01,full_posterior,1024,0.4899425230883091,0.5097909677765773,0.5097909677765773,0.3612637918162683,0.3612637918162683,0.0412948178834257,0.0424508568050021,128,409600,33792,True,,2,train_logit_0,train_logit_0,"{""train_logit_0"": 0.41, ""train_logit_112"": 0.015, ""train_logit_16"": 0.1025, ""train_logit_48"": 0.26625, ""train_logit_64"": 0.14125, ""train_logit_80"": 0.02875, ""train_logit_96"": 0.03625}",1.0,dynamics_h_0p01_stage_2,61fa5b97160a40ea4623d9b0909f5c6bd1efc198e054db5ea14dff80a68ca165,shallow_m1024_r2,False,production_final,dynamics_unresolved,0.9933984375,2,417604,627909,False
2,1024.0,shallow,1024,True,,final_geometry_v15_20260930,4327fe4ece9317f6fd20fad18389a71e9b1f423b,32,True,0.4482611979879282,0.4482611979879282,65c31b43cc8bbecafa99293d37af058acc314ea0328e19d56d42efd6354d837e,;architecture_dynamics_dynamics_unresolved,test_probability,0.01,full_posterior,1024,0.5089570217911674,0.5273076024063866,0.5273076024063866,0.3898941266595115,0.3898941266595115,0.0356012321515441,0.0322636627178116,128,409600,33792,True,,2,test_prob_896,test_prob_640,"{""test_prob_0"": 0.065, ""test_prob_128"": 0.05875, ""test_prob_256"": 0.0025, ""test_prob_384"": 0.10625, ""test_prob_512"": 0.0975, ""test_prob_640"": 0.14, ""test_prob_768"": 0.08375, ""test_prob_896"": 0.44625}",1.0,dynamics_h_0p01_stage_2,61fa5b97160a40ea4623d9b0909f5c6bd1efc198e054db5ea14dff80a68ca165,shallow_m1024_r2,False,production_final,dynamics_unresolved,0.9933984375,2,417604,627909,False
2,1024.0,shallow,2048,True,,final_geometry_v15_20260930,4327fe4ece9317f6fd20fad18389a71e9b1f423b,32,True,0.5473071240034194,0.5473071240034194,65c31b43cc8bbecafa99293d37af058acc314ea0328e19d56d42efd6354d837e,;architecture_dynamics_dynamics_unresolved,interaction,0.01,full_posterior,1024,0.5531169564564967,0.6103667780346639,0.6103667780346639,0.4336823262914067,0.4336823262914067,0.0481183564736548,0.0490575444890232,128,409600,33792,True,,2,interaction_1,interaction_1,"{""interaction_0"": 0.2725, ""interaction_1"": 0.59375, ""interaction_2"": 0.05625, ""interaction_3"": 0.0775}",1.0,dynamics_h_0p01_stage_2,61fa5b97160a40ea4623d9b0909f5c6bd1efc198e054db5ea14dff80a68ca165,shallow_m1024_r2,False,production_final,dynamics_unresolved,0.9933984375,2,417604,627909,False
2,1024.0,shallow,1024,True,,final_geometry_v15_20260930,4327fe4ece9317f6fd20fad18389a71e9b1f423b,32,True,0.3592131104694562,0.3592131104694562,5eeddbc393d63b7d3fbc867f539f2d7395eac85f469014fe61df0e7b731376b2,;architecture_dynamics_dynamics_unresolved,loss,0.01,full_posterior,4096,0.3564617707311508,0.3774918670127666,0.3774918670127666,0.3131805030631351,0.3131805030631351,0.016248189796906,0.0172918489499577,128,409600,135168,True,,0,V,V,"{""V"": 1.0}",1.0,dynamics_h_0p01_stage_2,8a6220ba8b63029337f3aba7bf23ad58f356eb9ebe1053d6e3e3fcf5e1c55e2a,shallow_m4096_r0,False,production_final,dynamics_unresolved,0.993466796875,2,417604,1463113,False
2,1024.0,shallow,1024,True,,final_geometry_v15_20260930,4327fe4ece9317f6fd20fad18389a71e9b1f423b,32,True,0.445938476250116,0.445938476250116,5eeddbc393d63b7d3fbc867f539f2d7395eac85f469014fe61df0e7b731376b2,;architecture_dynamics_dynamics_unresolved,train_logit,0.01,full_posterior,4096,0.454452446619048,0.4778232657117942,0.4778232657117942,0.361184356569839,0.361184356569839,0.0302877007625169,0.0347797563547013,128,409600,135168,True,,0,train_logit_80,train_logit_32,"{""train_logit_0"": 0.05125, ""train_logit_112"": 0.005, ""train_logit_16"": 0.03375, ""train_logit_32"": 0.29875, ""train_logit_48"": 0.145, ""train_logit_64"": 0.0325, ""train_logit_80"": 0.31625, ""train_logit_96"": 0.1175}",1.0,dynamics_h_0p01_stage_2,8a6220ba8b63029337f3aba7bf23ad58f356eb9ebe1053d6e3e3fcf5e1c55e2a,shallow_m4096_r0,False,production_final,dynamics_unresolved,0.993466796875,2,417604,1463113,False
2,1024.0,shallow,1024,True,,final_geometry_v15_20260930,4327fe4ece9317f6fd20fad18389a71e9b1f423b,32,True,0.4560266088451977,0.4560266088451977,5eeddbc393d63b7d3fbc867f539f2d7395eac85f469014fe61df0e7b731376b2,;architecture_dynamics_dynamics_unresolved,test_probability,0.01,full_posterior,4096,0.4866606415532462,0.5270568197464782,0.5270568197464782,0.3939039681159111,0.3939039681159111,0.0363037169851604,0.0333829415368439,128,409600,135168,True,,0,test_prob_128,test_prob_256,"{""test_prob_0"": 0.19, ""test_prob_128"": 0.22375, ""test_prob_256"": 0.15625, ""test_prob_384"": 0.11375, ""test_prob_512"": 0.20625, ""test_prob_640"": 0.05125, ""test_prob_768"": 0.03875, ""test_prob_896"": 0.02}",1.0,dynamics_h_0p01_stage_2,8a6220ba8b63029337f3aba7bf23ad58f356eb9ebe1053d6e3e3fcf5e1c55e2a,shallow_m4096_r0,False,production_final,dynamics_unresolved,0.993466796875,2,417604,1463113,False
2,1024.0,shallow,1024,True,,final_geometry_v15_20260930,4327fe4ece9317f6fd20fad18389a71e9b1f423b,32,True,0.4855015849527014,0.4855015849527014,5eeddbc393d63b7d3fbc867f539f2d7395eac85f469014fe61df0e7b731376b2,;architecture_dynamics_dynamics_unresolved,interaction,0.01,full_posterior,4096,0.4981114846780322,0.5607173820994997,0.5607173820994997,0.4140255222371345,0.4140255222371345,0.039609204523334,0.0404425191734796,128,409600,135168,True,,0,interaction_0,interaction_1,"{""interaction_0"": 0.41875, ""interaction_1"": 0.24875, ""interaction_2"": 0.15875, ""interaction_3"": 0.17375}",1.0,dynamics_h_0p01_stage_2,8a6220ba8b63029337f3aba7bf23ad58f356eb9ebe1053d6e3e3fcf5e1c55e2a,shallow_m4096_r0,False,production_final,dynamics_unresolved,0.993466796875,2,417604,1463113,False
2,1024.0,shallow,1024,True,,final_geometry_v15_20260930,4327fe4ece9317f6fd20fad18389a71e9b1f423b,32,True,0.389570801425991,0.389570801425991,e1a2e3725fcaa0ece76a02838c95541351514212e35ba5d0f08f00275fab5647,;architecture_dynamics_dynamics_unresolved,loss,0.01,full_posterior,4096,0.3902018525935584,0.4166120889511132,0.4166120889511132,0.3433991934226863,0.3433991934226863,0.017178572348661,0.0165282029881902,128,409600,135168,True,,1,V,V,"{""V"": 1.0}",1.0,dynamics_h_0p01_stage_2,2d18a154c082aebdf0c7dff9779adbab12358b1b72ad29a412f3643b39e3fb64,shallow_m4096_r1,False,production_final,dynamics_unresolved,0.993671875,2,417604,1463113,False
2,1024.0,shallow,1024,True,,final_geometry_v15_20260930,4327fe4ece9317f6fd20fad18389a71e9b1f423b,32,True,0.4246047518470512,0.4246047518470512,e1a2e3725fcaa0ece76a02838c95541351514212e35ba5d0f08f00275fab5647,;architecture_dynamics_dynamics_unresolved,train_logit,0.01,full_posterior,4096,0.4455401010721068,0.4631360518144502,0.4631360518144502,0.3697271506289684,0.3697271506289684,0.0239011171839906,0.0252583503321634,128,409600,135168,True,,1,train_logit_96,train_logit_112,"{""train_logit_0"": 0.00625, ""train_logit_112"": 0.2125, ""train_logit_16"": 0.03875, ""train_logit_32"": 0.01125, ""train_logit_48"": 0.09875, ""train_logit_64"": 0.18, ""train_logit_80"": 0.0625, ""train_logit_96"": 0.39}",1.0,dynamics_h_0p01_stage_2,2d18a154c082aebdf0c7dff9779adbab12358b1b72ad29a412f3643b39e3fb64,shallow_m4096_r1,False,production_final,dynamics_unresolved,0.993671875,2,417604,1463113,False
2,1024.0,shallow,1024,True,,final_geometry_v15_20260930,4327fe4ece9317f6fd20fad18389a71e9b1f423b,32,True,0.4743188571537806,0.4743188571537806,e1a2e3725fcaa0ece76a02838c95541351514212e35ba5d0f08f00275fab5647,;architecture_dynamics_dynamics_unresolved,test_probability,0.01,full_posterior,4096,0.489514580306332,0.5303544777938684,0.5303544777938684,0.3990966550032477,0.3990966550032477,0.0336539227923167,0.0339133939011652,128,409600,135168,True,,1,test_prob_640,test_prob_512,"{""test_prob_0"": 0.0475, ""test_prob_128"": 0.075, ""test_prob_256"": 0.025, ""test_prob_384"": 0.00625, ""test_prob_512"": 0.2175, ""test_prob_640"": 0.25625, ""test_prob_768"": 0.1525, ""test_prob_896"": 0.22}",1.0,dynamics_h_0p01_stage_2,2d18a154c082aebdf0c7dff9779adbab12358b1b72ad29a412f3643b39e3fb64,shallow_m4096_r1,False,production_final,dynamics_unresolved,0.993671875,2,417604,1463113,False
2,1024.0,shallow,1024,True,,final_geometry_v15_20260930,4327fe4ece9317f6fd20fad18389a71e9b1f423b,32,True,0.486268930595558,0.486268930595558,e1a2e3725fcaa0ece76a02838c95541351514212e35ba5d0f08f00275fab5647,;architecture_dynamics_dynamics_unresolved,interaction,0.01,full_posterior,4096,0.4887814438348137,0.5405531478527367,0.5405531478527367,0.4078310594094788,0.4078310594094788,0.0328127296585742,0.0381160175455179,128,409600,135168,True,,1,interaction_2,interaction_2,"{""interaction_0"": 0.19125, ""interaction_1"": 0.165, ""interaction_2"": 0.435, ""interaction_3"": 0.20875}",1.0,dynamics_h_0p01_stage_2,2d18a154c082aebdf0c7dff9779adbab12358b1b72ad29a412f3643b39e3fb64,shallow_m4096_r1,False,production_final,dynamics_unresolved,0.993671875,2,417604,1463113,False
2,1024.0,shallow,1024,True,,final_geometry_v15_20260930,4327fe4ece9317f6fd20fad18389a71e9b1f423b,32,True,0.3769640270385996,0.3769640270385996,75f510444b90135c5003f8e540871cfef4e3b09c0d0135dfbd6dbf9c0ede1f98,;architecture_dynamics_dynamics_unresolved,loss,0.01,full_posterior,4096,0.3784896730793571,0.3982365142625331,0.3982365142625331,0.3375192722474049,0.3375192722474049,0.0154298645194325,0.0145278081942247,128,409600,135168,True,,2,V,V,"{""V"": 1.0}",1.0,dynamics_h_0p01_stage_2,8c615bef38ec1c9a9068713982d858e21e32dae4d6bf4d65ddce5685b8944212,shallow_m4096_r2,False,production_final,dynamics_unresolved,0.993515625,2,417604,1463113,False
2,1024.0,shallow,1024,True,,final_geometry_v15_20260930,4327fe4ece9317f6fd20fad18389a71e9b1f423b,32,True,0.4369873313195776,0.4369873313195776,75f510444b90135c5003f8e540871cfef4e3b09c0d0135dfbd6dbf9c0ede1f98,;architecture_dynamics_dynamics_unresolved,train_logit,0.01,full_posterior,4096,0.4642628188683813,0.4823694313693609,0.4823694313693609,0.3628964652827532,0.3628964652827532,0.0307437799681428,0.0322185267214671,128,409600,135168,True,,2,train_logit_96,train_logit_64,"{""train_logit_0"": 0.2875, ""train_logit_16"": 0.03875, ""train_logit_32"": 0.015, ""train_logit_48"": 0.16625, ""train_logit_64"": 0.1775, ""train_logit_80"": 0.10125, ""train_logit_96"": 0.21375}",1.0,dynamics_h_0p01_stage_2,8c615bef38ec1c9a9068713982d858e21e32dae4d6bf4d65ddce5685b8944212,shallow_m4096_r2,False,production_final,dynamics_unresolved,0.993515625,2,417604,1463113,False
2,1024.0,shallow,1024,True,,final_geometry_v15_20260930,4327fe4ece9317f6fd20fad18389a71e9b1f423b,32,True,0.4590399392340258,0.4590399392340258,75f510444b90135c5003f8e540871cfef4e3b09c0d0135dfbd6dbf9c0ede1f98,;architecture_dynamics_dynamics_unresolved,test_probability,0.01,full_posterior,4096,0.4862812805459827,0.5204124191065599,0.5204124191065599,0.3902605036062025,0.3902605036062025,0.0329830916076984,0.030501661976257,128,409600,135168,True,,2,test_prob_896,test_prob_0,"{""test_prob_0"": 0.14, ""test_prob_128"": 0.11125, ""test_prob_256"": 0.04, ""test_prob_384"": 0.0125, ""test_prob_512"": 0.01625, ""test_prob_640"": 0.1575, ""test_prob_768"": 0.12125, ""test_prob_896"": 0.40125}",1.0,dynamics_h_0p01_stage_2,8c615bef38ec1c9a9068713982d858e21e32dae4d6bf4d65ddce5685b8944212,shallow_m4096_r2,False,production_final,dynamics_unresolved,0.993515625,2,417604,1463113,False
2,1024.0,shallow,1024,True,,final_geometry_v15_20260930,4327fe4ece9317f6fd20fad18389a71e9b1f423b,32,True,0.4458625553580752,0.4458625553580752,75f510444b90135c5003f8e540871cfef4e3b09c0d0135dfbd6dbf9c0ede1f98,;architecture_dynamics_dynamics_unresolved,interaction,0.01,full_posterior,4096,0.4816552637985786,0.4864334684059428,0.4864334684059428,0.3952850191672533,0.3952850191672533,0.0219837319975887,0.0233641942101437,128,409600,135168,True,,2,interaction_0,interaction_2,"{""interaction_0"": 0.39375, ""interaction_1"": 0.10125, ""interaction_2"": 0.345, ""interaction_3"": 0.16}",1.0,dynamics_h_0p01_stage_2,8c615bef38ec1c9a9068713982d858e21e32dae4d6bf4d65ddce5685b8944212,shallow_m4096_r2,False,production_final,dynamics_unresolved,0.993515625,2,417604,1463113,False
3,1024.0,deep,2048,True,,final_geometry_v15_20260930,4327fe4ece9317f6fd20fad18389a71e9b1f423b,32,True,0.6052976044802441,0.6052976044802441,c3981e313e36d7d446ada2410808927f842cb77d50a0f411db041d0a1a2ba6e6,;architecture_dynamics_dynamics_unresolved,loss,0.01,full_posterior,32,0.6099856685941518,0.6618821894873306,0.6618821894873306,0.4956509098440962,0.4956509098440962,0.0414040501931783,0.0418339815422113,128,409600,2080,True,,0,V,V,"{""V"": 1.0}",1.0,dynamics_h_0p01_stage_2,af056e127c02b019412d5384149e30d1e6c85b146336ef076ef6b326c05fe260,deep_m0032_r0,False,production_final,dynamics_unresolved,0.98798828125,3,417604,1463113,False
3,1024.0,deep,1024,True,,final_geometry_v15_20260930,4327fe4ece9317f6fd20fad18389a71e9b1f423b,32,True,0.3615174854833815,0.3615174854833815,c3981e313e36d7d446ada2410808927f842cb77d50a0f411db041d0a1a2ba6e6,;architecture_dynamics_dynamics_unresolved,train_logit,0.01,full_posterior,32,0.4124610711598294,0.4181832449128036,0.4181832449128036,0.3201959433129574,0.3201959433129574,0.0240606543467999,0.0280449552201097,128,409600,2080,True,,0,train_logit_32,train_logit_16,"{""train_logit_0"": 0.11375, ""train_logit_112"": 0.135, ""train_logit_16"": 0.2025, ""train_logit_32"": 0.08, ""train_logit_48"": 0.13875, ""train_logit_64"": 0.0525, ""train_logit_80"": 0.255, ""train_logit_96"": 0.0225}",1.0,dynamics_h_0p01_stage_2,af056e127c02b019412d5384149e30d1e6c85b146336ef076ef6b326c05fe260,deep_m0032_r0,False,production_final,dynamics_unresolved,0.98798828125,3,417604,1463113,False
3,1024.0,deep,1024,True,,final_geometry_v15_20260930,4327fe4ece9317f6fd20fad18389a71e9b1f423b,32,True,0.4498802604163047,0.4498802604163047,c3981e313e36d7d446ada2410808927f842cb77d50a0f411db041d0a1a2ba6e6,;architecture_dynamics_dynamics_unresolved,test_probability,0.01,full_posterior,32,0.4824325482184695,0.4962235521978005,0.4962235521978005,0.3860121032546677,0.3860121032546677,0.0282251707323728,0.0351290506410558,128,409600,2080,True,,0,test_prob_768,test_prob_512,"{""test_prob_0"": 0.15625, ""test_prob_128"": 0.11125, ""test_prob_256"": 0.0525, ""test_prob_384"": 0.15375, ""test_prob_512"": 0.1575, ""test_prob_640"": 0.02375, ""test_prob_768"": 0.31, ""test_prob_896"": 0.035}",1.0,dynamics_h_0p01_stage_2,af056e127c02b019412d5384149e30d1e6c85b146336ef076ef6b326c05fe260,deep_m0032_r0,False,production_final,dynamics_unresolved,0.98798828125,3,417604,1463113,False
3,1024.0,deep,2048,True,,final_geometry_v15_20260930,4327fe4ece9317f6fd20fad18389a71e9b1f423b,32,True,0.5427405651041475,0.5427405651041475,c3981e313e36d7d446ada2410808927f842cb77d50a0f411db041d0a1a2ba6e6,;architecture_dynamics_dynamics_unresolved,interaction,0.01,full_posterior,32,0.5795013916164974,0.6327568987802161,0.6327568987802161,0.4818418776247306,0.4818418776247306,0.0393690014097299,0.0362280145090385,128,409600,2080,True,,0,interaction_1,interaction_2,"{""interaction_0"": 0.045, ""interaction_1"": 0.4, ""interaction_2"": 0.35625, ""interaction_3"": 0.19875}",1.0,dynamics_h_0p01_stage_2,af056e127c02b019412d5384149e30d1e6c85b146336ef076ef6b326c05fe260,deep_m0032_r0,False,production_final,dynamics_unresolved,0.98798828125,3,417604,1463113,False
3,2048.0,deep,2048,True,,final_geometry_v15_20260930,4327fe4ece9317f6fd20fad18389a71e9b1f423b,32,True,0.6165168500634806,0.6165168500634806,a4f1deb03ebac7680343345dbe04314973750f53dfb4636fc2040125204ab8c5,;architecture_dynamics_dynamics_unresolved,loss,0.01,full_posterior,32,0.6112076606334,0.6468280569131296,0.6468280569131296,0.5485343440623496,0.5485343440623496,0.0257449503424498,0.0233058724232428,128,819200,2080,True,,1,V,V,"{""V"": 1.0}",1.0,dynamics_h_0p01_stage_3,662315e3af404632a903759afc0db53d7616be0be60d5bbeff2faff490855fed,deep_m0032_r1,False,production_final,dynamics_unresolved,0.9874609375,3,827204,2691913,False
3,2048.0,deep,2048,True,,final_geometry_v15_20260930,4327fe4ece9317f6fd20fad18389a71e9b1f423b,32,True,0.4796397322996922,0.4796397322996922,a4f1deb03ebac7680343345dbe04314973750f53dfb4636fc2040125204ab8c5,;architecture_dynamics_dynamics_unresolved,train_logit,0.01,full_posterior,32,0.5202320015189237,0.5413385359188888,0.5413385359188888,0.4120744523162841,0.4120744523162841,0.0328604720036986,0.033742472549812,128,819200,2080,True,,1,train_logit_96,train_logit_0,"{""train_logit_0"": 0.215, ""train_logit_112"": 0.18625, ""train_logit_16"": 0.0375, ""train_logit_32"": 0.00125, ""train_logit_48"": 0.04375, ""train_logit_64"": 0.0175, ""train_logit_80"": 0.0175, ""train_logit_96"": 0.48125}",1.0,dynamics_h_0p01_stage_3,662315e3af404632a903759afc0db53d7616be0be60d5bbeff2faff490855fed,deep_m0032_r1,False,production_final,dynamics_unresolved,0.9874609375,3,827204,2691913,False
3,2048.0,deep,2048,True,,final_geometry_v15_20260930,4327fe4ece9317f6fd20fad18389a71e9b1f423b,32,True,0.4723797696283268,0.4723797696283268,a4f1deb03ebac7680343345dbe04314973750f53dfb4636fc2040125204ab8c5,;architecture_dynamics_dynamics_unresolved,test_probability,0.01,full_posterior,32,0.5224177041493919,0.5337197198480181,0.5337197198480181,0.4170567342890405,0.4170567342890405,0.0261493183236541,0.0267130295836519,128,819200,2080,True,,1,test_prob_768,test_prob_512,"{""test_prob_0"": 0.12125, ""test_prob_128"": 0.1175, ""test_prob_256"": 0.0775, ""test_prob_384"": 0.01875, ""test_prob_512"": 0.23375, ""test_prob_640"": 0.0225, ""test_prob_768"": 0.375, ""test_prob_896"": 0.03375}",1.0,dynamics_h_0p01_stage_3,662315e3af404632a903759afc0db53d7616be0be60d5bbeff2faff490855fed,deep_m0032_r1,False,production_final,dynamics_unresolved,0.9874609375,3,827204,2691913,False
3,2048.0,deep,2048,True,,final_geometry_v15_20260930,4327fe4ece9317f6fd20fad18389a71e9b1f423b,32,True,0.6763321682455593,0.6763321682455593,a4f1deb03ebac7680343345dbe04314973750f53dfb4636fc2040125204ab8c5,;architecture_dynamics_dynamics_unresolved,interaction,0.01,full_posterior,32,0.7341664887658697,0.7906649214732882,0.7906649214732882,0.5887594996267954,0.5887594996267954,0.0524059661155156,0.0488804341765775,128,819200,2080,True,,1,interaction_0,interaction_1,"{""interaction_0"": 0.48875, ""interaction_1"": 0.41375, ""interaction_2"": 0.085, ""interaction_3"": 0.0125}",1.0,dynamics_h_0p01_stage_3,662315e3af404632a903759afc0db53d7616be0be60d5bbeff2faff490855fed,deep_m0032_r1,False,production_final,dynamics_unresolved,0.9874609375,3,827204,2691913,False
3,1024.0,deep,2048,True,,final_geometry_v15_20260930,4327fe4ece9317f6fd20fad18389a71e9b1f423b,32,True,0.6168402064599716,0.6168402064599716,74b1cdd48aebf572176c6ea81488a0174ce262b6e90b258c8a8cc0c89551cfa1,;architecture_dynamics_dynamics_unresolved,loss,0.01,full_posterior,32,0.6207948220185033,0.680303686884231,0.680303686884231,0.5285948842666003,0.5285948842666003,0.0371503263487277,0.038001986084955,128,409600,2080,True,,2,V,V,"{""V"": 1.0}",1.0,dynamics_h_0p01_stage_2,e1bd5b82d8da839a2fc5ffa8fd46793eab0e499a09e69bcda3048c51750c1a05,deep_m0032_r2,False,production_final,dynamics_unresolved,0.987373046875,2,417604,1463113,False
3,1024.0,deep,1024,True,,final_geometry_v15_20260930,4327fe4ece9317f6fd20fad18389a71e9b1f423b,32,True,0.4736814503900489,0.4736814503900489,74b1cdd48aebf572176c6ea81488a0174ce262b6e90b258c8a8cc0c89551cfa1,;architecture_dynamics_dynamics_unresolved,train_logit,0.01,full_posterior,32,0.4720814839022804,0.4948311545846844,0.4948311545846844,0.3295947089978441,0.3295947089978441,0.043082665495054,0.0436229439153914,128,409600,2080,True,,2,train_logit_0,train_logit_0,"{""train_logit_0"": 0.4725, ""train_logit_112"": 0.02625, ""train_logit_16"": 0.09375, ""train_logit_32"": 0.04875, ""train_logit_48"": 0.14375, ""train_logit_64"": 0.07875, ""train_logit_80"": 0.005, ""train_logit_96"": 0.13125}",1.0,dynamics_h_0p01_stage_2,e1bd5b82d8da839a2fc5ffa8fd46793eab0e499a09e69bcda3048c51750c1a05,deep_m0032_r2,False,production_final,dynamics_unresolved,0.987373046875,2,417604,1463113,False
3,1024.0,deep,2048,True,,final_geometry_v15_20260930,4327fe4ece9317f6fd20fad18389a71e9b1f423b,32,True,0.4356233722174559,0.4356233722174559,74b1cdd48aebf572176c6ea81488a0174ce262b6e90b258c8a8cc0c89551cfa1,;architecture_dynamics_dynamics_unresolved,test_probability,0.01,full_posterior,32,0.5183406321709826,0.5534553340625515,0.5534553340625515,0.3809853295459179,0.3809853295459179,0.0585090343378274,0.0422257750156528,128,409600,2080,True,,2,test_prob_256,test_prob_512,"{""test_prob_0"": 0.0725, ""test_prob_128"": 0.05875, ""test_prob_256"": 0.17125, ""test_prob_384"": 0.02, ""test_prob_512"": 0.48875, ""test_prob_640"": 0.03125, ""test_prob_768"": 0.01, ""test_prob_896"": 0.1475}",1.0,dynamics_h_0p01_stage_2,e1bd5b82d8da839a2fc5ffa8fd46793eab0e499a09e69bcda3048c51750c1a05,deep_m0032_r2,False,production_final,dynamics_unresolved,0.987373046875,2,417604,1463113,False
3,1024.0,deep,2048,True,,final_geometry_v15_20260930,4327fe4ece9317f6fd20fad18389a71e9b1f423b,32,True,0.5511109289022431,0.5511109289022431,74b1cdd48aebf572176c6ea81488a0174ce262b6e90b258c8a8cc0c89551cfa1,;architecture_dynamics_dynamics_unresolved,interaction,0.01,full_posterior,32,0.6370251745536287,0.6586161859921872,0.6586161859921872,0.4775373819029977,0.4775373819029977,0.0493457054630447,0.0567309543166567,128,409600,2080,True,,2,interaction_3,interaction_0,"{""interaction_0"": 0.30625, ""interaction_1"": 0.28625, ""interaction_2"": 0.1525, ""interaction_3"": 0.255}",1.0,dynamics_h_0p01_stage_2,e1bd5b82d8da839a2fc5ffa8fd46793eab0e499a09e69bcda3048c51750c1a05,deep_m0032_r2,False,production_final,dynamics_unresolved,0.987373046875,2,417604,1463113,False
3,1024.0,deep,1024,True,,final_geometry_v15_20260930,4327fe4ece9317f6fd20fad18389a71e9b1f423b,32,True,0.4633177061293225,0.4633177061293225,c425740c6ef89fbc802305187be5ae316069b92195e81914fc19cdaa54d3b35f,;architecture_dynamics_dynamics_unresolved,loss,0.01,full_posterior,64,0.4662733964813092,0.4831388671009611,0.4831388671009611,0.3960800791439773,0.3960800791439773,0.0232090688106197,0.0206820367697542,128,409600,6208,True,,0,V,V,"{""V"": 1.0}",1.0,dynamics_h_0p01_stage_2,981c8c16f8288893162866a44dc7f238a562d94baba61c4736c9e2c0a9aaafac,deep_m0064_r0,False,production_final,dynamics_unresolved,0.98875,3,417604,627909,False
3,1024.0,deep,1024,True,,final_geometry_v15_20260930,4327fe4ece9317f6fd20fad18389a71e9b1f423b,32,True,0.3425427535374021,0.3425427535374021,c425740c6ef89fbc802305187be5ae316069b92195e81914fc19cdaa54d3b35f,;architecture_dynamics_dynamics_unresolved,train_logit,0.01,full_posterior,64,0.3866763751358772,0.3794514253692129,0.3794514253692129,0.2933249477567645,0.2933249477567645,0.0209052276428597,0.0205506791866267,128,409600,6208,True,,0,train_logit_0,train_logit_48,"{""train_logit_0"": 0.2175, ""train_logit_112"": 0.095, ""train_logit_16"": 0.015, ""train_logit_32"": 0.1025, ""train_logit_48"": 0.24375, ""train_logit_64"": 0.0925, ""train_logit_80"": 0.12, ""train_logit_96"": 0.11375}",1.0,dynamics_h_0p01_stage_2,981c8c16f8288893162866a44dc7f238a562d94baba61c4736c9e2c0a9aaafac,deep_m0064_r0,False,production_final,dynamics_unresolved,0.98875,3,417604,627909,False
3,1024.0,deep,1024,True,,final_geometry_v15_20260930,4327fe4ece9317f6fd20fad18389a71e9b1f423b,32,True,0.3408482028175746,0.3408482028175746,c425740c6ef89fbc802305187be5ae316069b92195e81914fc19cdaa54d3b35f,;architecture_dynamics_dynamics_unresolved,test_probability,0.01,full_posterior,64,0.3985186912032424,0.3904763059762904,0.3904763059762904,0.3051208795278969,0.3051208795278969,0.0220479075364815,0.022083297506708,128,409600,6208,True,,0,test_prob_384,test_prob_896,"{""test_prob_0"": 0.1275, ""test_prob_128"": 0.11625, ""test_prob_256"": 0.06625, ""test_prob_384"": 0.3275, ""test_prob_512"": 0.11875, ""test_prob_640"": 0.0675, ""test_prob_768"": 0.03625, ""test_prob_896"": 0.14}",1.0,dynamics_h_0p01_stage_2,981c8c16f8288893162866a44dc7f238a562d94baba61c4736c9e2c0a9aaafac,deep_m0064_r0,False,production_final,dynamics_unresolved,0.98875,3,417604,627909,False
3,1024.0,deep,2048,True,,final_geometry_v15_20260930,4327fe4ece9317f6fd20fad18389a71e9b1f423b,32,True,0.541863532122778,0.541863532122778,c425740c6ef89fbc802305187be5ae316069b92195e81914fc19cdaa54d3b35f,;architecture_dynamics_dynamics_unresolved,interaction,0.01,full_posterior,64,0.571166408483596,0.628314940778422,0.628314940778422,0.4557824490912553,0.4557824490912553,0.0451845550360105,0.0509584762546031,128,409600,6208,True,,0,interaction_3,interaction_1,"{""interaction_0"": 0.09125, ""interaction_1"": 0.27, ""interaction_2"": 0.195, ""interaction_3"": 0.44375}",1.0,dynamics_h_0p01_stage_2,981c8c16f8288893162866a44dc7f238a562d94baba61c4736c9e2c0a9aaafac,deep_m0064_r0,False,production_final,dynamics_unresolved,0.98875,3,417604,627909,False
3,1024.0,deep,1024,True,,final_geometry_v15_20260930,4327fe4ece9317f6fd20fad18389a71e9b1f423b,32,True,0.4914762222839654,0.4914762222839654,59beb161d147e59330a34df2512a0eb546d1434c8fd78cd51061a45e604219ed,;architecture_dynamics_dynamics_unresolved,loss,0.01,full_posterior,64,0.4833109715968982,0.5028353756142881,0.5028353756142881,0.4036099307550951,0.4036099307550951,0.0254860789255415,0.029184215083948,128,409600,6208,True,,1,V,V,"{""V"": 1.0}",1.0,dynamics_h_0p01_stage_2,cffc441cee2bd015a78c885c0750263a0ede3b1b8b3eb5af88b7ed906fea8e96,deep_m0064_r1,False,production_final,dynamics_unresolved,0.98916015625,2,417604,627909,False
3,1024.0,deep,1024,True,,final_geometry_v15_20260930,4327fe4ece9317f6fd20fad18389a71e9b1f423b,32,True,0.3986198847669565,0.3986198847669565,59beb161d147e59330a34df2512a0eb546d1434c8fd78cd51061a45e604219ed,;architecture_dynamics_dynamics_unresolved,train_logit,0.01,full_posterior,64,0.4409185413703906,0.4522822796322354,0.4522822796322354,0.3078135492165472,0.3078135492165472,0.0365910708263194,0.0369062938517732,128,409600,6208,True,,1,train_logit_96,train_logit_48,"{""train_logit_0"": 0.08625, ""train_logit_112"": 0.03, ""train_logit_16"": 0.115, ""train_logit_32"": 0.08625, ""train_logit_48"": 0.2225, ""train_logit_64"": 0.04375, ""train_logit_80"": 0.00375, ""train_logit_96"": 0.4125}",1.0,dynamics_h_0p01_stage_2,cffc441cee2bd015a78c885c0750263a0ede3b1b8b3eb5af88b7ed906fea8e96,deep_m0064_r1,False,production_final,dynamics_unresolved,0.98916015625,2,417604,627909,False
3,1024.0,deep,1024,True,,final_geometry_v15_20260930,4327fe4ece9317f6fd20fad18389a71e9b1f423b,32,True,0.4387584177604255,0.4387584177604255,59beb161d147e59330a34df2512a0eb546d1434c8fd78cd51061a45e604219ed,;architecture_dynamics_dynamics_unresolved,test_probability,0.01,full_posterior,64,0.4641435339297086,0.4793035842763805,0.4793035842763805,0.3529306184172202,0.3529306184172202,0.032388918525741,0.032449806554101,128,409600,6208,True,,1,test_prob_896,test_prob_0,"{""test_prob_0"": 0.11625, ""test_prob_128"": 0.025, ""test_prob_256"": 0.0375, ""test_prob_512"": 0.09, ""test_prob_640"": 0.36375, ""test_prob_768"": 0.02875, ""test_prob_896"": 0.33875}",1.0,dynamics_h_0p01_stage_2,cffc441cee2bd015a78c885c0750263a0ede3b1b8b3eb5af88b7ed906fea8e96,deep_m0064_r1,False,production_final,dynamics_unresolved,0.98916015625,2,417604,627909,False
3,1024.0,deep,2048,True,,final_geometry_v15_20260930,4327fe4ece9317f6fd20fad18389a71e9b1f423b,32,True,0.5683594680257763,0.5683594680257763,59beb161d147e59330a34df2512a0eb546d1434c8fd78cd51061a45e604219ed,;architecture_dynamics_dynamics_unresolved,interaction,0.01,full_posterior,64,0.6300686224086078,0.6976424903581544,0.6976424903581544,0.4956962074123681,0.4956962074123681,0.052774880488454,0.0452316480879039,128,409600,6208,True,,1,interaction_3,interaction_1,"{""interaction_0"": 0.07125, ""interaction_1"": 0.32625, ""interaction_2"": 0.23125, ""interaction_3"": 0.37125}",1.0,dynamics_h_0p01_stage_2,cffc441cee2bd015a78c885c0750263a0ede3b1b8b3eb5af88b7ed906fea8e96,deep_m0064_r1,False,production_final,dynamics_unresolved,0.98916015625,2,417604,627909,False
3,1024.0,deep,1024,True,,final_geometry_v15_20260930,4327fe4ece9317f6fd20fad18389a71e9b1f423b,32,True,0.4075212507134592,0.4075212507134592,b805c7fff1e7078c23282a5d5aa160d3793608efb74d92fba16d3b28621e1ae9,;architecture_dynamics_dynamics_unresolved,loss,0.01,full_posterior,64,0.4045274185078286,0.4271838587351335,0.4271838587351335,0.353207420235906,0.353207420235906,0.0194338872388093,0.0215739149465559,128,409600,6208,True,,2,V,V,"{""V"": 1.0}",1.0,dynamics_h_0p01_stage_2,5e7e9d9b0e46c28d13a71799ccda6b52c4855a61024370dac3c38fe8cb82e7c3,deep_m0064_r2,False,production_final,dynamics_unresolved,0.988662109375,2,417604,627909,False
3,1024.0,deep,1024,True,,final_geometry_v15_20260930,4327fe4ece9317f6fd20fad18389a71e9b1f423b,32,True,0.3508209629636234,0.3508209629636234,b805c7fff1e7078c23282a5d5aa160d3793608efb74d92fba16d3b28621e1ae9,;architecture_dynamics_dynamics_unresolved,train_logit,0.01,full_posterior,64,0.3887045335885778,0.4029070446241964,0.4029070446241964,0.3045088272039678,0.3045088272039678,0.0258432895615174,0.0298273307926389,128,409600,6208,True,,2,train_logit_16,train_logit_0,"{""train_logit_0"": 0.51125, ""train_logit_112"": 0.03625, ""train_logit_16"": 0.17125, ""train_logit_32"": 0.0125, ""train_logit_48"": 0.11, ""train_logit_64"": 0.00875, ""train_logit_80"": 0.01125, ""train_logit_96"": 0.13875}",1.0,dynamics_h_0p01_stage_2,5e7e9d9b0e46c28d13a71799ccda6b52c4855a61024370dac3c38fe8cb82e7c3,deep_m0064_r2,False,production_final,dynamics_unresolved,0.988662109375,2,417604,627909,False
3,1024.0,deep,1024,True,,final_geometry_v15_20260930,4327fe4ece9317f6fd20fad18389a71e9b1f423b,32,True,0.3929395148133171,0.3929395148133171,b805c7fff1e7078c23282a5d5aa160d3793608efb74d92fba16d3b28621e1ae9,;architecture_dynamics_dynamics_unresolved,test_probability,0.01,full_posterior,64,0.4141192902008517,0.426549731257783,0.426549731257783,0.3282285046068548,0.3282285046068548,0.025368430998812,0.0293057187131072,128,409600,6208,True,,2,test_prob_896,test_prob_256,"{""test_prob_0"": 0.01375, ""test_prob_128"": 0.08625, ""test_prob_256"": 0.3125, ""test_prob_384"": 0.00375, ""test_prob_512"": 0.0175, ""test_prob_640"": 0.165, ""test_prob_768"": 0.14, ""test_prob_896"": 0.26125}",1.0,dynamics_h_0p01_stage_2,5e7e9d9b0e46c28d13a71799ccda6b52c4855a61024370dac3c38fe8cb82e7c3,deep_m0064_r2,False,production_final,dynamics_unresolved,0.988662109375,2,417604,627909,False
3,1024.0,deep,2048,True,,final_geometry_v15_20260930,4327fe4ece9317f6fd20fad18389a71e9b1f423b,32,True,0.5141247172156382,0.5141247172156382,b805c7fff1e7078c23282a5d5aa160d3793608efb74d92fba16d3b28621e1ae9,;architecture_dynamics_dynamics_unresolved,interaction,0.01,full_posterior,64,0.5660191397834909,0.6098718912087163,0.6098718912087163,0.4696190542686913,0.4696190542686913,0.0353946260202513,0.03301400981201,128,409600,6208,True,,2,interaction_1,interaction_0,"{""interaction_0"": 0.3575, ""interaction_1"": 0.37125, ""interaction_2"": 0.06625, ""interaction_3"": 0.205}",1.0,dynamics_h_0p01_stage_2,5e7e9d9b0e46c28d13a71799ccda6b52c4855a61024370dac3c38fe8cb82e7c3,deep_m0064_r2,False,production_final,dynamics_unresolved,0.988662109375,2,417604,627909,False
3,2048.0,deep,1024,True,,final_geometry_v15_20260930,4327fe4ece9317f6fd20fad18389a71e9b1f423b,32,True,0.3642371561641097,0.3642371561641097,d5a9d240fc309666b4aeb3540e3e73f7b408afdaece615ca0ba3d727cc2a8c1a,;architecture_dynamics_dynamics_unresolved,loss,0.01,full_posterior,128,0.3650347081838577,0.3705706852455123,0.3705706852455123,0.3229391213553595,0.3229391213553595,0.0124670301448875,0.0124842539958754,128,819200,20608,True,,0,V,V,"{""V"": 1.0}",1.0,dynamics_h_0p01_stage_3,a3fbfe3694a6d3a7a8f724b8f6e362367e3afc7860a1c5f1481a53f3e86fcfbf,deep_m0128_r0,False,production_final,dynamics_unresolved,0.9896630859375,2,827204,1037509,False
3,2048.0,deep,1024,True,,final_geometry_v15_20260930,4327fe4ece9317f6fd20fad18389a71e9b1f423b,32,True,0.3016531896119928,0.3016531896119928,d5a9d240fc309666b4aeb3540e3e73f7b408afdaece615ca0ba3d727cc2a8c1a,;architecture_dynamics_dynamics_unresolved,train_logit,0.01,full_posterior,128,0.3249451942967093,0.3304987181717027,0.3304987181717027,0.2747651431250216,0.2747651431250216,0.0142597176538596,0.0143332533411814,128,819200,20608,True,,0,train_logit_0,train_logit_96,"{""train_logit_0"": 0.2225, ""train_logit_112"": 0.00625, ""train_logit_16"": 0.08625, ""train_logit_32"": 0.04625, ""train_logit_48"": 0.09, ""train_logit_64"": 0.0025, ""train_logit_80"": 0.2575, ""train_logit_96"": 0.28875}",1.0,dynamics_h_0p01_stage_3,a3fbfe3694a6d3a7a8f724b8f6e362367e3afc7860a1c5f1481a53f3e86fcfbf,deep_m0128_r0,False,production_final,dynamics_unresolved,0.9896630859375,2,827204,1037509,False
3,2048.0,deep,1024,True,,final_geometry_v15_20260930,4327fe4ece9317f6fd20fad18389a71e9b1f423b,32,True,0.3340548330420073,0.3340548330420073,d5a9d240fc309666b4aeb3540e3e73f7b408afdaece615ca0ba3d727cc2a8c1a,;architecture_dynamics_dynamics_unresolved,test_probability,0.01,full_posterior,128,0.3448586140029389,0.3583012665651381,0.3583012665651381,0.3055593786998686,0.3055593786998686,0.013373066712738,0.0144194851929381,128,819200,20608,True,,0,test_prob_256,test_prob_0,"{""test_prob_0"": 0.2325, ""test_prob_128"": 0.20375, ""test_prob_256"": 0.22, ""test_prob_384"": 0.09, ""test_prob_512"": 0.15375, ""test_prob_640"": 0.015, ""test_prob_768"": 0.01625, ""test_prob_896"": 0.06875}",1.0,dynamics_h_0p01_stage_3,a3fbfe3694a6d3a7a8f724b8f6e362367e3afc7860a1c5f1481a53f3e86fcfbf,deep_m0128_r0,False,production_final,dynamics_unresolved,0.9896630859375,2,827204,1037509,False
3,2048.0,deep,2048,True,,final_geometry_v15_20260930,4327fe4ece9317f6fd20fad18389a71e9b1f423b,32,True,0.505684457754063,0.505684457754063,d5a9d240fc309666b4aeb3540e3e73f7b408afdaece615ca0ba3d727cc2a8c1a,;architecture_dynamics_dynamics_unresolved,interaction,0.01,full_posterior,128,0.5231162255444188,0.5505035314630934,0.5505035314630934,0.4588989820425045,0.4588989820425045,0.0249658965722317,0.025742471604904,128,819200,20608,True,,0,interaction_3,interaction_1,"{""interaction_0"": 0.08875, ""interaction_1"": 0.31, ""interaction_2"": 0.17375, ""interaction_3"": 0.4275}",1.0,dynamics_h_0p01_stage_3,a3fbfe3694a6d3a7a8f724b8f6e362367e3afc7860a1c5f1481a53f3e86fcfbf,deep_m0128_r0,False,production_final,dynamics_unresolved,0.9896630859375,2,827204,1037509,False
3,1024.0,deep,1024,True,,final_geometry_v15_20260930,4327fe4ece9317f6fd20fad18389a71e9b1f423b,32,True,0.4071688745199586,0.4071688745199586,31c8bf5b050a294cd0906a1e629aed70efa719721d8a54ae8d2dd38ca42880ec,;architecture_dynamics_dynamics_unresolved,loss,0.01,full_posterior,128,0.4152318593593858,0.4347284427160101,0.4347284427160101,0.3573777589106483,0.3573777589106483,0.0207947421943168,0.0215261909481047,128,409600,20608,True,,1,V,V,"{""V"": 1.0}",1.0,dynamics_h_0p01_stage_2,12140e25162df7ed81599a111742b07052ef21dac4d3086bb8a4c937317db44a,deep_m0128_r1,False,production_final,dynamics_unresolved,0.98947265625,2,417604,627909,False
3,1024.0,deep,1024,True,,final_geometry_v15_20260930,4327fe4ece9317f6fd20fad18389a71e9b1f423b,32,True,0.3483344502810979,0.3483344502810979,31c8bf5b050a294cd0906a1e629aed70efa719721d8a54ae8d2dd38ca42880ec,;architecture_dynamics_dynamics_unresolved,train_logit,0.01,full_posterior,128,0.3722842087486701,0.3762010962319876,0.3762010962319876,0.2895370695193529,0.2895370695193529,0.0211742710249337,0.024268132662897,128,409600,20608,True,,1,train_logit_112,train_logit_80,"{""train_logit_0"": 0.1075, ""train_logit_112"": 0.20375, ""train_logit_16"": 0.01875, ""train_logit_32"": 0.02875, ""train_logit_48"": 0.14375, ""train_logit_64"": 0.1, ""train_logit_80"": 0.17875, ""train_logit_96"": 0.21875}",1.0,dynamics_h_0p01_stage_2,12140e25162df7ed81599a111742b07052ef21dac4d3086bb8a4c937317db44a,deep_m0128_r1,False,production_final,dynamics_unresolved,0.98947265625,2,417604,627909,False
3,1024.0,deep,1024,True,,final_geometry_v15_20260930,4327fe4ece9317f6fd20fad18389a71e9b1f423b,32,True,0.3707541570635313,0.3707541570635313,31c8bf5b050a294cd0906a1e629aed70efa719721d8a54ae8d2dd38ca42880ec,;architecture_dynamics_dynamics_unresolved,test_probability,0.01,full_posterior,128,0.4024204904656757,0.4193453966989738,0.4193453966989738,0.3206008551532955,0.3206008551532955,0.024389994521727,0.0226863054852543,128,409600,20608,True,,1,test_prob_896,test_prob_384,"{""test_prob_0"": 0.19125, ""test_prob_128"": 0.03125, ""test_prob_256"": 0.06875, ""test_prob_384"": 0.16125, ""test_prob_512"": 0.15375, ""test_prob_640"": 0.05, ""test_prob_768"": 0.10625, ""test_prob_896"": 0.2375}",1.0,dynamics_h_0p01_stage_2,12140e25162df7ed81599a111742b07052ef21dac4d3086bb8a4c937317db44a,deep_m0128_r1,False,production_final,dynamics_unresolved,0.98947265625,2,417604,627909,False
3,1024.0,deep,2048,True,,final_geometry_v15_20260930,4327fe4ece9317f6fd20fad18389a71e9b1f423b,32,True,0.5598369535823824,0.5598369535823824,31c8bf5b050a294cd0906a1e629aed70efa719721d8a54ae8d2dd38ca42880ec,;architecture_dynamics_dynamics_unresolved,interaction,0.01,full_posterior,128,0.5508047279666437,0.6074321595832556,0.6074321595832556,0.4538379452155568,0.4538379452155568,0.0411259959952702,0.0416947973650069,128,409600,20608,True,,1,interaction_2,interaction_2,"{""interaction_0"": 0.2425, ""interaction_1"": 0.11, ""interaction_2"": 0.54875, ""interaction_3"": 0.09875}",1.0,dynamics_h_0p01_stage_2,12140e25162df7ed81599a111742b07052ef21dac4d3086bb8a4c937317db44a,deep_m0128_r1,False,production_final,dynamics_unresolved,0.98947265625,2,417604,627909,False
3,1024.0,deep,1024,True,,final_geometry_v15_20260930,4327fe4ece9317f6fd20fad18389a71e9b1f423b,32,True,0.3628594606284198,0.3628594606284198,c8727eca7ef330dfa0a71a2a335179847cb07c9c75adc570dd50e0476c1ce109,;architecture_dynamics_dynamics_unresolved,loss,0.01,full_posterior,128,0.3631008331357324,0.37166508218503,0.37166508218503,0.3119352623734191,0.3119352623734191,0.0157015841951086,0.0155186138401311,128,409600,20608,True,,2,V,V,"{""V"": 1.0}",1.0,dynamics_h_0p01_stage_2,ab9e24560eea0ddc4fd775ee6d516b1daa269452cd648f2739f422995dd944b3,deep_m0128_r2,False,production_final,dynamics_unresolved,0.98990234375,2,417604,627909,False
3,1024.0,deep,1024,True,,final_geometry_v15_20260930,4327fe4ece9317f6fd20fad18389a71e9b1f423b,32,True,0.2991543265094841,0.2991543265094841,c8727eca7ef330dfa0a71a2a335179847cb07c9c75adc570dd50e0476c1ce109,;architecture_dynamics_dynamics_unresolved,train_logit,0.01,full_posterior,128,0.351351323300523,0.3655312711390746,0.3655312711390746,0.2676354490684857,0.2676354490684857,0.0240344602670864,0.0237939712733252,128,409600,20608,True,,2,train_logit_32,train_logit_0,"{""train_logit_0"": 0.45625, ""train_logit_16"": 0.07375, ""train_logit_32"": 0.19375, ""train_logit_48"": 0.1775, ""train_logit_64"": 0.0025, ""train_logit_80"": 0.035, ""train_logit_96"": 0.06125}",1.0,dynamics_h_0p01_stage_2,ab9e24560eea0ddc4fd775ee6d516b1daa269452cd648f2739f422995dd944b3,deep_m0128_r2,False,production_final,dynamics_unresolved,0.98990234375,2,417604,627909,False
3,1024.0,deep,1024,True,,final_geometry_v15_20260930,4327fe4ece9317f6fd20fad18389a71e9b1f423b,32,True,0.3320335269878026,0.3320335269878026,c8727eca7ef330dfa0a71a2a335179847cb07c9c75adc570dd50e0476c1ce109,;architecture_dynamics_dynamics_unresolved,test_probability,0.01,full_posterior,128,0.3583842225375845,0.37036595312349,0.37036595312349,0.285340290045995,0.285340290045995,0.0212243766699981,0.0251266139913815,128,409600,20608,True,,2,test_prob_768,test_prob_896,"{""test_prob_0"": 0.03125, ""test_prob_128"": 0.0075, ""test_prob_256"": 0.0925, ""test_prob_384"": 0.01125, ""test_prob_512"": 0.09625, ""test_prob_640"": 0.085, ""test_prob_768"": 0.3425, ""test_prob_896"": 0.33375}",1.0,dynamics_h_0p01_stage_2,ab9e24560eea0ddc4fd775ee6d516b1daa269452cd648f2739f422995dd944b3,deep_m0128_r2,False,production_final,dynamics_unresolved,0.98990234375,2,417604,627909,False
3,1024.0,deep,2048,True,,final_geometry_v15_20260930,4327fe4ece9317f6fd20fad18389a71e9b1f423b,32,True,0.4920927773763028,0.4920927773763028,c8727eca7ef330dfa0a71a2a335179847cb07c9c75adc570dd50e0476c1ce109,;architecture_dynamics_dynamics_unresolved,interaction,0.01,full_posterior,128,0.5377645343233212,0.5685585811132786,0.5685585811132786,0.4439303754699238,0.4439303754699238,0.0311895540648512,0.0328934394153065,128,409600,20608,True,,2,interaction_3,interaction_1,"{""interaction_0"": 0.235, ""interaction_1"": 0.3025, ""interaction_2"": 0.0825, ""interaction_3"": 0.38}",1.0,dynamics_h_0p01_stage_2,ab9e24560eea0ddc4fd775ee6d516b1daa269452cd648f2739f422995dd944b3,deep_m0128_r2,False,production_final,dynamics_unresolved,0.98990234375,2,417604,627909,False
3,1024.0,deep,1024,True,,final_geometry_v15_20260930,4327fe4ece9317f6fd20fad18389a71e9b1f423b,32,True,0.2841779017482738,0.2841779017482738,f9f9c939099fbd0520ace6b57c291d0a11d6cf95cee94e55194d46964bc7a444,;architecture_dynamics_dynamics_unresolved,loss,0.01,full_posterior,256,0.2917739510858919,0.3091939486206397,0.3091939486206397,0.2551165002056486,0.2551165002056486,0.0144427399284182,0.0152297648809202,128,409600,73984,True,,0,V,V,"{""V"": 1.0}",1.0,dynamics_h_0p01_stage_2,2814b4d76a9cc9419ec01ed447161e8acf050a7bbe1b8e92bdfa0e832e724270,deep_m0256_r0,False,production_final,dynamics_unresolved,0.98947265625,3,417604,1463113,False
3,1024.0,deep,1024,True,,final_geometry_v15_20260930,4327fe4ece9317f6fd20fad18389a71e9b1f423b,32,True,0.2852042438958808,0.2852042438958808,f9f9c939099fbd0520ace6b57c291d0a11d6cf95cee94e55194d46964bc7a444,;architecture_dynamics_dynamics_unresolved,train_logit,0.01,full_posterior,256,0.3042208294911568,0.3221631699989351,0.3221631699989351,0.2548034807705834,0.2548034807705834,0.016290828498987,0.0160310688179141,128,409600,73984,True,,0,train_logit_0,train_logit_80,"{""train_logit_0"": 0.23875, ""train_logit_112"": 0.03125, ""train_logit_16"": 0.0875, ""train_logit_32"": 0.20875, ""train_logit_48"": 0.04375, ""train_logit_64"": 0.06625, ""train_logit_80"": 0.25625, ""train_logit_96"": 0.0675}",1.0,dynamics_h_0p01_stage_2,2814b4d76a9cc9419ec01ed447161e8acf050a7bbe1b8e92bdfa0e832e724270,deep_m0256_r0,False,production_final,dynamics_unresolved,0.98947265625,3,417604,1463113,False
3,1024.0,deep,1024,True,,final_geometry_v15_20260930,4327fe4ece9317f6fd20fad18389a71e9b1f423b,32,True,0.3195838479171832,0.3195838479171832,f9f9c939099fbd0520ace6b57c291d0a11d6cf95cee94e55194d46964bc7a444,;architecture_dynamics_dynamics_unresolved,test_probability,0.01,full_posterior,256,0.33925252924203,0.3582243201509031,0.3582243201509031,0.2888066658923536,0.2888066658923536,0.0174335589543051,0.0180232246152039,128,409600,73984,True,,0,test_prob_128,test_prob_640,"{""test_prob_0"": 0.19375, ""test_prob_128"": 0.2775, ""test_prob_256"": 0.00375, ""test_prob_384"": 0.05125, ""test_prob_512"": 0.04625, ""test_prob_640"": 0.16375, ""test_prob_768"": 0.1475, ""test_prob_896"": 0.11625}",1.0,dynamics_h_0p01_stage_2,2814b4d76a9cc9419ec01ed447161e8acf050a7bbe1b8e92bdfa0e832e724270,deep_m0256_r0,False,production_final,dynamics_unresolved,0.98947265625,3,417604,1463113,False
3,1024.0,deep,2048,True,,final_geometry_v15_20260930,4327fe4ece9317f6fd20fad18389a71e9b1f423b,32,True,0.5432382058007441,0.5432382058007441,f9f9c939099fbd0520ace6b57c291d0a11d6cf95cee94e55194d46964bc7a444,;architecture_dynamics_dynamics_unresolved,interaction,0.01,full_posterior,256,0.536182723476307,0.5902381353422922,0.5902381353422922,0.4510149957950969,0.4510149957950969,0.036682838409302,0.036793785036559,128,409600,73984,True,,0,interaction_0,interaction_0,"{""interaction_0"": 0.48125, ""interaction_1"": 0.19, ""interaction_2"": 0.11375, ""interaction_3"": 0.215}",1.0,dynamics_h_0p01_stage_2,2814b4d76a9cc9419ec01ed447161e8acf050a7bbe1b8e92bdfa0e832e724270,deep_m0256_r0,False,production_final,dynamics_unresolved,0.98947265625,3,417604,1463113,False
3,1024.0,deep,1024,True,,final_geometry_v15_20260930,4327fe4ece9317f6fd20fad18389a71e9b1f423b,32,True,0.3476409773547322,0.3476409773547322,2ac399a694d6b5748b586b11b769180516ed4e5afbe0a19c5625d293f9199a18,;architecture_dynamics_dynamics_unresolved,loss,0.01,full_posterior,256,0.3503088938289712,0.3704687658886499,0.3704687658886499,0.3043565687787328,0.3043565687787328,0.0165396120121242,0.0162826373997955,128,409600,73984,True,,1,V,V,"{""V"": 1.0}",1.0,dynamics_h_0p01_stage_2,09d81740c09e1434a4c78134a13a48b854f29cf5822e72d75983713cdb747963,deep_m0256_r1,False,production_final,dynamics_unresolved,0.989873046875,2,417604,1463113,False
3,1024.0,deep,1024,True,,final_geometry_v15_20260930,4327fe4ece9317f6fd20fad18389a71e9b1f423b,32,True,0.296192565390769,0.296192565390769,2ac399a694d6b5748b586b11b769180516ed4e5afbe0a19c5625d293f9199a18,;architecture_dynamics_dynamics_unresolved,train_logit,0.01,full_posterior,256,0.312306266614318,0.3226570663566412,0.3226570663566412,0.2606802933661433,0.2606802933661433,0.0149035857921579,0.0144624560960319,128,409600,73984,True,,1,train_logit_0,train_logit_64,"{""train_logit_0"": 0.355, ""train_logit_112"": 0.12125, ""train_logit_16"": 0.0725, ""train_logit_32"": 0.015, ""train_logit_48"": 0.07875, ""train_logit_64"": 0.17125, ""train_logit_80"": 0.05125, ""train_logit_96"": 0.135}",1.0,dynamics_h_0p01_stage_2,09d81740c09e1434a4c78134a13a48b854f29cf5822e72d75983713cdb747963,deep_m0256_r1,False,production_final,dynamics_unresolved,0.989873046875,2,417604,1463113,False
3,1024.0,deep,1024,True,,final_geometry_v15_20260930,4327fe4ece9317f6fd20fad18389a71e9b1f423b,32,True,0.3276505548450191,0.3276505548450191,2ac399a694d6b5748b586b11b769180516ed4e5afbe0a19c5625d293f9199a18,;architecture_dynamics_dynamics_unresolved,test_probability,0.01,full_posterior,256,0.3385718271392812,0.3616553756470967,0.3616553756470967,0.2824255892610618,0.2824255892610618,0.0200425528046548,0.0206895459205623,128,409600,73984,True,,1,test_prob_640,test_prob_256,"{""test_prob_0"": 0.14, ""test_prob_128"": 0.155, ""test_prob_256"": 0.185, ""test_prob_384"": 0.0225, ""test_prob_512"": 0.01125, ""test_prob_640"": 0.23375, ""test_prob_768"": 0.05, ""test_prob_896"": 0.2025}",1.0,dynamics_h_0p01_stage_2,09d81740c09e1434a4c78134a13a48b854f29cf5822e72d75983713cdb747963,deep_m0256_r1,False,production_final,dynamics_unresolved,0.989873046875,2,417604,1463113,False
3,1024.0,deep,2048,True,,final_geometry_v15_20260930,4327fe4ece9317f6fd20fad18389a71e9b1f423b,32,True,0.5027406163496098,0.5027406163496098,2ac399a694d6b5748b586b11b769180516ed4e5afbe0a19c5625d293f9199a18,;architecture_dynamics_dynamics_unresolved,interaction,0.01,full_posterior,256,0.5562404060099325,0.601870483640082,0.601870483640082,0.4430965898008713,0.4430965898008713,0.0423380162396128,0.0404783187178526,128,409600,73984,True,,1,interaction_1,interaction_2,"{""interaction_0"": 0.115, ""interaction_1"": 0.29625, ""interaction_2"": 0.49875, ""interaction_3"": 0.09}",1.0,dynamics_h_0p01_stage_2,09d81740c09e1434a4c78134a13a48b854f29cf5822e72d75983713cdb747963,deep_m0256_r1,False,production_final,dynamics_unresolved,0.989873046875,2,417604,1463113,False
3,1024.0,deep,1024,True,,final_geometry_v15_20260930,4327fe4ece9317f6fd20fad18389a71e9b1f423b,32,True,0.3345147672784169,0.3345147672784169,ed1b7949d7a988b14a9a74a11e88a5c3eb180f3047f2fef3c2d63cbbf8fe455a,;architecture_dynamics_dynamics_unresolved,loss,0.01,full_posterior,256,0.3347693448962914,0.3511019048916987,0.3511019048916987,0.296323714463769,0.296323714463769,0.0141444426792218,0.014625236006428,128,409600,73984,True,,2,V,V,"{""V"": 1.0}",1.0,dynamics_h_0p01_stage_2,7d2b17335b5ae481f00e8793369fbe114f3ea563c80b91b01102266c3ab73d1e,deep_m0256_r2,False,production_final,dynamics_unresolved,0.990166015625,2,417604,1463113,False
3,1024.0,deep,1024,True,,final_geometry_v15_20260930,4327fe4ece9317f6fd20fad18389a71e9b1f423b,32,True,0.3003990680289519,0.3003990680289519,ed1b7949d7a988b14a9a74a11e88a5c3eb180f3047f2fef3c2d63cbbf8fe455a,;architecture_dynamics_dynamics_unresolved,train_logit,0.01,full_posterior,256,0.3307405074832991,0.3547335266548403,0.3547335266548403,0.2722361466973223,0.2722361466973223,0.0217262944523137,0.0229526971309312,128,409600,73984,True,,2,train_logit_96,train_logit_0,"{""train_logit_0"": 0.56625, ""train_logit_16"": 0.2425, ""train_logit_32"": 0.01125, ""train_logit_48"": 0.05125, ""train_logit_64"": 0.02625, ""train_logit_80"": 0.01375, ""train_logit_96"": 0.08875}",1.0,dynamics_h_0p01_stage_2,7d2b17335b5ae481f00e8793369fbe114f3ea563c80b91b01102266c3ab73d1e,deep_m0256_r2,False,production_final,dynamics_unresolved,0.990166015625,2,417604,1463113,False
3,1024.0,deep,1024,True,,final_geometry_v15_20260930,4327fe4ece9317f6fd20fad18389a71e9b1f423b,32,True,0.3156554751581295,0.3156554751581295,ed1b7949d7a988b14a9a74a11e88a5c3eb180f3047f2fef3c2d63cbbf8fe455a,;architecture_dynamics_dynamics_unresolved,test_probability,0.01,full_posterior,256,0.3332575701999796,0.3596856427165054,0.3596856427165054,0.2792437132708619,0.2792437132708619,0.0200660602526898,0.0201214249304476,128,409600,73984,True,,2,test_prob_640,test_prob_256,"{""test_prob_0"": 0.0175, ""test_prob_128"": 0.02, ""test_prob_256"": 0.13, ""test_prob_384"": 0.03625, ""test_prob_512"": 0.05875, ""test_prob_640"": 0.3575, ""test_prob_768"": 0.2375, ""test_prob_896"": 0.1425}",1.0,dynamics_h_0p01_stage_2,7d2b17335b5ae481f00e8793369fbe114f3ea563c80b91b01102266c3ab73d1e,deep_m0256_r2,False,production_final,dynamics_unresolved,0.990166015625,2,417604,1463113,False
3,1024.0,deep,2048,True,,final_geometry_v15_20260930,4327fe4ece9317f6fd20fad18389a71e9b1f423b,32,True,0.506165902221171,0.506165902221171,ed1b7949d7a988b14a9a74a11e88a5c3eb180f3047f2fef3c2d63cbbf8fe455a,;architecture_dynamics_dynamics_unresolved,interaction,0.01,full_posterior,256,0.538656068748614,0.6085843224959265,0.6085843224959265,0.4545871891594514,0.4545871891594514,0.0425245698584871,0.0391874483604232,128,409600,73984,True,,2,interaction_2,interaction_1,"{""interaction_0"": 0.27875, ""interaction_1"": 0.3425, ""interaction_2"": 0.1975, ""interaction_3"": 0.18125}",1.0,dynamics_h_0p01_stage_2,7d2b17335b5ae481f00e8793369fbe114f3ea563c80b91b01102266c3ab73d1e,deep_m0256_r2,False,production_final,dynamics_unresolved,0.990166015625,2,417604,1463113,False
