L,architecture,block_length,block_stable,campaign_id,candidates,code_revision,d,degenerate_probes,enough_blocks,estimate,execution_hash,failing_candidates,failure_reason,family,law,m,mc_high,mc_low,mcse,mcse_doubled_block,n,n_draws_used,p,replicate,selected_fold_A_to_B,selected_fold_B_to_A,selection_frequencies,sigma,stage,status,target_hash,target_id,validity,validity_b,estimate_over_sigma2,mc_low_over_sigma2,mc_high_over_sigma2
2,shallow,64,True,final_geometry_v15_20260930,4,4327fe4ece9317f6fd20fad18389a71e9b1f423b,32,[],True,0.3283062491119666,d260d94c699220080c79ef88b60fc8c3cddc0b0c0682a72fa91f05c5c29ad521,[],,loss,full_posterior,64,0.3669368242147444,0.2856963144003213,0.0226977337884549,0.0231002000507345,128,8192,2112,0,V@t=-1,V@t=-1,"{""V@t=+0.5"": 0.10875, ""V@t=+1"": 0.01375, ""V@t=-0.5"": 0.14625, ""V@t=-1"": 0.73125}",1.0,reference_production_4|sel=2048,valid,71538f5fc37b1391ecadd17c52b8587909347d90439f7dcd7fdebf72a743c41f,shallow_m0064_r0,True,True,0.3283062491119666,0.2856963144003213,0.3669368242147444
2,shallow,32,True,final_geometry_v15_20260930,16,4327fe4ece9317f6fd20fad18389a71e9b1f423b,32,[],True,0.3308486055364598,d260d94c699220080c79ef88b60fc8c3cddc0b0c0682a72fa91f05c5c29ad521,[],,train_logit,full_posterior,64,0.3737511240809456,0.317361261513996,0.0145372812785809,0.0142959725739028,128,8192,2112,0,train_logit_64@t=+1,train_logit_0@t=+1,"{""train_logit_0@t=+1"": 0.39, ""train_logit_32@t=+0.5"": 0.00875, ""train_logit_32@t=+1"": 0.005, ""train_logit_32@t=-0.5"": 0.005, ""train_logit_32@t=-1"": 0.04875, ""train_logit_64@t=+1"": 0.27875, ""train_logit_96@t=+0.5"": 0.00625, ""train_logit_96@t=+1"": 0.04625, ""train_logit_96@t=-1"": 0.21125}",1.0,reference_production_4|sel=2048,valid,71538f5fc37b1391ecadd17c52b8587909347d90439f7dcd7fdebf72a743c41f,shallow_m0064_r0,True,True,0.3308486055364598,0.317361261513996,0.3737511240809456
2,shallow,32,True,final_geometry_v15_20260930,16,4327fe4ece9317f6fd20fad18389a71e9b1f423b,32,[],True,0.6234673992525335,d260d94c699220080c79ef88b60fc8c3cddc0b0c0682a72fa91f05c5c29ad521,"[""interaction_0@t=+1"", ""interaction_2@t=-1"", ""interaction_3@t=-1"", ""interaction_3@t=+1""]","incomplete:interaction_0@t=+1,interaction_2@t=-1,interaction_3@t=-1,interaction_3@t=+1",interaction,full_posterior,64,0.7743402687741694,0.4710278225426377,0.0822189667771879,0.0823326466854037,128,8192,2112,0,interaction_3@t=+1,interaction_0@t=+1,"{""interaction_0@t=+1"": 0.27625, ""interaction_0@t=-1"": 0.02125, ""interaction_1@t=+1"": 0.02875, ""interaction_1@t=-1"": 0.00125, ""interaction_2@t=+1"": 0.0325, ""interaction_2@t=-1"": 0.03625, ""interaction_3@t=+1"": 0.46875, ""interaction_3@t=-1"": 0.135}",1.0,reference_production_4|sel=2048,incomplete,71538f5fc37b1391ecadd17c52b8587909347d90439f7dcd7fdebf72a743c41f,shallow_m0064_r0,False,False,0.6234673992525335,0.4710278225426377,0.7743402687741694
2,shallow,64,True,final_geometry_v15_20260930,4,4327fe4ece9317f6fd20fad18389a71e9b1f423b,32,[],True,0.3202864359509281,ef4fac83e88b9ebc7025640c004ee055aad12f835c9939b678bc038c15b660a0,[],,loss,full_posterior,64,0.3392674499014779,0.3001156677452378,0.0102204827273166,0.0100497188546957,128,8192,2112,1,V@t=-0.5,V@t=+0.5,"{""V@t=+0.5"": 0.4, ""V@t=+1"": 0.06375, ""V@t=-0.5"": 0.35875, ""V@t=-1"": 0.1775}",1.0,reference_production_4|sel=2048,valid,2ebbaf17c0b875a151400adfe0c20fdcca7ef1fee9db82b7da14f8303c6ed54d,shallow_m0064_r1,True,True,0.3202864359509281,0.3001156677452378,0.3392674499014779
2,shallow,32,True,final_geometry_v15_20260930,16,4327fe4ece9317f6fd20fad18389a71e9b1f423b,32,[],True,0.3636041499344802,ef4fac83e88b9ebc7025640c004ee055aad12f835c9939b678bc038c15b660a0,[],,train_logit,full_posterior,64,0.4027203680052293,0.3243631249278393,0.0195688395905591,0.0176411911167963,128,8192,2112,1,train_logit_0@t=+1,train_logit_32@t=-1,"{""train_logit_0@t=+0.5"": 0.00875, ""train_logit_0@t=+1"": 0.285, ""train_logit_0@t=-0.5"": 0.00125, ""train_logit_0@t=-1"": 0.11875, ""train_logit_32@t=+1"": 0.1225, ""train_logit_32@t=-1"": 0.1825, ""train_logit_64@t=+0.5"": 0.00375, ""train_logit_64@t=+1"": 0.10625, ""train_logit_64@t=-0.5"": 0.0075, ""train_logit_64@t=-1"": 0.045, ""train_logit_96@t=+1"": 0.0775, ""train_logit_96@t=-1"": 0.04125}",1.0,reference_production_4|sel=2048,valid,2ebbaf17c0b875a151400adfe0c20fdcca7ef1fee9db82b7da14f8303c6ed54d,shallow_m0064_r1,True,True,0.3636041499344802,0.3243631249278393,0.4027203680052293
2,shallow,64,True,final_geometry_v15_20260930,16,4327fe4ece9317f6fd20fad18389a71e9b1f423b,32,[],True,0.5938387760428543,ef4fac83e88b9ebc7025640c004ee055aad12f835c9939b678bc038c15b660a0,"[""interaction_0@t=-1"", ""interaction_1@t=-1"", ""interaction_1@t=+1"", ""interaction_2@t=-1"", ""interaction_3@t=-1""]","incomplete:interaction_0@t=-1,interaction_1@t=-1,interaction_1@t=+1,interaction_2@t=-1,interaction_3@t=-1",interaction,full_posterior,64,0.7959509523591891,0.5279936823623244,0.0678636334818414,0.0801284161671952,128,8192,2112,1,interaction_2@t=-1,interaction_1@t=+1,"{""interaction_0@t=+1"": 0.0325, ""interaction_0@t=-1"": 0.11375, ""interaction_1@t=+1"": 0.4475, ""interaction_1@t=-1"": 0.005, ""interaction_2@t=+1"": 0.0025, ""interaction_2@t=-1"": 0.25375, ""interaction_3@t=+1"": 0.03, ""interaction_3@t=-1"": 0.115}",1.0,reference_production_4|sel=2048,incomplete,2ebbaf17c0b875a151400adfe0c20fdcca7ef1fee9db82b7da14f8303c6ed54d,shallow_m0064_r1,False,False,0.5938387760428543,0.5279936823623244,0.7959509523591891
2,shallow,64,True,final_geometry_v15_20260930,4,4327fe4ece9317f6fd20fad18389a71e9b1f423b,32,[],True,0.3136321482309248,fc66a15235541d8565676bdb1484417f710d51ebfa9abe839af1c9c234d73d2a,[],,loss,full_posterior,64,0.3289363518499578,0.291177028822337,0.0099028503356837,0.0097906234148526,128,8192,2112,2,V@t=-0.5,V@t=-1,"{""V@t=+0.5"": 0.18375, ""V@t=+1"": 0.00625, ""V@t=-0.5"": 0.28875, ""V@t=-1"": 0.52125}",1.0,reference_production_4|sel=2048,valid,fc9da6235fb1548d828cf68d55d93c2f858e835b161969d4cc33b00e5e83b603,shallow_m0064_r2,True,True,0.3136321482309248,0.291177028822337,0.3289363518499578
2,shallow,32,True,final_geometry_v15_20260930,16,4327fe4ece9317f6fd20fad18389a71e9b1f423b,32,[],True,0.3879058760195512,fc66a15235541d8565676bdb1484417f710d51ebfa9abe839af1c9c234d73d2a,[],,train_logit,full_posterior,64,0.4052630168463541,0.3505566960817994,0.0151276789843127,0.0144801838533394,128,8192,2112,2,train_logit_0@t=-0.5,train_logit_0@t=-1,"{""train_logit_0@t=+0.5"": 0.06, ""train_logit_0@t=+1"": 0.1075, ""train_logit_0@t=-0.5"": 0.1425, ""train_logit_0@t=-1"": 0.48375, ""train_logit_32@t=-1"": 0.00125, ""train_logit_64@t=+1"": 0.16875, ""train_logit_96@t=+1"": 0.0025, ""train_logit_96@t=-1"": 0.03375}",1.0,reference_production_4|sel=2048,valid,fc9da6235fb1548d828cf68d55d93c2f858e835b161969d4cc33b00e5e83b603,shallow_m0064_r2,True,True,0.3879058760195512,0.3505566960817994,0.4052630168463541
2,shallow,32,True,final_geometry_v15_20260930,16,4327fe4ece9317f6fd20fad18389a71e9b1f423b,32,[],True,0.6047131893572404,fc66a15235541d8565676bdb1484417f710d51ebfa9abe839af1c9c234d73d2a,"[""interaction_0@t=-1"", ""interaction_0@t=+1"", ""interaction_2@t=-1"", ""interaction_2@t=+1"", ""interaction_3@t=-1"", ""interaction_3@t=+1""]","incomplete:interaction_0@t=-1,interaction_0@t=+1,interaction_2@t=-1,interaction_2@t=+1,interaction_3@t=-1,interaction_3@t=+1",interaction,full_posterior,64,0.7575774599932688,0.4947661838521054,0.0645951638506378,0.0657523647756029,128,8192,2112,2,interaction_2@t=-1,interaction_3@t=-1,"{""interaction_0@t=+1"": 0.115, ""interaction_0@t=-1"": 0.04875, ""interaction_1@t=+1"": 0.05625, ""interaction_1@t=-1"": 0.03875, ""interaction_2@t=+1"": 0.04375, ""interaction_2@t=-1"": 0.4125, ""interaction_3@t=+1"": 0.00125, ""interaction_3@t=-1"": 0.28375}",1.0,reference_production_4|sel=2048,incomplete,fc9da6235fb1548d828cf68d55d93c2f858e835b161969d4cc33b00e5e83b603,shallow_m0064_r2,False,False,0.6047131893572404,0.4947661838521054,0.7575774599932688
2,shallow,64,True,final_geometry_v15_20260930,4,4327fe4ece9317f6fd20fad18389a71e9b1f423b,32,[],True,0.2918536830084391,e47deff70dcfb5c1294d8dc3ac5b42f0d32a2dab919cace5fa3b78a862394184,[],,loss,full_posterior,256,0.3104975342965255,0.2591677672233841,0.0131427310967035,0.0135009334367396,128,8192,8448,0,V@t=-1,V@t=-1,"{""V@t=+0.5"": 0.03, ""V@t=+1"": 0.1175, ""V@t=-0.5"": 0.03125, ""V@t=-1"": 0.82125}",1.0,reference_production_4|sel=2048,valid,5ffcf34dcb33edbff8ac327910bb107a5523c19a0d0683299bb0c37d97e4b101,shallow_m0256_r0,True,True,0.2918536830084391,0.2591677672233841,0.3104975342965255
2,shallow,32,True,final_geometry_v15_20260930,16,4327fe4ece9317f6fd20fad18389a71e9b1f423b,32,[],True,0.3655698786691825,e47deff70dcfb5c1294d8dc3ac5b42f0d32a2dab919cace5fa3b78a862394184,[],,train_logit,full_posterior,256,0.4018703225279863,0.3419772510866943,0.0153014162033653,0.0155416902475958,128,8192,8448,0,train_logit_0@t=+1,train_logit_32@t=+1,"{""train_logit_0@t=+0.5"": 0.00625, ""train_logit_0@t=+1"": 0.35375, ""train_logit_32@t=+0.5"": 0.02375, ""train_logit_32@t=+1"": 0.45625, ""train_logit_32@t=-0.5"": 0.00625, ""train_logit_32@t=-1"": 0.005, ""train_logit_64@t=+1"": 0.00625, ""train_logit_96@t=+1"": 0.01375, ""train_logit_96@t=-1"": 0.12875}",1.0,reference_production_4|sel=2048,valid,5ffcf34dcb33edbff8ac327910bb107a5523c19a0d0683299bb0c37d97e4b101,shallow_m0256_r0,True,True,0.3655698786691825,0.3419772510866943,0.4018703225279863
2,shallow,32,True,final_geometry_v15_20260930,16,4327fe4ece9317f6fd20fad18389a71e9b1f423b,32,[],True,0.5932611794290279,e47deff70dcfb5c1294d8dc3ac5b42f0d32a2dab919cace5fa3b78a862394184,"[""interaction_1@t=-1"", ""interaction_1@t=+1"", ""interaction_2@t=-1"", ""interaction_3@t=+1""]","incomplete:interaction_1@t=-1,interaction_1@t=+1,interaction_2@t=-1,interaction_3@t=+1",interaction,full_posterior,256,0.7099004081776289,0.5017486180639517,0.0511062324627663,0.0555722706523912,128,8192,8448,0,interaction_3@t=+1,interaction_1@t=+1,"{""interaction_0@t=+1"": 0.065, ""interaction_0@t=-1"": 0.01, ""interaction_1@t=+1"": 0.32875, ""interaction_1@t=-1"": 0.04625, ""interaction_2@t=+1"": 0.0175, ""interaction_2@t=-1"": 0.10375, ""interaction_3@t=+1"": 0.40375, ""interaction_3@t=-1"": 0.025}",1.0,reference_production_4|sel=2048,incomplete,5ffcf34dcb33edbff8ac327910bb107a5523c19a0d0683299bb0c37d97e4b101,shallow_m0256_r0,False,False,0.5932611794290279,0.5017486180639517,0.7099004081776289
2,shallow,64,True,final_geometry_v15_20260930,4,4327fe4ece9317f6fd20fad18389a71e9b1f423b,32,[],True,0.3313210343861933,b702cde550be752af2f1f36c00d7eabaee48cbb1c2b5b635f1ade6b8bbe92baa,[],,loss,full_posterior,256,0.3508182837128313,0.2989791321802785,0.0137849696617519,0.0145624687620108,128,8192,8448,1,V@t=-1,V@t=-1,"{""V@t=+0.5"": 0.0325, ""V@t=+1"": 0.1225, ""V@t=-0.5"": 0.05, ""V@t=-1"": 0.795}",1.0,reference_production_4|sel=2048,valid,8f5887633c4c57f2ac0982e01a15dae641286ed569accf33e93d0425c2b98209,shallow_m0256_r1,True,True,0.3313210343861933,0.2989791321802785,0.3508182837128313
2,shallow,32,True,final_geometry_v15_20260930,16,4327fe4ece9317f6fd20fad18389a71e9b1f423b,32,[],True,0.3531260716155157,b702cde550be752af2f1f36c00d7eabaee48cbb1c2b5b635f1ade6b8bbe92baa,[],,train_logit,full_posterior,256,0.3935510453457755,0.3310865611267292,0.0151422729331643,0.0140627443684385,128,8192,8448,1,train_logit_0@t=+1,train_logit_96@t=+1,"{""train_logit_0@t=+0.5"": 0.00875, ""train_logit_0@t=+1"": 0.32125, ""train_logit_0@t=-0.5"": 0.0075, ""train_logit_0@t=-1"": 0.0875, ""train_logit_32@t=+1"": 0.0475, ""train_logit_32@t=-1"": 0.045, ""train_logit_64@t=+0.5"": 0.0125, ""train_logit_64@t=+1"": 0.2025, ""train_logit_64@t=-0.5"": 0.005, ""train_logit_64@t=-1"": 0.02, ""train_logit_96@t=+1"": 0.2025, ""train_logit_96@t=-1"": 0.04}",1.0,reference_production_4|sel=2048,valid,8f5887633c4c57f2ac0982e01a15dae641286ed569accf33e93d0425c2b98209,shallow_m0256_r1,True,True,0.3531260716155157,0.3310865611267292,0.3935510453457755
2,shallow,32,True,final_geometry_v15_20260930,16,4327fe4ece9317f6fd20fad18389a71e9b1f423b,32,[],True,0.5480529063602395,b702cde550be752af2f1f36c00d7eabaee48cbb1c2b5b635f1ade6b8bbe92baa,"[""interaction_0@t=+1"", ""interaction_1@t=-1"", ""interaction_1@t=+1"", ""interaction_2@t=-1""]","incomplete:interaction_0@t=+1,interaction_1@t=-1,interaction_1@t=+1,interaction_2@t=-1",interaction,full_posterior,256,0.6595204323827815,0.4950649088398428,0.0418809930432184,0.0415943828876111,128,8192,8448,1,interaction_2@t=-1,interaction_0@t=+1,"{""interaction_0@t=+1"": 0.29375, ""interaction_0@t=-1"": 0.00125, ""interaction_1@t=+1"": 0.07, ""interaction_1@t=-1"": 0.03375, ""interaction_2@t=+1"": 0.00125, ""interaction_2@t=-1"": 0.4575, ""interaction_3@t=-1"": 0.1425}",1.0,reference_production_4|sel=2048,incomplete,8f5887633c4c57f2ac0982e01a15dae641286ed569accf33e93d0425c2b98209,shallow_m0256_r1,False,False,0.5480529063602395,0.4950649088398428,0.6595204323827815
2,shallow,64,True,final_geometry_v15_20260930,4,4327fe4ece9317f6fd20fad18389a71e9b1f423b,32,[],True,0.2938549448810686,1a93c14011fadc3517c1338c414e33dc5df1f74e820e26dc3412b4b3f497e934,[],,loss,full_posterior,256,0.3198204569401032,0.2763675728023876,0.011680454058717,0.0115954861260125,128,8192,8448,2,V@t=+1,V@t=-1,"{""V@t=+0.5"": 0.08875, ""V@t=+1"": 0.3325, ""V@t=-0.5"": 0.055, ""V@t=-1"": 0.52375}",1.0,reference_production_4|sel=2048,valid,2b0a25edaba13f9bb4eae0a84a065effa6848903405ea8fc1871d85b581b5ff9,shallow_m0256_r2,True,True,0.2938549448810686,0.2763675728023876,0.3198204569401032
2,shallow,32,True,final_geometry_v15_20260930,16,4327fe4ece9317f6fd20fad18389a71e9b1f423b,32,[],True,0.3688828654014304,1a93c14011fadc3517c1338c414e33dc5df1f74e820e26dc3412b4b3f497e934,[],,train_logit,full_posterior,256,0.3941365344947253,0.3373940308058158,0.0136788964985888,0.0129270181690937,128,8192,8448,2,train_logit_0@t=-1,train_logit_0@t=+1,"{""train_logit_0@t=+0.5"": 0.04875, ""train_logit_0@t=+1"": 0.43375, ""train_logit_0@t=-0.5"": 0.00625, ""train_logit_0@t=-1"": 0.2675, ""train_logit_32@t=-1"": 0.03625, ""train_logit_64@t=+0.5"": 0.0025, ""train_logit_64@t=+1"": 0.195, ""train_logit_64@t=-1"": 0.00875, ""train_logit_96@t=-1"": 0.00125}",1.0,reference_production_4|sel=2048,valid,2b0a25edaba13f9bb4eae0a84a065effa6848903405ea8fc1871d85b581b5ff9,shallow_m0256_r2,True,True,0.3688828654014304,0.3373940308058158,0.3941365344947253
2,shallow,32,True,final_geometry_v15_20260930,16,4327fe4ece9317f6fd20fad18389a71e9b1f423b,32,[],True,0.5569521055017751,1a93c14011fadc3517c1338c414e33dc5df1f74e820e26dc3412b4b3f497e934,"[""interaction_0@t=-1"", ""interaction_0@t=+1"", ""interaction_2@t=-1"", ""interaction_2@t=+1"", ""interaction_3@t=-1"", ""interaction_3@t=+1""]","incomplete:interaction_0@t=-1,interaction_0@t=+1,interaction_2@t=-1,interaction_2@t=+1,interaction_3@t=-1,interaction_3@t=+1",interaction,full_posterior,256,0.666218596394743,0.4961952830494959,0.0504940927556748,0.0450257552537695,128,8192,8448,2,interaction_2@t=-1,interaction_3@t=-1,"{""interaction_0@t=+1"": 0.0725, ""interaction_0@t=-1"": 0.2025, ""interaction_1@t=+1"": 0.05125, ""interaction_1@t=-1"": 0.02, ""interaction_2@t=+1"": 0.0025, ""interaction_2@t=-1"": 0.36, ""interaction_3@t=+1"": 0.0275, ""interaction_3@t=-1"": 0.26375}",1.0,reference_production_4|sel=2048,incomplete,2b0a25edaba13f9bb4eae0a84a065effa6848903405ea8fc1871d85b581b5ff9,shallow_m0256_r2,False,False,0.5569521055017751,0.4961952830494959,0.666218596394743
2,shallow,64,True,final_geometry_v15_20260930,4,4327fe4ece9317f6fd20fad18389a71e9b1f423b,32,[],True,0.2925029318196753,eccc88577af416a72d66fb22a9443f4a081b72812b06d3aa4d8116cbccdddcee,[],,loss,full_posterior,1024,0.3126740153720673,0.2700932384183187,0.0105405296791606,0.0113990497423753,128,8192,33792,0,V@t=-1,V@t=+1,"{""V@t=+0.5"": 0.0325, ""V@t=+1"": 0.37125, ""V@t=-0.5"": 0.1, ""V@t=-1"": 0.49625}",1.0,reference_production_4|sel=2048,valid,02cdf7a9fb4a8ebea158d555e3da7f259fe2d98afd52f242938d3e8f57697d6a,shallow_m1024_r0,True,True,0.2925029318196753,0.2700932384183187,0.3126740153720673
2,shallow,32,True,final_geometry_v15_20260930,16,4327fe4ece9317f6fd20fad18389a71e9b1f423b,32,[],True,0.3463583423659647,eccc88577af416a72d66fb22a9443f4a081b72812b06d3aa4d8116cbccdddcee,[],,train_logit,full_posterior,1024,0.4141527135516079,0.3227318132773419,0.0241665541466511,0.0238008923008313,128,8192,33792,0,train_logit_96@t=-1,train_logit_32@t=+1,"{""train_logit_0@t=+1"": 0.00375, ""train_logit_0@t=-1"": 0.005, ""train_logit_32@t=+0.5"": 0.00625, ""train_logit_32@t=+1"": 0.335, ""train_logit_32@t=-1"": 0.1125, ""train_logit_64@t=+1"": 0.00875, ""train_logit_96@t=+0.5"": 0.02625, ""train_logit_96@t=+1"": 0.295, ""train_logit_96@t=-0.5"": 0.01375, ""train_logit_96@t=-1"": 0.19375}",1.0,reference_production_4|sel=2048,valid,02cdf7a9fb4a8ebea158d555e3da7f259fe2d98afd52f242938d3e8f57697d6a,shallow_m1024_r0,True,True,0.3463583423659647,0.3227318132773419,0.4141527135516079
2,shallow,32,True,final_geometry_v15_20260930,16,4327fe4ece9317f6fd20fad18389a71e9b1f423b,32,[],True,0.5620809689399657,eccc88577af416a72d66fb22a9443f4a081b72812b06d3aa4d8116cbccdddcee,"[""interaction_0@t=+1"", ""interaction_1@t=+1"", ""interaction_3@t=-1"", ""interaction_3@t=+1""]","incomplete:interaction_0@t=+1,interaction_1@t=+1,interaction_3@t=-1,interaction_3@t=+1",interaction,full_posterior,1024,0.7937102577017522,0.4952877964375111,0.0856539270481798,0.0802498053862527,128,8192,33792,0,interaction_1@t=+1,interaction_2@t=+1,"{""interaction_0@t=+1"": 0.06625, ""interaction_1@t=+1"": 0.5225, ""interaction_1@t=-1"": 0.00125, ""interaction_2@t=+1"": 0.37, ""interaction_3@t=+1"": 0.02, ""interaction_3@t=-1"": 0.02}",1.0,reference_production_4|sel=2048,incomplete,02cdf7a9fb4a8ebea158d555e3da7f259fe2d98afd52f242938d3e8f57697d6a,shallow_m1024_r0,False,False,0.5620809689399657,0.4952877964375111,0.7937102577017522
2,shallow,64,True,final_geometry_v15_20260930,4,4327fe4ece9317f6fd20fad18389a71e9b1f423b,32,[],True,0.2844423377476913,ea19d2cf418befe36c6f1816fb622791c5ff562aa4e99be1dcbfc8e0ec2108f0,[],,loss,full_posterior,1024,0.3102447958160647,0.2635958089356154,0.0115210731989964,0.0108045412304054,128,8192,33792,1,V@t=-1,V@t=+0.5,"{""V@t=+0.5"": 0.3475, ""V@t=+1"": 0.07375, ""V@t=-0.5"": 0.0875, ""V@t=-1"": 0.49125}",1.0,reference_production_4|sel=2048,valid,75855771a1231e62e6e66f10e2f0fc9a96b653fa2c1e6c16aa05920b18f8825c,shallow_m1024_r1,True,True,0.2844423377476913,0.2635958089356154,0.3102447958160647
2,shallow,32,True,final_geometry_v15_20260930,16,4327fe4ece9317f6fd20fad18389a71e9b1f423b,32,[],True,0.3853710233180771,ea19d2cf418befe36c6f1816fb622791c5ff562aa4e99be1dcbfc8e0ec2108f0,[],,train_logit,full_posterior,1024,0.4079652819034881,0.3436368950500397,0.0181876866751248,0.0174128254067206,128,8192,33792,1,train_logit_64@t=+1,train_logit_64@t=+1,"{""train_logit_0@t=+0.5"": 0.0025, ""train_logit_0@t=+1"": 0.0625, ""train_logit_0@t=-0.5"": 0.00125, ""train_logit_32@t=-1"": 0.025, ""train_logit_64@t=+0.5"": 0.08125, ""train_logit_64@t=+1"": 0.5075, ""train_logit_64@t=-0.5"": 0.0025, ""train_logit_64@t=-1"": 0.06125, ""train_logit_96@t=+0.5"": 0.015, ""train_logit_96@t=+1"": 0.14125, ""train_logit_96@t=-0.5"": 0.01875, ""train_logit_96@t=-1"": 0.08125}",1.0,reference_production_4|sel=2048,valid,75855771a1231e62e6e66f10e2f0fc9a96b653fa2c1e6c16aa05920b18f8825c,shallow_m1024_r1,True,True,0.3853710233180771,0.3436368950500397,0.4079652819034881
2,shallow,32,True,final_geometry_v15_20260930,16,4327fe4ece9317f6fd20fad18389a71e9b1f423b,32,[],True,0.5188153763716259,ea19d2cf418befe36c6f1816fb622791c5ff562aa4e99be1dcbfc8e0ec2108f0,"[""interaction_0@t=+1"", ""interaction_2@t=-1"", ""interaction_2@t=+1"", ""interaction_3@t=+1""]","incomplete:interaction_0@t=+1,interaction_2@t=-1,interaction_2@t=+1,interaction_3@t=+1",interaction,full_posterior,1024,0.6719075197817646,0.4732728065559194,0.0501107187756364,0.0498052325708332,128,8192,33792,1,interaction_2@t=+1,interaction_1@t=+1,"{""interaction_0@t=+1"": 0.205, ""interaction_0@t=-1"": 0.08375, ""interaction_1@t=+1"": 0.21625, ""interaction_1@t=-1"": 0.015, ""interaction_2@t=+1"": 0.22125, ""interaction_2@t=-1"": 0.04375, ""interaction_3@t=+1"": 0.2, ""interaction_3@t=-1"": 0.015}",1.0,reference_production_4|sel=2048,incomplete,75855771a1231e62e6e66f10e2f0fc9a96b653fa2c1e6c16aa05920b18f8825c,shallow_m1024_r1,False,False,0.5188153763716259,0.4732728065559194,0.6719075197817646
2,shallow,64,True,final_geometry_v15_20260930,4,4327fe4ece9317f6fd20fad18389a71e9b1f423b,32,[],True,0.2700935787359065,021040a3ca16fc031962af4405d32b26085034b920caf09089cd44dab4261f0f,[],,loss,full_posterior,1024,0.2973547295481197,0.2553133348740701,0.0107656920984737,0.0100693704023639,128,8192,33792,2,V@t=+1,V@t=-1,"{""V@t=+0.5"": 0.21625, ""V@t=+1"": 0.45, ""V@t=-0.5"": 0.11625, ""V@t=-1"": 0.2175}",1.0,reference_production_4|sel=2048,valid,61fa5b97160a40ea4623d9b0909f5c6bd1efc198e054db5ea14dff80a68ca165,shallow_m1024_r2,True,True,0.2700935787359065,0.2553133348740701,0.2973547295481197
2,shallow,32,True,final_geometry_v15_20260930,16,4327fe4ece9317f6fd20fad18389a71e9b1f423b,32,[],True,0.3689348837038338,021040a3ca16fc031962af4405d32b26085034b920caf09089cd44dab4261f0f,[],,train_logit,full_posterior,1024,0.4009640392033635,0.3453640085848718,0.0154117147866577,0.0151525088640876,128,8192,33792,2,train_logit_0@t=-1,train_logit_0@t=+1,"{""train_logit_0@t=+0.5"": 0.00625, ""train_logit_0@t=+1"": 0.305, ""train_logit_0@t=-0.5"": 0.03375, ""train_logit_0@t=-1"": 0.505, ""train_logit_32@t=+1"": 0.01125, ""train_logit_32@t=-1"": 0.01125, ""train_logit_64@t=+0.5"": 0.02, ""train_logit_64@t=+1"": 0.07375, ""train_logit_64@t=-0.5"": 0.005, ""train_logit_64@t=-1"": 0.00375, ""train_logit_96@t=+1"": 0.00125, ""train_logit_96@t=-1"": 0.02375}",1.0,reference_production_4|sel=2048,valid,61fa5b97160a40ea4623d9b0909f5c6bd1efc198e054db5ea14dff80a68ca165,shallow_m1024_r2,True,True,0.3689348837038338,0.3453640085848718,0.4009640392033635
2,shallow,32,True,final_geometry_v15_20260930,16,4327fe4ece9317f6fd20fad18389a71e9b1f423b,32,[],True,0.5563292542293944,021040a3ca16fc031962af4405d32b26085034b920caf09089cd44dab4261f0f,"[""interaction_0@t=-1"", ""interaction_0@t=+1"", ""interaction_1@t=-1"", ""interaction_2@t=-1"", ""interaction_3@t=-1"", ""interaction_3@t=+1""]","incomplete:interaction_0@t=-1,interaction_0@t=+1,interaction_1@t=-1,interaction_2@t=-1,interaction_3@t=-1,interaction_3@t=+1",interaction,full_posterior,1024,0.6917808772727206,0.4940813951172053,0.052245063239421,0.0529011273491116,128,8192,33792,2,interaction_2@t=-1,interaction_3@t=+1,"{""interaction_0@t=+1"": 0.0825, ""interaction_0@t=-1"": 0.2225, ""interaction_1@t=+1"": 0.0225, ""interaction_1@t=-1"": 0.01, ""interaction_2@t=+1"": 0.00375, ""interaction_2@t=-1"": 0.38125, ""interaction_3@t=+1"": 0.21, ""interaction_3@t=-1"": 0.0675}",1.0,reference_production_4|sel=2048,incomplete,61fa5b97160a40ea4623d9b0909f5c6bd1efc198e054db5ea14dff80a68ca165,shallow_m1024_r2,False,False,0.5563292542293944,0.4940813951172053,0.6917808772727206
2,shallow,64,True,final_geometry_v15_20260930,4,4327fe4ece9317f6fd20fad18389a71e9b1f423b,32,[],True,0.3065154363189593,c42d4b5367c65fa5dcb34a30c443e9e774bce26cf64c6b1f15f6e759818a4a20,[],,loss,full_posterior,4096,0.3226902341277566,0.2684971891977925,0.0147022573116389,0.0141319373903619,128,8192,135168,0,V@t=-1,V@t=-1,"{""V@t=+0.5"": 0.00875, ""V@t=+1"": 0.10125, ""V@t=-0.5"": 0.02625, ""V@t=-1"": 0.86375}",1.0,reference_production_4|sel=2048,valid,8a6220ba8b63029337f3aba7bf23ad58f356eb9ebe1053d6e3e3fcf5e1c55e2a,shallow_m4096_r0,True,True,0.3065154363189593,0.2684971891977925,0.3226902341277566
2,shallow,32,True,final_geometry_v15_20260930,16,4327fe4ece9317f6fd20fad18389a71e9b1f423b,32,[],True,0.3743098035086418,c42d4b5367c65fa5dcb34a30c443e9e774bce26cf64c6b1f15f6e759818a4a20,[],,train_logit,full_posterior,4096,0.4125113593695799,0.326470316292938,0.0222167394840069,0.0209110083974056,128,8192,135168,0,train_logit_32@t=-1,train_logit_32@t=-1,"{""train_logit_0@t=+0.5"": 0.01, ""train_logit_0@t=+1"": 0.02, ""train_logit_0@t=-0.5"": 0.00125, ""train_logit_0@t=-1"": 0.02125, ""train_logit_32@t=+0.5"": 0.04, ""train_logit_32@t=+1"": 0.085, ""train_logit_32@t=-0.5"": 0.03375, ""train_logit_32@t=-1"": 0.54, ""train_logit_64@t=+0.5"": 0.025, ""train_logit_64@t=+1"": 0.03, ""train_logit_64@t=-0.5"": 0.005, ""train_logit_64@t=-1"": 0.00125, ""train_logit_96@t=+0.5"": 0.07625, ""train_logit_96@t=+1"": 0.08375, ""train_logit_96@t=-0.5"": 0.0175, ""train_logit_96@t=-1"": 0.01}",1.0,reference_production_4|sel=2048,valid,8a6220ba8b63029337f3aba7bf23ad58f356eb9ebe1053d6e3e3fcf5e1c55e2a,shallow_m4096_r0,True,True,0.3743098035086418,0.326470316292938,0.4125113593695799
2,shallow,32,True,final_geometry_v15_20260930,16,4327fe4ece9317f6fd20fad18389a71e9b1f423b,32,[],True,0.5802990987451238,c42d4b5367c65fa5dcb34a30c443e9e774bce26cf64c6b1f15f6e759818a4a20,"[""interaction_0@t=+1"", ""interaction_1@t=-1"", ""interaction_2@t=-1"", ""interaction_2@t=+1"", ""interaction_3@t=-1"", ""interaction_3@t=+1""]","incomplete:interaction_0@t=+1,interaction_1@t=-1,interaction_2@t=-1,interaction_2@t=+1,interaction_3@t=-1,interaction_3@t=+1",interaction,full_posterior,4096,0.7589452481289782,0.5001329304482848,0.062086226749023,0.0631658379888406,128,8192,135168,0,interaction_0@t=+1,interaction_3@t=+1,"{""interaction_0@t=+1"": 0.34375, ""interaction_0@t=-1"": 0.0275, ""interaction_1@t=-1"": 0.15625, ""interaction_2@t=+1"": 0.12, ""interaction_2@t=-1"": 0.075, ""interaction_3@t=+1"": 0.26625, ""interaction_3@t=-1"": 0.01125}",1.0,reference_production_4|sel=2048,incomplete,8a6220ba8b63029337f3aba7bf23ad58f356eb9ebe1053d6e3e3fcf5e1c55e2a,shallow_m4096_r0,False,False,0.5802990987451238,0.5001329304482848,0.7589452481289782
2,shallow,64,True,final_geometry_v15_20260930,4,4327fe4ece9317f6fd20fad18389a71e9b1f423b,32,[],True,0.2866608737137701,a4c8520eb44c75ea3099cdbac825d88d37c40066ff07f2408368c63f9fadfabc,[],,loss,full_posterior,4096,0.3152989183527613,0.268538174721159,0.0119246544429124,0.0110602265469227,128,8192,135168,1,V@t=-1,V@t=+0.5,"{""V@t=+0.5"": 0.26875, ""V@t=+1"": 0.18125, ""V@t=-0.5"": 0.065, ""V@t=-1"": 0.485}",1.0,reference_production_4|sel=2048,valid,2d18a154c082aebdf0c7dff9779adbab12358b1b72ad29a412f3643b39e3fb64,shallow_m4096_r1,True,True,0.2866608737137701,0.268538174721159,0.3152989183527613
2,shallow,32,True,final_geometry_v15_20260930,16,4327fe4ece9317f6fd20fad18389a71e9b1f423b,32,[],True,0.3613861503546531,a4c8520eb44c75ea3099cdbac825d88d37c40066ff07f2408368c63f9fadfabc,[],,train_logit,full_posterior,4096,0.3894054127501199,0.3394653434931118,0.0126325189694021,0.0127123625076283,128,8192,135168,1,train_logit_96@t=+1,train_logit_64@t=+1,"{""train_logit_0@t=+0.5"": 0.00125, ""train_logit_0@t=+1"": 0.0025, ""train_logit_0@t=-1"": 0.00375, ""train_logit_32@t=-1"": 0.02, ""train_logit_64@t=+0.5"": 0.0625, ""train_logit_64@t=+1"": 0.365, ""train_logit_64@t=-0.5"": 0.0175, ""train_logit_64@t=-1"": 0.09375, ""train_logit_96@t=+0.5"": 0.0025, ""train_logit_96@t=+1"": 0.42625, ""train_logit_96@t=-1"": 0.005}",1.0,reference_production_4|sel=2048,valid,2d18a154c082aebdf0c7dff9779adbab12358b1b72ad29a412f3643b39e3fb64,shallow_m4096_r1,True,True,0.3613861503546531,0.3394653434931118,0.3894054127501199
2,shallow,32,True,final_geometry_v15_20260930,16,4327fe4ece9317f6fd20fad18389a71e9b1f423b,32,[],True,0.5184980765801718,a4c8520eb44c75ea3099cdbac825d88d37c40066ff07f2408368c63f9fadfabc,"[""interaction_0@t=-1"", ""interaction_1@t=-1""]","incomplete:interaction_0@t=-1,interaction_1@t=-1",interaction,full_posterior,4096,0.608675590657712,0.4600626399830768,0.0365875495165454,0.042239506943835,128,8192,135168,1,interaction_2@t=+1,interaction_0@t=-1,"{""interaction_0@t=+1"": 0.00375, ""interaction_0@t=-1"": 0.32125, ""interaction_1@t=+1"": 0.05375, ""interaction_1@t=-1"": 0.17125, ""interaction_2@t=+1"": 0.225, ""interaction_2@t=-1"": 0.0525, ""interaction_3@t=+1"": 0.0325, ""interaction_3@t=-1"": 0.14}",1.0,reference_production_4|sel=2048,incomplete,2d18a154c082aebdf0c7dff9779adbab12358b1b72ad29a412f3643b39e3fb64,shallow_m4096_r1,False,False,0.5184980765801718,0.4600626399830768,0.608675590657712
2,shallow,64,True,final_geometry_v15_20260930,4,4327fe4ece9317f6fd20fad18389a71e9b1f423b,32,[],True,0.3100810079652659,e6c2b29c8d23ffd4b35abeadcb98a15ed903ffdf4eae4b6206deea1eca98cb13,"[""V@t=+1""]",incomplete:V@t=+1,loss,full_posterior,4096,0.344885271704604,0.2732691707533617,0.0192262820387906,0.0178846401870234,128,8192,135168,2,V@t=+1,V@t=+1,"{""V@t=+0.5"": 0.11875, ""V@t=+1"": 0.8175, ""V@t=-0.5"": 0.03875, ""V@t=-1"": 0.025}",1.0,reference_production_4|sel=2048,incomplete,8c615bef38ec1c9a9068713982d858e21e32dae4d6bf4d65ddce5685b8944212,shallow_m4096_r2,False,False,0.3100810079652659,0.2732691707533617,0.344885271704604
2,shallow,32,True,final_geometry_v15_20260930,16,4327fe4ece9317f6fd20fad18389a71e9b1f423b,32,[],True,0.3643822420796776,e6c2b29c8d23ffd4b35abeadcb98a15ed903ffdf4eae4b6206deea1eca98cb13,[],,train_logit,full_posterior,4096,0.4027581390216865,0.3333079993102587,0.0162854520075578,0.0151379942818115,128,8192,135168,2,train_logit_0@t=+1,train_logit_0@t=-1,"{""train_logit_0@t=+0.5"": 0.06, ""train_logit_0@t=+1"": 0.27375, ""train_logit_0@t=-0.5"": 0.015, ""train_logit_0@t=-1"": 0.50375, ""train_logit_64@t=+0.5"": 0.00375, ""train_logit_64@t=+1"": 0.045, ""train_logit_64@t=-0.5"": 0.00375, ""train_logit_64@t=-1"": 0.0775, ""train_logit_96@t=-1"": 0.0175}",1.0,reference_production_4|sel=2048,valid,8c615bef38ec1c9a9068713982d858e21e32dae4d6bf4d65ddce5685b8944212,shallow_m4096_r2,True,True,0.3643822420796776,0.3333079993102587,0.4027581390216865
2,shallow,32,True,final_geometry_v15_20260930,16,4327fe4ece9317f6fd20fad18389a71e9b1f423b,32,[],True,0.5499786809047622,e6c2b29c8d23ffd4b35abeadcb98a15ed903ffdf4eae4b6206deea1eca98cb13,"[""interaction_0@t=-1"", ""interaction_1@t=+1"", ""interaction_3@t=-1"", ""interaction_3@t=+1""]","incomplete:interaction_0@t=-1,interaction_1@t=+1,interaction_3@t=-1,interaction_3@t=+1",interaction,full_posterior,4096,0.6942324862477651,0.4744972436428229,0.0566056447813439,0.0553726771468397,128,8192,135168,2,interaction_3@t=-1,interaction_0@t=-1,"{""interaction_0@t=+1"": 0.00625, ""interaction_0@t=-1"": 0.34125, ""interaction_1@t=+1"": 0.24125, ""interaction_1@t=-1"": 0.0175, ""interaction_2@t=+1"": 0.0075, ""interaction_2@t=-1"": 0.1, ""interaction_3@t=+1"": 0.04125, ""interaction_3@t=-1"": 0.245}",1.0,reference_production_4|sel=2048,incomplete,8c615bef38ec1c9a9068713982d858e21e32dae4d6bf4d65ddce5685b8944212,shallow_m4096_r2,False,False,0.5499786809047622,0.4744972436428229,0.6942324862477651
3,deep,64,True,final_geometry_v15_20260930,4,4327fe4ece9317f6fd20fad18389a71e9b1f423b,32,[],True,0.2977696592579096,071497a7f547de114b6f2eeaaf1cb152a2fd795c199819aa3d61b7557d1389dc,[],,loss,conditional_G_2.5,32,0.3255334255789742,0.2646294321954137,0.0175694962864443,0.017822073785491,128,8192,2080,0,V@t=-1,V@t=-0.5,"{""V@t=+0.5"": 0.12625, ""V@t=+1"": 0.10625, ""V@t=-0.5"": 0.1625, ""V@t=-1"": 0.605}",1.0,reference_production_4|sel=2048,valid,af056e127c02b019412d5384149e30d1e6c85b146336ef076ef6b326c05fe260,deep_m0032_r0,True,True,0.2977696592579096,0.2646294321954137,0.3255334255789742
3,deep,32,True,final_geometry_v15_20260930,16,4327fe4ece9317f6fd20fad18389a71e9b1f423b,32,[],True,0.2603160781911079,071497a7f547de114b6f2eeaaf1cb152a2fd795c199819aa3d61b7557d1389dc,[],,train_logit,conditional_G_2.5,32,0.2929196037279753,0.2449386472447263,0.0115932198726718,0.0122270958363688,128,8192,2080,0,train_logit_96@t=+1,train_logit_0@t=+0.5,"{""train_logit_0@t=+0.5"": 0.17625, ""train_logit_0@t=+1"": 0.08875, ""train_logit_0@t=-0.5"": 0.005, ""train_logit_0@t=-1"": 0.00375, ""train_logit_32@t=+0.5"": 0.00875, ""train_logit_32@t=+1"": 0.01625, ""train_logit_32@t=-1"": 0.185, ""train_logit_64@t=+1"": 0.0175, ""train_logit_64@t=-1"": 0.00125, ""train_logit_96@t=+0.5"": 0.01625, ""train_logit_96@t=+1"": 0.47875, ""train_logit_96@t=-1"": 0.0025}",1.0,reference_production_4|sel=2048,valid,af056e127c02b019412d5384149e30d1e6c85b146336ef076ef6b326c05fe260,deep_m0032_r0,True,True,0.2603160781911079,0.2449386472447263,0.2929196037279753
3,deep,32,True,final_geometry_v15_20260930,16,4327fe4ece9317f6fd20fad18389a71e9b1f423b,32,[],True,0.564160205182916,071497a7f547de114b6f2eeaaf1cb152a2fd795c199819aa3d61b7557d1389dc,"[""interaction_0@t=-1"", ""interaction_1@t=-1"", ""interaction_1@t=+1"", ""interaction_3@t=-1"", ""interaction_3@t=+1""]","incomplete:interaction_0@t=-1,interaction_1@t=-1,interaction_1@t=+1,interaction_3@t=-1,interaction_3@t=+1",interaction,conditional_G_2.5,32,0.7128139136248529,0.5216688124413446,0.0505490740368662,0.0522228818258011,128,8192,2080,0,interaction_1@t=-1,interaction_3@t=-1,"{""interaction_0@t=+1"": 0.00625, ""interaction_0@t=-1"": 0.235, ""interaction_1@t=+1"": 0.14625, ""interaction_1@t=-1"": 0.17375, ""interaction_2@t=+1"": 0.0025, ""interaction_3@t=+1"": 0.1025, ""interaction_3@t=-1"": 0.33375}",1.0,reference_production_4|sel=2048,incomplete,af056e127c02b019412d5384149e30d1e6c85b146336ef076ef6b326c05fe260,deep_m0032_r0,False,False,0.564160205182916,0.5216688124413446,0.7128139136248529
3,deep,64,True,final_geometry_v15_20260930,4,4327fe4ece9317f6fd20fad18389a71e9b1f423b,32,[],True,0.3300658516393487,6721cf3a15ffb0269838fbcb7b77f74f9873720686bdd8acb5762753278a2ccd,[],,loss,conditional_G_2.5,32,0.3441492572934215,0.3025861558814939,0.0104793933942564,0.0115181768932038,128,8192,2080,1,V@t=+0.5,V@t=+0.5,"{""V@t=+0.5"": 0.47375, ""V@t=+1"": 0.17125, ""V@t=-0.5"": 0.34, ""V@t=-1"": 0.015}",1.0,reference_production_4|sel=2048,valid,662315e3af404632a903759afc0db53d7616be0be60d5bbeff2faff490855fed,deep_m0032_r1,True,True,0.3300658516393487,0.3025861558814939,0.3441492572934215
3,deep,64,True,final_geometry_v15_20260930,16,4327fe4ece9317f6fd20fad18389a71e9b1f423b,32,[],True,0.2813551109362285,6721cf3a15ffb0269838fbcb7b77f74f9873720686bdd8acb5762753278a2ccd,"[""train_logit_0@t=+1""]",incomplete:train_logit_0@t=+1,train_logit,conditional_G_2.5,32,0.3159411516948248,0.2585289450778209,0.0141995071907169,0.0151953036139308,128,8192,2080,1,train_logit_0@t=+1,train_logit_96@t=-1,"{""train_logit_0@t=+0.5"": 0.01, ""train_logit_0@t=+1"": 0.30625, ""train_logit_0@t=-0.5"": 0.0325, ""train_logit_0@t=-1"": 0.01, ""train_logit_32@t=+0.5"": 0.00125, ""train_logit_32@t=+1"": 0.02875, ""train_logit_32@t=-0.5"": 0.00125, ""train_logit_64@t=+0.5"": 0.0075, ""train_logit_64@t=+1"": 0.20625, ""train_logit_64@t=-1"": 0.0025, ""train_logit_96@t=+0.5"": 0.06625, ""train_logit_96@t=+1"": 0.06125, ""train_logit_96@t=-0.5"": 0.01375, ""train_logit_96@t=-1"": 0.2525}",1.0,reference_production_4|sel=2048,incomplete,662315e3af404632a903759afc0db53d7616be0be60d5bbeff2faff490855fed,deep_m0032_r1,False,False,0.2813551109362285,0.2585289450778209,0.3159411516948248
3,deep,64,True,final_geometry_v15_20260930,16,4327fe4ece9317f6fd20fad18389a71e9b1f423b,32,[],True,0.7198308472188671,6721cf3a15ffb0269838fbcb7b77f74f9873720686bdd8acb5762753278a2ccd,"[""interaction_1@t=-1"", ""interaction_1@t=+1"", ""interaction_3@t=-1"", ""interaction_3@t=+1""]","incomplete:interaction_1@t=-1,interaction_1@t=+1,interaction_3@t=-1,interaction_3@t=+1",interaction,conditional_G_2.5,32,0.7620060358468553,0.5288894496719561,0.0656825175552804,0.0616972991075767,128,8192,2080,1,interaction_3@t=+1,interaction_1@t=+1,"{""interaction_0@t=+1"": 0.05875, ""interaction_1@t=+1"": 0.395, ""interaction_1@t=-1"": 0.05, ""interaction_2@t=+1"": 0.19, ""interaction_3@t=+1"": 0.225, ""interaction_3@t=-1"": 0.08125}",1.0,reference_production_4|sel=2048,incomplete,662315e3af404632a903759afc0db53d7616be0be60d5bbeff2faff490855fed,deep_m0032_r1,False,False,0.7198308472188671,0.5288894496719561,0.7620060358468553
3,deep,128,,final_geometry_v15_20260930,4,4327fe4ece9317f6fd20fad18389a71e9b1f423b,32,[],False,0.3243525408658113,65b30b0b57ac50414e4fd1cff544dfa82cab9889fc969809389e547640c66749,"[""V@t=-1""]",incomplete:V@t=-1,loss,conditional_G_2.5,32,0.3601184938317303,0.2812403790491684,0.0203475161101352,,128,8192,2080,2,V@t=-1,V@t=-1,"{""V@t=+0.5"": 0.01625, ""V@t=+1"": 0.06875, ""V@t=-0.5"": 0.19625, ""V@t=-1"": 0.71875}",1.0,reference_production_4|sel=2048,incomplete,e1bd5b82d8da839a2fc5ffa8fd46793eab0e499a09e69bcda3048c51750c1a05,deep_m0032_r2,False,False,0.3243525408658113,0.2812403790491684,0.3601184938317303
3,deep,32,True,final_geometry_v15_20260930,16,4327fe4ece9317f6fd20fad18389a71e9b1f423b,32,[],True,0.2591469589901081,65b30b0b57ac50414e4fd1cff544dfa82cab9889fc969809389e547640c66749,[],,train_logit,conditional_G_2.5,32,0.2986889846325338,0.2472088864982514,0.0142737758253207,0.0170406311491679,128,8192,2080,2,train_logit_0@t=-1,train_logit_64@t=+1,"{""train_logit_0@t=+0.5"": 0.085, ""train_logit_0@t=+1"": 0.12, ""train_logit_0@t=-0.5"": 0.02625, ""train_logit_0@t=-1"": 0.495, ""train_logit_32@t=-1"": 0.0025, ""train_logit_64@t=+1"": 0.2525, ""train_logit_96@t=-0.5"": 0.00375, ""train_logit_96@t=-1"": 0.015}",1.0,reference_production_4|sel=2048,valid,e1bd5b82d8da839a2fc5ffa8fd46793eab0e499a09e69bcda3048c51750c1a05,deep_m0032_r2,True,True,0.2591469589901081,0.2472088864982514,0.2986889846325338
3,deep,64,True,final_geometry_v15_20260930,16,4327fe4ece9317f6fd20fad18389a71e9b1f423b,32,[],True,0.642844600633949,65b30b0b57ac50414e4fd1cff544dfa82cab9889fc969809389e547640c66749,"[""interaction_0@t=-1"", ""interaction_2@t=-1"", ""interaction_2@t=+1"", ""interaction_3@t=-1"", ""interaction_3@t=+1""]","incomplete:interaction_0@t=-1,interaction_2@t=-1,interaction_2@t=+1,interaction_3@t=-1,interaction_3@t=+1",interaction,conditional_G_2.5,32,0.7905621183450143,0.5427278630246166,0.0613661006144647,0.0683031636411009,128,8192,2080,2,interaction_3@t=-1,interaction_2@t=-1,"{""interaction_0@t=+1"": 0.0025, ""interaction_0@t=-1"": 0.0125, ""interaction_1@t=+1"": 0.0275, ""interaction_1@t=-1"": 0.03, ""interaction_2@t=+1"": 0.22875, ""interaction_2@t=-1"": 0.4375, ""interaction_3@t=+1"": 0.01125, ""interaction_3@t=-1"": 0.25}",1.0,reference_production_4|sel=2048,incomplete,e1bd5b82d8da839a2fc5ffa8fd46793eab0e499a09e69bcda3048c51750c1a05,deep_m0032_r2,False,False,0.642844600633949,0.5427278630246166,0.7905621183450143
3,deep,64,True,final_geometry_v15_20260930,4,4327fe4ece9317f6fd20fad18389a71e9b1f423b,32,[],True,0.265238137912242,582185fc3a63bb8ee4cc6edb165a558242aa23b7077f582a1e27f80fe240acd0,[],,loss,conditional_G_2.5,64,0.2755857097545541,0.2464078953138437,0.007616104568024,0.0077087918147899,128,8192,6208,0,V@t=-0.5,V@t=-0.5,"{""V@t=+0.5"": 0.1125, ""V@t=+1"": 0.17375, ""V@t=-0.5"": 0.53875, ""V@t=-1"": 0.175}",1.0,reference_production_4|sel=2048,valid,981c8c16f8288893162866a44dc7f238a562d94baba61c4736c9e2c0a9aaafac,deep_m0064_r0,True,True,0.265238137912242,0.2464078953138437,0.2755857097545541
3,deep,32,True,final_geometry_v15_20260930,16,4327fe4ece9317f6fd20fad18389a71e9b1f423b,32,[],True,0.2453511475631384,582185fc3a63bb8ee4cc6edb165a558242aa23b7077f582a1e27f80fe240acd0,[],,train_logit,conditional_G_2.5,64,0.2765065255752263,0.2365897514611568,0.0095506163907711,0.010373743764363,128,8192,6208,0,train_logit_0@t=+1,train_logit_64@t=+1,"{""train_logit_0@t=+0.5"": 0.0025, ""train_logit_0@t=+1"": 0.22125, ""train_logit_32@t=+0.5"": 0.00125, ""train_logit_32@t=+1"": 0.19875, ""train_logit_32@t=-0.5"": 0.0025, ""train_logit_32@t=-1"": 0.00375, ""train_logit_64@t=+1"": 0.32625, ""train_logit_64@t=-1"": 0.05875, ""train_logit_96@t=+0.5"": 0.02875, ""train_logit_96@t=+1"": 0.11, ""train_logit_96@t=-0.5"": 0.00125, ""train_logit_96@t=-1"": 0.045}",1.0,reference_production_4|sel=2048,valid,981c8c16f8288893162866a44dc7f238a562d94baba61c4736c9e2c0a9aaafac,deep_m0064_r0,True,True,0.2453511475631384,0.2365897514611568,0.2765065255752263
3,deep,32,True,final_geometry_v15_20260930,16,4327fe4ece9317f6fd20fad18389a71e9b1f423b,32,[],True,0.5586796933093011,582185fc3a63bb8ee4cc6edb165a558242aa23b7077f582a1e27f80fe240acd0,"[""interaction_0@t=+1"", ""interaction_1@t=+1"", ""interaction_2@t=-1"", ""interaction_2@t=+1"", ""interaction_3@t=-1"", ""interaction_3@t=+1""]","incomplete:interaction_0@t=+1,interaction_1@t=+1,interaction_2@t=-1,interaction_2@t=+1,interaction_3@t=-1,interaction_3@t=+1",interaction,conditional_G_2.5,64,0.7734959069406366,0.4952112128416433,0.063950558626677,0.0742157966396827,128,8192,6208,0,interaction_3@t=+1,interaction_2@t=+1,"{""interaction_0@t=+1"": 0.005, ""interaction_0@t=-1"": 0.03125, ""interaction_1@t=+1"": 0.1575, ""interaction_1@t=-1"": 0.00125, ""interaction_2@t=+1"": 0.225, ""interaction_2@t=-1"": 0.16125, ""interaction_3@t=+1"": 0.415, ""interaction_3@t=-1"": 0.00375}",1.0,reference_production_4|sel=2048,incomplete,981c8c16f8288893162866a44dc7f238a562d94baba61c4736c9e2c0a9aaafac,deep_m0064_r0,False,False,0.5586796933093011,0.4952112128416433,0.7734959069406366
3,deep,64,True,final_geometry_v15_20260930,4,4327fe4ece9317f6fd20fad18389a71e9b1f423b,32,[],True,0.3291165024593109,9e6ac88405fb3b11d6f1ced5dcfbcff994228697799e3d637681f59a96e00b74,[],,loss,conditional_G_2.5,64,0.3498334123611884,0.3006036721717092,0.0139085286854104,0.0137032779644049,128,8192,6208,1,V@t=-1,V@t=-1,"{""V@t=+0.5"": 0.00375, ""V@t=+1"": 0.00375, ""V@t=-0.5"": 0.01875, ""V@t=-1"": 0.97375}",1.0,reference_production_4|sel=2048,valid,cffc441cee2bd015a78c885c0750263a0ede3b1b8b3eb5af88b7ed906fea8e96,deep_m0064_r1,True,True,0.3291165024593109,0.3006036721717092,0.3498334123611884
3,deep,32,True,final_geometry_v15_20260930,16,4327fe4ece9317f6fd20fad18389a71e9b1f423b,32,[],True,0.2846112995849216,9e6ac88405fb3b11d6f1ced5dcfbcff994228697799e3d637681f59a96e00b74,[],,train_logit,conditional_G_2.5,64,0.3010837096724764,0.2536544626188333,0.0118879594578617,0.0121403249967892,128,8192,6208,1,train_logit_64@t=+1,train_logit_64@t=+1,"{""train_logit_0@t=+0.5"": 0.01875, ""train_logit_0@t=+1"": 0.215, ""train_logit_0@t=-0.5"": 0.01, ""train_logit_0@t=-1"": 0.13875, ""train_logit_32@t=-1"": 0.00875, ""train_logit_64@t=+0.5"": 0.03375, ""train_logit_64@t=+1"": 0.425, ""train_logit_64@t=-1"": 0.00375, ""train_logit_96@t=+0.5"": 0.00125, ""train_logit_96@t=+1"": 0.10375, ""train_logit_96@t=-0.5"": 0.0025, ""train_logit_96@t=-1"": 0.03875}",1.0,reference_production_4|sel=2048,valid,cffc441cee2bd015a78c885c0750263a0ede3b1b8b3eb5af88b7ed906fea8e96,deep_m0064_r1,True,True,0.2846112995849216,0.2536544626188333,0.3010837096724764
3,deep,64,True,final_geometry_v15_20260930,16,4327fe4ece9317f6fd20fad18389a71e9b1f423b,32,[],True,0.7484809814515605,9e6ac88405fb3b11d6f1ced5dcfbcff994228697799e3d637681f59a96e00b74,"[""interaction_0@t=+1"", ""interaction_1@t=+1"", ""interaction_3@t=-1"", ""interaction_3@t=+1""]","incomplete:interaction_0@t=+1,interaction_1@t=+1,interaction_3@t=-1,interaction_3@t=+1",interaction,conditional_G_2.5,64,0.8390772351481243,0.5454588572072785,0.0825106748158596,0.0827589068930484,128,8192,6208,1,interaction_3@t=+1,interaction_3@t=+1,"{""interaction_0@t=+1"": 0.115, ""interaction_0@t=-1"": 0.01, ""interaction_1@t=+1"": 0.09375, ""interaction_1@t=-1"": 0.005, ""interaction_2@t=+1"": 0.0025, ""interaction_2@t=-1"": 0.0025, ""interaction_3@t=+1"": 0.575, ""interaction_3@t=-1"": 0.19625}",1.0,reference_production_4|sel=2048,incomplete,cffc441cee2bd015a78c885c0750263a0ede3b1b8b3eb5af88b7ed906fea8e96,deep_m0064_r1,False,False,0.7484809814515605,0.5454588572072785,0.8390772351481243
3,deep,64,True,final_geometry_v15_20260930,4,4327fe4ece9317f6fd20fad18389a71e9b1f423b,32,[],True,0.2979158393244644,81ce3389a72aeb7fe37b8e69aad3c1b302e6f2b175c4c88f664698d06d1f2e28,[],,loss,conditional_G_2.5,64,0.3147195998750191,0.2787920301434783,0.0094373997095235,0.0092433231506493,128,8192,6208,2,V@t=-1,V@t=-1,"{""V@t=+0.5"": 0.00125, ""V@t=-0.5"": 0.2675, ""V@t=-1"": 0.73125}",1.0,reference_production_4|sel=2048,valid,5e7e9d9b0e46c28d13a71799ccda6b52c4855a61024370dac3c38fe8cb82e7c3,deep_m0064_r2,True,True,0.2979158393244644,0.2787920301434783,0.3147195998750191
3,deep,32,True,final_geometry_v15_20260930,16,4327fe4ece9317f6fd20fad18389a71e9b1f423b,32,[],True,0.2629605707506773,81ce3389a72aeb7fe37b8e69aad3c1b302e6f2b175c4c88f664698d06d1f2e28,[],,train_logit,conditional_G_2.5,64,0.2792185069809235,0.2436466869919157,0.0090363277418697,0.0083415781119381,128,8192,6208,2,train_logit_0@t=-1,train_logit_0@t=+1,"{""train_logit_0@t=+0.5"": 0.05125, ""train_logit_0@t=+1"": 0.3275, ""train_logit_0@t=-0.5"": 0.08125, ""train_logit_0@t=-1"": 0.30375, ""train_logit_32@t=+0.5"": 0.0025, ""train_logit_32@t=+1"": 0.06375, ""train_logit_32@t=-1"": 0.01375, ""train_logit_64@t=+0.5"": 0.02, ""train_logit_64@t=+1"": 0.04, ""train_logit_64@t=-1"": 0.00875, ""train_logit_96@t=-0.5"": 0.00375, ""train_logit_96@t=-1"": 0.08375}",1.0,reference_production_4|sel=2048,valid,5e7e9d9b0e46c28d13a71799ccda6b52c4855a61024370dac3c38fe8cb82e7c3,deep_m0064_r2,True,True,0.2629605707506773,0.2436466869919157,0.2792185069809235
3,deep,32,True,final_geometry_v15_20260930,16,4327fe4ece9317f6fd20fad18389a71e9b1f423b,32,[],True,0.5123597030091539,81ce3389a72aeb7fe37b8e69aad3c1b302e6f2b175c4c88f664698d06d1f2e28,"[""interaction_0@t=-1"", ""interaction_1@t=-1"", ""interaction_2@t=+1"", ""interaction_3@t=-1""]","incomplete:interaction_0@t=-1,interaction_1@t=-1,interaction_2@t=+1,interaction_3@t=-1",interaction,conditional_G_2.5,64,0.7649762518144828,0.4657284197982257,0.0716155206162751,0.0668921054922121,128,8192,6208,2,interaction_1@t=+1,interaction_0@t=-1,"{""interaction_0@t=+1"": 0.0075, ""interaction_0@t=-1"": 0.2925, ""interaction_1@t=+1"": 0.28375, ""interaction_1@t=-1"": 0.19875, ""interaction_2@t=+1"": 0.06875, ""interaction_2@t=-1"": 0.0175, ""interaction_3@t=-1"": 0.13125}",1.0,reference_production_4|sel=2048,incomplete,5e7e9d9b0e46c28d13a71799ccda6b52c4855a61024370dac3c38fe8cb82e7c3,deep_m0064_r2,False,False,0.5123597030091539,0.4657284197982257,0.7649762518144828
3,deep,32,True,final_geometry_v15_20260930,4,4327fe4ece9317f6fd20fad18389a71e9b1f423b,32,[],True,0.2411012175735286,9fc7ed57572797b78206060d4de3474940dc38fe7e09b756af148a0fd1e1b894,"[""V@t=+1""]",incomplete:V@t=+1,loss,conditional_G_2.5,128,0.2818068762713159,0.2252033394450006,0.0132042306771151,0.0124129749415219,128,8192,20608,0,V@t=+1,V@t=-1,"{""V@t=+0.5"": 0.07125, ""V@t=+1"": 0.43875, ""V@t=-0.5"": 0.105, ""V@t=-1"": 0.385}",1.0,reference_production_4|sel=2048,incomplete,a3fbfe3694a6d3a7a8f724b8f6e362367e3afc7860a1c5f1481a53f3e86fcfbf,deep_m0128_r0,False,False,0.2411012175735286,0.2252033394450006,0.2818068762713159
3,deep,32,True,final_geometry_v15_20260930,16,4327fe4ece9317f6fd20fad18389a71e9b1f423b,32,[],True,0.2474562393536201,9fc7ed57572797b78206060d4de3474940dc38fe7e09b756af148a0fd1e1b894,[],,train_logit,conditional_G_2.5,128,0.2646344543485878,0.2348441457689654,0.0076727576662629,0.0086694402740073,128,8192,20608,0,train_logit_96@t=+1,train_logit_32@t=-0.5,"{""train_logit_0@t=+0.5"": 0.00125, ""train_logit_0@t=+1"": 0.12, ""train_logit_0@t=-0.5"": 0.005, ""train_logit_0@t=-1"": 0.02125, ""train_logit_32@t=+0.5"": 0.05375, ""train_logit_32@t=+1"": 0.02, ""train_logit_32@t=-0.5"": 0.12375, ""train_logit_32@t=-1"": 0.05, ""train_logit_64@t=+1"": 0.005, ""train_logit_64@t=-0.5"": 0.0025, ""train_logit_64@t=-1"": 0.11875, ""train_logit_96@t=+0.5"": 0.08125, ""train_logit_96@t=+1"": 0.35875, ""train_logit_96@t=-0.5"": 0.02, ""train_logit_96@t=-1"": 0.01875}",1.0,reference_production_4|sel=2048,valid,a3fbfe3694a6d3a7a8f724b8f6e362367e3afc7860a1c5f1481a53f3e86fcfbf,deep_m0128_r0,True,True,0.2474562393536201,0.2348441457689654,0.2646344543485878
3,deep,32,True,final_geometry_v15_20260930,16,4327fe4ece9317f6fd20fad18389a71e9b1f423b,32,[],True,0.5450219452111594,9fc7ed57572797b78206060d4de3474940dc38fe7e09b756af148a0fd1e1b894,"[""interaction_0@t=+1"", ""interaction_1@t=-1""]","incomplete:interaction_0@t=+1,interaction_1@t=-1",interaction,conditional_G_2.5,128,0.7539048734593881,0.46981755878843,0.0602609179411972,0.0536636494048126,128,8192,20608,0,interaction_1@t=-1,interaction_0@t=+1,"{""interaction_0@t=+1"": 0.3225, ""interaction_0@t=-1"": 0.0025, ""interaction_1@t=+1"": 0.02375, ""interaction_1@t=-1"": 0.3175, ""interaction_2@t=+1"": 0.0575, ""interaction_2@t=-1"": 0.13375, ""interaction_3@t=+1"": 0.11625, ""interaction_3@t=-1"": 0.02625}",1.0,reference_production_4|sel=2048,incomplete,a3fbfe3694a6d3a7a8f724b8f6e362367e3afc7860a1c5f1481a53f3e86fcfbf,deep_m0128_r0,False,False,0.5450219452111594,0.46981755878843,0.7539048734593881
3,deep,64,True,final_geometry_v15_20260930,4,4327fe4ece9317f6fd20fad18389a71e9b1f423b,32,[],True,0.255163621147596,cc56a095badc669837928b678dae19300f59334f1f406e8e5538c829aa2842bb,[],,loss,conditional_G_2.5,128,0.2860820247674253,0.2417892210569811,0.012916436041761,0.0123615409321364,128,8192,20608,1,V@t=+1,V@t=-1,"{""V@t=+1"": 0.23625, ""V@t=-0.5"": 0.05, ""V@t=-1"": 0.71375}",1.0,reference_production_4|sel=2048,valid,12140e25162df7ed81599a111742b07052ef21dac4d3086bb8a4c937317db44a,deep_m0128_r1,True,True,0.255163621147596,0.2417892210569811,0.2860820247674253
3,deep,32,True,final_geometry_v15_20260930,16,4327fe4ece9317f6fd20fad18389a71e9b1f423b,32,[],True,0.257146719313684,cc56a095badc669837928b678dae19300f59334f1f406e8e5538c829aa2842bb,[],,train_logit,conditional_G_2.5,128,0.2821160052816084,0.2427834389454226,0.0095154082298243,0.0094511182989137,128,8192,20608,1,train_logit_64@t=+1,train_logit_0@t=-1,"{""train_logit_0@t=+0.5"": 0.00125, ""train_logit_0@t=+1"": 0.09375, ""train_logit_0@t=-0.5"": 0.0075, ""train_logit_0@t=-1"": 0.29875, ""train_logit_32@t=+1"": 0.04625, ""train_logit_32@t=-1"": 0.0225, ""train_logit_64@t=+0.5"": 0.0075, ""train_logit_64@t=+1"": 0.20625, ""train_logit_64@t=-0.5"": 0.00125, ""train_logit_96@t=+0.5"": 0.08625, ""train_logit_96@t=+1"": 0.16625, ""train_logit_96@t=-0.5"": 0.04, ""train_logit_96@t=-1"": 0.0225}",1.0,reference_production_4|sel=2048,valid,12140e25162df7ed81599a111742b07052ef21dac4d3086bb8a4c937317db44a,deep_m0128_r1,True,True,0.257146719313684,0.2427834389454226,0.2821160052816084
3,deep,32,True,final_geometry_v15_20260930,16,4327fe4ece9317f6fd20fad18389a71e9b1f423b,32,[],True,0.5903072233715079,cc56a095badc669837928b678dae19300f59334f1f406e8e5538c829aa2842bb,"[""interaction_1@t=-1"", ""interaction_2@t=-1"", ""interaction_2@t=+1""]","incomplete:interaction_1@t=-1,interaction_2@t=-1,interaction_2@t=+1",interaction,conditional_G_2.5,128,0.8372466449925309,0.5008856217245863,0.0762363774836882,0.0715092554113588,128,8192,20608,1,interaction_2@t=-1,interaction_2@t=+1,"{""interaction_0@t=+1"": 0.08375, ""interaction_0@t=-1"": 0.00125, ""interaction_1@t=+1"": 0.00875, ""interaction_1@t=-1"": 0.12625, ""interaction_2@t=+1"": 0.45, ""interaction_2@t=-1"": 0.295, ""interaction_3@t=+1"": 0.03375, ""interaction_3@t=-1"": 0.00125}",1.0,reference_production_4|sel=2048,incomplete,12140e25162df7ed81599a111742b07052ef21dac4d3086bb8a4c937317db44a,deep_m0128_r1,False,False,0.5903072233715079,0.5008856217245863,0.8372466449925309
3,deep,64,True,final_geometry_v15_20260930,4,4327fe4ece9317f6fd20fad18389a71e9b1f423b,32,[],True,0.2531749865754949,64f6d94f9a6865f1e66b96de75fa5b508ab7112582bac06e89b66c72b3056b79,[],,loss,conditional_G_2.5,128,0.2623731756065807,0.2321643838600233,0.0084330403672111,0.0089159428253115,128,8192,20608,2,V@t=-1,V@t=-1,"{""V@t=+0.5"": 0.14125, ""V@t=+1"": 0.19875, ""V@t=-0.5"": 0.1425, ""V@t=-1"": 0.5175}",1.0,reference_production_4|sel=2048,valid,ab9e24560eea0ddc4fd775ee6d516b1daa269452cd648f2739f422995dd944b3,deep_m0128_r2,True,True,0.2531749865754949,0.2321643838600233,0.2623731756065807
3,deep,32,True,final_geometry_v15_20260930,16,4327fe4ece9317f6fd20fad18389a71e9b1f423b,32,[],True,0.2579011603055869,64f6d94f9a6865f1e66b96de75fa5b508ab7112582bac06e89b66c72b3056b79,[],,train_logit,conditional_G_2.5,128,0.2941243486177265,0.2434395669211895,0.0128041853433347,0.0119617987589966,128,8192,20608,2,train_logit_64@t=-1,train_logit_0@t=-1,"{""train_logit_0@t=+0.5"": 0.015, ""train_logit_0@t=+1"": 0.28875, ""train_logit_0@t=-0.5"": 0.0075, ""train_logit_0@t=-1"": 0.22875, ""train_logit_32@t=-1"": 0.0425, ""train_logit_64@t=+0.5"": 0.00125, ""train_logit_64@t=+1"": 0.165, ""train_logit_64@t=-1"": 0.2025, ""train_logit_96@t=+1"": 0.005, ""train_logit_96@t=-1"": 0.04375}",1.0,reference_production_4|sel=2048,valid,ab9e24560eea0ddc4fd775ee6d516b1daa269452cd648f2739f422995dd944b3,deep_m0128_r2,True,True,0.2579011603055869,0.2434395669211895,0.2941243486177265
3,deep,32,True,final_geometry_v15_20260930,16,4327fe4ece9317f6fd20fad18389a71e9b1f423b,32,[],True,0.6175973017784697,64f6d94f9a6865f1e66b96de75fa5b508ab7112582bac06e89b66c72b3056b79,"[""interaction_1@t=-1"", ""interaction_1@t=+1"", ""interaction_2@t=-1"", ""interaction_3@t=-1""]","incomplete:interaction_1@t=-1,interaction_1@t=+1,interaction_2@t=-1,interaction_3@t=-1",interaction,conditional_G_2.5,128,0.7847949798242775,0.4995043870672896,0.0774199164717246,0.0758299156238486,128,8192,20608,2,interaction_2@t=+1,interaction_3@t=-1,"{""interaction_0@t=-1"": 0.03125, ""interaction_1@t=+1"": 0.16125, ""interaction_1@t=-1"": 0.0675, ""interaction_2@t=+1"": 0.16625, ""interaction_2@t=-1"": 0.22625, ""interaction_3@t=-1"": 0.3475}",1.0,reference_production_4|sel=2048,incomplete,ab9e24560eea0ddc4fd775ee6d516b1daa269452cd648f2739f422995dd944b3,deep_m0128_r2,False,False,0.6175973017784697,0.4995043870672896,0.7847949798242775
3,deep,64,True,final_geometry_v15_20260930,4,4327fe4ece9317f6fd20fad18389a71e9b1f423b,32,[],True,0.2379403515162895,26053644a43eb048de684b7050a94fa78f2ebb10abd590cb99f65dc0baae3191,"[""V@t=+1""]",incomplete:V@t=+1,loss,conditional_G_2.5,256,0.265185289749269,0.2294038108215891,0.0096989434454936,0.0101463952677014,128,8192,73984,0,V@t=+1,V@t=-1,"{""V@t=+0.5"": 0.01625, ""V@t=+1"": 0.29, ""V@t=-0.5"": 0.12, ""V@t=-1"": 0.57375}",1.0,reference_production_4|sel=2048,incomplete,2814b4d76a9cc9419ec01ed447161e8acf050a7bbe1b8e92bdfa0e832e724270,deep_m0256_r0,False,False,0.2379403515162895,0.2294038108215891,0.265185289749269
3,deep,32,True,final_geometry_v15_20260930,16,4327fe4ece9317f6fd20fad18389a71e9b1f423b,32,[],True,0.2533168912722626,26053644a43eb048de684b7050a94fa78f2ebb10abd590cb99f65dc0baae3191,[],,train_logit,conditional_G_2.5,256,0.2799577925743353,0.2297374403109649,0.0125267535753593,0.0121336882356216,128,8192,73984,0,train_logit_32@t=-1,train_logit_64@t=+1,"{""train_logit_0@t=+0.5"": 0.00125, ""train_logit_0@t=+1"": 0.1175, ""train_logit_0@t=-0.5"": 0.00125, ""train_logit_0@t=-1"": 0.09875, ""train_logit_32@t=+0.5"": 0.00625, ""train_logit_32@t=+1"": 0.03, ""train_logit_32@t=-0.5"": 0.0025, ""train_logit_32@t=-1"": 0.34, ""train_logit_64@t=+0.5"": 0.0125, ""train_logit_64@t=+1"": 0.13375, ""train_logit_64@t=-1"": 0.025, ""train_logit_96@t=+0.5"": 0.00625, ""train_logit_96@t=+1"": 0.18625, ""train_logit_96@t=-0.5"": 0.01, ""train_logit_96@t=-1"": 0.02875}",1.0,reference_production_4|sel=2048,valid,2814b4d76a9cc9419ec01ed447161e8acf050a7bbe1b8e92bdfa0e832e724270,deep_m0256_r0,True,True,0.2533168912722626,0.2297374403109649,0.2799577925743353
3,deep,32,True,final_geometry_v15_20260930,16,4327fe4ece9317f6fd20fad18389a71e9b1f423b,32,[],True,0.5881922478042656,26053644a43eb048de684b7050a94fa78f2ebb10abd590cb99f65dc0baae3191,"[""interaction_0@t=+1"", ""interaction_3@t=-1"", ""interaction_3@t=+1""]","incomplete:interaction_0@t=+1,interaction_3@t=-1,interaction_3@t=+1",interaction,conditional_G_2.5,256,0.7789032861557788,0.5066156954290196,0.0654411559000737,0.0695591906098438,128,8192,73984,0,interaction_3@t=+1,interaction_0@t=+1,"{""interaction_0@t=+1"": 0.365, ""interaction_0@t=-1"": 0.0025, ""interaction_1@t=+1"": 0.0325, ""interaction_1@t=-1"": 0.07, ""interaction_2@t=+1"": 0.10375, ""interaction_2@t=-1"": 0.01375, ""interaction_3@t=+1"": 0.335, ""interaction_3@t=-1"": 0.0775}",1.0,reference_production_4|sel=2048,incomplete,2814b4d76a9cc9419ec01ed447161e8acf050a7bbe1b8e92bdfa0e832e724270,deep_m0256_r0,False,False,0.5881922478042656,0.5066156954290196,0.7789032861557788
3,deep,64,True,final_geometry_v15_20260930,4,4327fe4ece9317f6fd20fad18389a71e9b1f423b,32,[],True,0.2490546457675718,730e4f17bcedf61bcf9781789d396e3460316d3788d7d1d55b2ca11e40a11643,[],,loss,conditional_G_2.5,256,0.2629145346210593,0.2301274722791157,0.0084227495364827,0.008120820860916,128,8192,73984,1,V@t=-1,V@t=-0.5,"{""V@t=+0.5"": 0.11375, ""V@t=+1"": 0.04625, ""V@t=-0.5"": 0.34, ""V@t=-1"": 0.5}",1.0,reference_production_4|sel=2048,valid,09d81740c09e1434a4c78134a13a48b854f29cf5822e72d75983713cdb747963,deep_m0256_r1,True,True,0.2490546457675718,0.2301274722791157,0.2629145346210593
3,deep,32,True,final_geometry_v15_20260930,16,4327fe4ece9317f6fd20fad18389a71e9b1f423b,32,[],True,0.2638227358370731,730e4f17bcedf61bcf9781789d396e3460316d3788d7d1d55b2ca11e40a11643,[],,train_logit,conditional_G_2.5,256,0.2904150434443746,0.2465627740213014,0.0111025053483843,0.0113894035315603,128,8192,73984,1,train_logit_0@t=-1,train_logit_96@t=-1,"{""train_logit_0@t=+0.5"": 0.0375, ""train_logit_0@t=+1"": 0.05875, ""train_logit_0@t=-0.5"": 0.01, ""train_logit_0@t=-1"": 0.19875, ""train_logit_32@t=+0.5"": 0.00125, ""train_logit_64@t=+1"": 0.30875, ""train_logit_64@t=-1"": 0.005, ""train_logit_96@t=+0.5"": 0.025, ""train_logit_96@t=+1"": 0.13, ""train_logit_96@t=-0.5"": 0.03, ""train_logit_96@t=-1"": 0.195}",1.0,reference_production_4|sel=2048,valid,09d81740c09e1434a4c78134a13a48b854f29cf5822e72d75983713cdb747963,deep_m0256_r1,True,True,0.2638227358370731,0.2465627740213014,0.2904150434443746
3,deep,32,True,final_geometry_v15_20260930,16,4327fe4ece9317f6fd20fad18389a71e9b1f423b,32,[],True,0.5442587643283878,730e4f17bcedf61bcf9781789d396e3460316d3788d7d1d55b2ca11e40a11643,"[""interaction_0@t=-1"", ""interaction_1@t=+1"", ""interaction_2@t=-1"", ""interaction_2@t=+1"", ""interaction_3@t=-1"", ""interaction_3@t=-0.5"", ""interaction_3@t=+1""]","incomplete:interaction_0@t=-1,interaction_1@t=+1,interaction_2@t=-1,interaction_2@t=+1,interaction_3@t=-1,interaction_3@t=-0.5,interaction_3@t=+1",interaction,conditional_G_2.5,256,0.6183320905519919,0.4949597955182112,0.03317329574009,0.0337799817620286,128,8192,73984,1,interaction_2@t=+1,interaction_3@t=-1,"{""interaction_0@t=+1"": 0.01875, ""interaction_0@t=-1"": 0.1475, ""interaction_1@t=+1"": 0.0325, ""interaction_1@t=-1"": 0.02625, ""interaction_2@t=+1"": 0.28125, ""interaction_2@t=-1"": 0.025, ""interaction_3@t=+1"": 0.03375, ""interaction_3@t=-1"": 0.435}",1.0,reference_production_4|sel=2048,incomplete,09d81740c09e1434a4c78134a13a48b854f29cf5822e72d75983713cdb747963,deep_m0256_r1,False,False,0.5442587643283878,0.4949597955182112,0.6183320905519919
3,deep,64,True,final_geometry_v15_20260930,4,4327fe4ece9317f6fd20fad18389a71e9b1f423b,32,[],True,0.2238965360664325,6d0c7a40235843727b7f20c09086921a471df32f597d55b0344ad0045c32577d,[],,loss,conditional_G_2.5,256,0.2431664446364346,0.2135633913195774,0.0074752848620236,0.0063348379196602,128,8192,73984,2,V@t=-1,V@t=+0.5,"{""V@t=+0.5"": 0.22625, ""V@t=+1"": 0.1, ""V@t=-0.5"": 0.19875, ""V@t=-1"": 0.475}",1.0,reference_production_4|sel=2048,valid,7d2b17335b5ae481f00e8793369fbe114f3ea563c80b91b01102266c3ab73d1e,deep_m0256_r2,True,True,0.2238965360664325,0.2135633913195774,0.2431664446364346
3,deep,32,True,final_geometry_v15_20260930,16,4327fe4ece9317f6fd20fad18389a71e9b1f423b,32,[],True,0.2680373022932482,6d0c7a40235843727b7f20c09086921a471df32f597d55b0344ad0045c32577d,[],,train_logit,conditional_G_2.5,256,0.2881185853338875,0.2423588396890262,0.0126488163908932,0.0118564470018028,128,8192,73984,2,train_logit_64@t=+1,train_logit_64@t=+1,"{""train_logit_0@t=+0.5"": 0.06125, ""train_logit_0@t=+1"": 0.12375, ""train_logit_0@t=-0.5"": 0.04125, ""train_logit_0@t=-1"": 0.2175, ""train_logit_32@t=+0.5"": 0.00125, ""train_logit_32@t=+1"": 0.00125, ""train_logit_32@t=-0.5"": 0.005, ""train_logit_32@t=-1"": 0.0075, ""train_logit_64@t=+0.5"": 0.00375, ""train_logit_64@t=+1"": 0.43625, ""train_logit_64@t=-0.5"": 0.00875, ""train_logit_64@t=-1"": 0.0025, ""train_logit_96@t=+1"": 0.0075, ""train_logit_96@t=-1"": 0.0825}",1.0,reference_production_4|sel=2048,valid,7d2b17335b5ae481f00e8793369fbe114f3ea563c80b91b01102266c3ab73d1e,deep_m0256_r2,True,True,0.2680373022932482,0.2423588396890262,0.2881185853338875
3,deep,32,True,final_geometry_v15_20260930,16,4327fe4ece9317f6fd20fad18389a71e9b1f423b,32,[],True,0.6080939429438688,6d0c7a40235843727b7f20c09086921a471df32f597d55b0344ad0045c32577d,"[""interaction_0@t=+1"", ""interaction_1@t=-1"", ""interaction_3@t=+1""]","incomplete:interaction_0@t=+1,interaction_1@t=-1,interaction_3@t=+1",interaction,conditional_G_2.5,256,0.7700743176654142,0.5130961458718422,0.0677929865392585,0.0661336889098622,128,8192,73984,2,interaction_2@t=+1,interaction_3@t=+1,"{""interaction_0@t=+1"": 0.0525, ""interaction_0@t=-1"": 0.00125, ""interaction_1@t=+1"": 0.00125, ""interaction_1@t=-1"": 0.2475, ""interaction_2@t=+1"": 0.27375, ""interaction_2@t=-1"": 0.01, ""interaction_3@t=+1"": 0.4075, ""interaction_3@t=-1"": 0.00625}",1.0,reference_production_4|sel=2048,incomplete,7d2b17335b5ae481f00e8793369fbe114f3ea563c80b91b01102266c3ab73d1e,deep_m0256_r2,False,False,0.6080939429438688,0.5130961458718422,0.7700743176654142
