m,seed,z,ecdf_posterior,cdf_prior
256,0,0.0,0.0,0.0
256,0,0.005,0.0,0.0
256,0,0.01,0.0,0.0
256,0,0.015,0.0,0.0
256,0,0.02,0.0,0.0
256,0,0.025,0.0,0.0
256,0,0.03,0.0,5.984113770568663e-306
256,0,0.035,0.0,2.6304947972592967e-284
256,0,0.04,0.0,1.4137217018333596e-264
256,0,0.045,0.0,2.591329225332875e-246
256,0,0.05,0.0,3.0765062569501836e-229
256,0,0.055,0.0,3.5754881398748495e-213
256,0,0.06,0.0,5.3429355269931474e-198
256,0,0.065,0.0,1.2346888617096251e-183
256,0,0.07,0.0,5.017844255839014e-170
256,0,0.075,0.0,3.9352680333696805e-157
256,0,0.08,0.0,6.387622025869576e-145
256,0,0.085,0.0,2.268644820615209e-133
256,0,0.09,0.0,1.8473173127135802e-122
256,0,0.095,0.0,3.5945930260927665e-112
256,0,0.1,0.0,1.7370565998131447e-102
256,0,0.105,0.0,2.1636216667643472e-93
256,0,0.11,0.0,7.207402783960007e-85
256,0,0.115,0.0,6.66522016096747e-77
256,0,0.12,0.0,1.7777661352727956e-69
256,0,0.125,0.0,1.422488568345139e-62
256,0,0.13,0.0,3.5563521766554188e-56
256,0,0.135,0.0,2.897518716550166e-50
256,0,0.14,0.0,8.035668266923374e-45
256,0,0.145,0.0,7.934357366765045e-40
256,0,0.15,0.0,2.9214083814480973e-35
256,0,0.155,0.0,4.2061563817460905e-31
256,0,0.16,0.0,2.485820896502106e-27
256,0,0.165,0.0,6.335738115622454e-24
256,0,0.17,0.0,7.321403615577198e-21
256,0,0.17500000000000002,0.0,4.0341522497642364e-18
256,0,0.18,0.0,1.1148189864164726e-15
256,0,0.185,0.0,1.624782238904421e-13
256,0,0.19,0.0,1.3126324506916213e-11
256,0,0.195,0.0,6.173049374814099e-10
256,0,0.2,0.0,1.7725919682023312e-08
256,0,0.20500000000000002,0.0,3.255136969470098e-07
256,0,0.21,0.0,3.996741137199922e-06
256,0,0.215,1.5625e-05,3.42334929530533e-05
256,0,0.22,0.000234375,0.00021293183134417143
256,0,0.225,0.001109375,0.0009986817339385928
256,0,0.23,0.0043125,0.003657752596215146
256,0,0.23500000000000001,0.01184375,0.010804657627017242
256,0,0.24,0.028859375,0.026509865993698062
256,0,0.245,0.06075,0.0554847804609441
256,0,0.25,0.10878125,0.10145606613953702
256,0,0.255,0.17615625,0.1655476267512423
256,0,0.26,0.25565625,0.24558381543491162
256,0,0.265,0.34690625,0.33663070335448736
256,0,0.27,0.441484375,0.43237525291900525
256,0,0.275,0.5365,0.5266360880769391
256,0,0.28,0.622703125,0.6144592220756114
256,0,0.28500000000000003,0.69984375,0.6926060003550134
256,0,0.29,0.76353125,0.7595255800420303
256,0,0.295,0.8159375,0.8150240275101045
256,0,0.3,0.86021875,0.859830959993066
256,0,0.305,0.89559375,0.8951960184872235
256,0,0.31,0.92271875,0.9225763365215016
256,0,0.315,0.94271875,0.9434264607552071
256,0,0.32,0.957859375,0.9590762684376186
256,0,0.325,0.969953125,0.9706737064505155
256,0,0.33,0.9786875,0.9791699601797199
256,0,0.335,0.98484375,0.9853293094271196
256,0,0.34,0.989734375,0.9897512296221355
256,0,0.34500000000000003,0.99315625,0.9928968189971444
256,0,0.35000000000000003,0.99509375,0.9951149760225392
256,0,0.355,0.99659375,0.9966659981865784
256,0,0.36,0.9978125,0.9977416687186248
256,0,0.365,0.9984375,0.9984816980577924
256,0,0.37,0.99909375,0.9989868006170747
256,0,0.375,0.999328125,0.9993288657183148
256,0,0.38,0.99953125,0.9995587256150776
256,0,0.385,0.999625,0.9997119971987807
256,0,0.39,0.99975,0.9998134156937656
256,0,0.395,0.9998125,0.9998800102612765
256,0,0.4,0.99990625,0.99992340456967
256,0,0.405,0.99996875,0.9999514655787163
256,0,0.41000000000000003,0.999984375,0.9999694730688116
256,0,0.41500000000000004,0.999984375,0.9999809409814706
256,0,0.42,0.999984375,0.9999881886466165
256,0,0.425,0.999984375,0.9999927342887838
256,0,0.43,1.0,0.9999955635711301
256,0,0.435,1.0,0.9999973111694002
256,0,0.44,1.0,0.9999983824208372
256,0,0.445,1.0,0.9999990340880444
256,0,0.45,1.0,0.999999427497748
256,0,0.455,1.0,0.9999996631919995
256,0,0.46,1.0,0.9999998033241491
256,0,0.465,1.0,0.9999998860062427
256,0,0.47000000000000003,1.0,0.9999999344201193
256,0,0.47500000000000003,1.0,0.9999999625529206
256,0,0.48,1.0,0.9999999787763161
256,0,0.485,1.0,0.9999999880607221
256,0,0.49,1.0,0.9999999933336596
256,0,0.495,1.0,0.9999999963055757
256,0,0.5,1.0,0.9999999979678478
256,0,0.505,1.0,0.9999999988905302
256,0,0.51,1.0,0.9999999993987956
256,0,0.515,1.0,0.9999999996766462
256,0,0.52,1.0,0.999999999827395
256,0,0.525,1.0,0.9999999999085389
256,0,0.53,1.0,0.9999999999519105
256,0,0.535,1.0,0.9999999999749036
256,0,0.54,1.0,0.9999999999870113
256,0,0.545,1.0,0.9999999999933209
256,0,0.55,1.0,0.9999999999965894
256,0,0.555,1.0,0.9999999999982663
256,0,0.56,1.0,0.9999999999991189
256,0,0.5650000000000001,1.0,0.9999999999995737
256,0,0.5700000000000001,1.0,0.9999999999997726
256,0,0.5750000000000001,1.0,0.9999999999998863
256,0,0.58,1.0,0.9999999999999432
256,0,0.585,1.0,0.9999999999999716
256,0,0.59,1.0,1.0
256,0,0.595,1.0,1.0
256,0,0.6,1.0,1.0
256,0,0.605,1.0,1.0
256,0,0.61,1.0,1.0
256,0,0.615,1.0,1.0
256,0,0.62,1.0,1.0
256,0,0.625,1.0,1.0
256,0,0.63,1.0,1.0
256,0,0.635,1.0,1.0
256,0,0.64,1.0,1.0
256,0,0.645,1.0,1.0
256,0,0.65,1.0,1.0
256,0,0.655,1.0,1.0
256,0,0.66,1.0,1.0
256,0,0.665,1.0,1.0
256,0,0.67,1.0,1.0
256,0,0.675,1.0,1.0
256,0,0.68,1.0,1.0
256,0,0.685,1.0,1.0
256,0,0.6900000000000001,1.0,1.0
256,0,0.6950000000000001,1.0,1.0
256,0,0.7000000000000001,1.0,1.0
256,0,0.705,1.0,1.0
256,0,0.71,1.0,1.0
256,0,0.715,1.0,1.0
256,0,0.72,1.0,1.0
256,0,0.725,1.0,1.0
256,0,0.73,1.0,1.0
256,0,0.735,1.0,1.0
256,0,0.74,1.0,1.0
256,0,0.745,1.0,1.0
256,0,0.75,1.0,1.0
256,0,0.755,1.0,1.0
256,0,0.76,1.0,1.0
256,0,0.765,1.0,1.0
256,0,0.77,1.0,1.0
256,0,0.775,1.0,1.0
256,0,0.78,1.0,1.0
256,0,0.785,1.0,1.0
256,0,0.79,1.0,1.0
256,0,0.795,1.0,1.0
256,0,0.8,1.0,1.0
256,0,0.805,1.0,1.0
256,0,0.81,1.0,1.0
256,0,0.8150000000000001,1.0,1.0
256,0,0.8200000000000001,1.0,1.0
256,0,0.8250000000000001,1.0,1.0
256,0,0.8300000000000001,1.0,1.0
256,0,0.835,1.0,1.0
256,0,0.84,1.0,1.0
256,0,0.845,1.0,1.0
256,0,0.85,1.0,1.0
256,0,0.855,1.0,1.0
256,0,0.86,1.0,1.0
256,0,0.865,1.0,1.0
256,0,0.87,1.0,1.0
256,0,0.875,1.0,1.0
256,0,0.88,1.0,1.0
256,0,0.885,1.0,1.0
256,0,0.89,1.0,1.0
256,0,0.895,1.0,1.0
256,0,0.9,1.0,1.0
256,0,0.905,1.0,1.0
256,0,0.91,1.0,1.0
256,0,0.915,1.0,1.0
256,0,0.92,1.0,1.0
256,0,0.925,1.0,1.0
256,0,0.93,1.0,1.0
256,0,0.935,1.0,1.0
256,0,0.9400000000000001,1.0,1.0
256,0,0.9450000000000001,1.0,1.0
256,0,0.9500000000000001,1.0,1.0
256,0,0.9550000000000001,1.0,1.0
256,0,0.96,1.0,1.0
256,0,0.965,1.0,1.0
256,0,0.97,1.0,1.0
256,0,0.975,1.0,1.0
256,0,0.98,1.0,1.0
256,0,0.985,1.0,1.0
256,0,0.99,1.0,1.0
256,0,0.995,1.0,1.0
256,0,1.0,1.0,1.0
256,0,1.0050000000000001,1.0,1.0
256,0,1.01,1.0,1.0
256,0,1.0150000000000001,1.0,1.0
256,0,1.02,1.0,1.0
256,0,1.025,1.0,1.0
256,0,1.03,1.0,1.0
256,0,1.035,1.0,1.0
256,0,1.04,1.0,1.0
256,0,1.045,1.0,1.0
256,0,1.05,1.0,1.0
256,1,0.0,0.0,0.0
256,1,0.005,0.0,0.0
256,1,0.01,0.0,0.0
256,1,0.015,0.0,0.0
256,1,0.02,0.0,0.0
256,1,0.025,0.0,0.0
256,1,0.03,0.0,5.984113770568663e-306
256,1,0.035,0.0,2.6304947972592967e-284
256,1,0.04,0.0,1.4137217018333596e-264
256,1,0.045,0.0,2.591329225332875e-246
256,1,0.05,0.0,3.0765062569501836e-229
256,1,0.055,0.0,3.5754881398748495e-213
256,1,0.06,0.0,5.3429355269931474e-198
256,1,0.065,0.0,1.2346888617096251e-183
256,1,0.07,0.0,5.017844255839014e-170
256,1,0.075,0.0,3.9352680333696805e-157
256,1,0.08,0.0,6.387622025869576e-145
256,1,0.085,0.0,2.268644820615209e-133
256,1,0.09,0.0,1.8473173127135802e-122
256,1,0.095,0.0,3.5945930260927665e-112
256,1,0.1,0.0,1.7370565998131447e-102
256,1,0.105,0.0,2.1636216667643472e-93
256,1,0.11,0.0,7.207402783960007e-85
256,1,0.115,0.0,6.66522016096747e-77
256,1,0.12,0.0,1.7777661352727956e-69
256,1,0.125,0.0,1.422488568345139e-62
256,1,0.13,0.0,3.5563521766554188e-56
256,1,0.135,0.0,2.897518716550166e-50
256,1,0.14,0.0,8.035668266923374e-45
256,1,0.145,0.0,7.934357366765045e-40
256,1,0.15,0.0,2.9214083814480973e-35
256,1,0.155,0.0,4.2061563817460905e-31
256,1,0.16,0.0,2.485820896502106e-27
256,1,0.165,0.0,6.335738115622454e-24
256,1,0.17,0.0,7.321403615577198e-21
256,1,0.17500000000000002,0.0,4.0341522497642364e-18
256,1,0.18,0.0,1.1148189864164726e-15
256,1,0.185,0.0,1.624782238904421e-13
256,1,0.19,0.0,1.3126324506916213e-11
256,1,0.195,0.0,6.173049374814099e-10
256,1,0.2,0.0,1.7725919682023312e-08
256,1,0.20500000000000002,0.0,3.255136969470098e-07
256,1,0.21,0.0,3.996741137199922e-06
256,1,0.215,3.125e-05,3.42334929530533e-05
256,1,0.22,0.00025,0.00021293183134417143
256,1,0.225,0.0009375,0.0009986817339385928
256,1,0.23,0.0030625,0.003657752596215146
256,1,0.23500000000000001,0.009875,0.010804657627017242
256,1,0.24,0.02540625,0.026509865993698062
256,1,0.245,0.05390625,0.0554847804609441
256,1,0.25,0.09959375,0.10145606613953702
256,1,0.255,0.16565625,0.1655476267512423
256,1,0.26,0.24403125,0.24558381543491162
256,1,0.265,0.335625,0.33663070335448736
256,1,0.27,0.4294375,0.43237525291900525
256,1,0.275,0.523125,0.5266360880769391
256,1,0.28,0.61040625,0.6144592220756114
256,1,0.28500000000000003,0.68828125,0.6926060003550134
256,1,0.29,0.75553125,0.7595255800420303
256,1,0.295,0.81290625,0.8150240275101045
256,1,0.3,0.85678125,0.859830959993066
256,1,0.305,0.89409375,0.8951960184872235
256,1,0.31,0.92134375,0.9225763365215016
256,1,0.315,0.9428125,0.9434264607552071
256,1,0.32,0.95840625,0.9590762684376186
256,1,0.325,0.970125,0.9706737064505155
256,1,0.33,0.97871875,0.9791699601797199
256,1,0.335,0.98515625,0.9853293094271196
256,1,0.34,0.98971875,0.9897512296221355
256,1,0.34500000000000003,0.99328125,0.9928968189971444
256,1,0.35000000000000003,0.9954375,0.9951149760225392
256,1,0.355,0.99675,0.9966659981865784
256,1,0.36,0.99759375,0.9977416687186248
256,1,0.365,0.9983125,0.9984816980577924
256,1,0.37,0.99878125,0.9989868006170747
256,1,0.375,0.9991875,0.9993288657183148
256,1,0.38,0.99940625,0.9995587256150776
256,1,0.385,0.99953125,0.9997119971987807
256,1,0.39,0.99975,0.9998134156937656
256,1,0.395,0.9999375,0.9998800102612765
256,1,0.4,0.9999375,0.99992340456967
256,1,0.405,0.99996875,0.9999514655787163
256,1,0.41000000000000003,1.0,0.9999694730688116
256,1,0.41500000000000004,1.0,0.9999809409814706
256,1,0.42,1.0,0.9999881886466165
256,1,0.425,1.0,0.9999927342887838
256,1,0.43,1.0,0.9999955635711301
256,1,0.435,1.0,0.9999973111694002
256,1,0.44,1.0,0.9999983824208372
256,1,0.445,1.0,0.9999990340880444
256,1,0.45,1.0,0.999999427497748
256,1,0.455,1.0,0.9999996631919995
256,1,0.46,1.0,0.9999998033241491
256,1,0.465,1.0,0.9999998860062427
256,1,0.47000000000000003,1.0,0.9999999344201193
256,1,0.47500000000000003,1.0,0.9999999625529206
256,1,0.48,1.0,0.9999999787763161
256,1,0.485,1.0,0.9999999880607221
256,1,0.49,1.0,0.9999999933336596
256,1,0.495,1.0,0.9999999963055757
256,1,0.5,1.0,0.9999999979678478
256,1,0.505,1.0,0.9999999988905302
256,1,0.51,1.0,0.9999999993987956
256,1,0.515,1.0,0.9999999996766462
256,1,0.52,1.0,0.999999999827395
256,1,0.525,1.0,0.9999999999085389
256,1,0.53,1.0,0.9999999999519105
256,1,0.535,1.0,0.9999999999749036
256,1,0.54,1.0,0.9999999999870113
256,1,0.545,1.0,0.9999999999933209
256,1,0.55,1.0,0.9999999999965894
256,1,0.555,1.0,0.9999999999982663
256,1,0.56,1.0,0.9999999999991189
256,1,0.5650000000000001,1.0,0.9999999999995737
256,1,0.5700000000000001,1.0,0.9999999999997726
256,1,0.5750000000000001,1.0,0.9999999999998863
256,1,0.58,1.0,0.9999999999999432
256,1,0.585,1.0,0.9999999999999716
256,1,0.59,1.0,1.0
256,1,0.595,1.0,1.0
256,1,0.6,1.0,1.0
256,1,0.605,1.0,1.0
256,1,0.61,1.0,1.0
256,1,0.615,1.0,1.0
256,1,0.62,1.0,1.0
256,1,0.625,1.0,1.0
256,1,0.63,1.0,1.0
256,1,0.635,1.0,1.0
256,1,0.64,1.0,1.0
256,1,0.645,1.0,1.0
256,1,0.65,1.0,1.0
256,1,0.655,1.0,1.0
256,1,0.66,1.0,1.0
256,1,0.665,1.0,1.0
256,1,0.67,1.0,1.0
256,1,0.675,1.0,1.0
256,1,0.68,1.0,1.0
256,1,0.685,1.0,1.0
256,1,0.6900000000000001,1.0,1.0
256,1,0.6950000000000001,1.0,1.0
256,1,0.7000000000000001,1.0,1.0
256,1,0.705,1.0,1.0
256,1,0.71,1.0,1.0
256,1,0.715,1.0,1.0
256,1,0.72,1.0,1.0
256,1,0.725,1.0,1.0
256,1,0.73,1.0,1.0
256,1,0.735,1.0,1.0
256,1,0.74,1.0,1.0
256,1,0.745,1.0,1.0
256,1,0.75,1.0,1.0
256,1,0.755,1.0,1.0
256,1,0.76,1.0,1.0
256,1,0.765,1.0,1.0
256,1,0.77,1.0,1.0
256,1,0.775,1.0,1.0
256,1,0.78,1.0,1.0
256,1,0.785,1.0,1.0
256,1,0.79,1.0,1.0
256,1,0.795,1.0,1.0
256,1,0.8,1.0,1.0
256,1,0.805,1.0,1.0
256,1,0.81,1.0,1.0
256,1,0.8150000000000001,1.0,1.0
256,1,0.8200000000000001,1.0,1.0
256,1,0.8250000000000001,1.0,1.0
256,1,0.8300000000000001,1.0,1.0
256,1,0.835,1.0,1.0
256,1,0.84,1.0,1.0
256,1,0.845,1.0,1.0
256,1,0.85,1.0,1.0
256,1,0.855,1.0,1.0
256,1,0.86,1.0,1.0
256,1,0.865,1.0,1.0
256,1,0.87,1.0,1.0
256,1,0.875,1.0,1.0
256,1,0.88,1.0,1.0
256,1,0.885,1.0,1.0
256,1,0.89,1.0,1.0
256,1,0.895,1.0,1.0
256,1,0.9,1.0,1.0
256,1,0.905,1.0,1.0
256,1,0.91,1.0,1.0
256,1,0.915,1.0,1.0
256,1,0.92,1.0,1.0
256,1,0.925,1.0,1.0
256,1,0.93,1.0,1.0
256,1,0.935,1.0,1.0
256,1,0.9400000000000001,1.0,1.0
256,1,0.9450000000000001,1.0,1.0
256,1,0.9500000000000001,1.0,1.0
256,1,0.9550000000000001,1.0,1.0
256,1,0.96,1.0,1.0
256,1,0.965,1.0,1.0
256,1,0.97,1.0,1.0
256,1,0.975,1.0,1.0
256,1,0.98,1.0,1.0
256,1,0.985,1.0,1.0
256,1,0.99,1.0,1.0
256,1,0.995,1.0,1.0
256,1,1.0,1.0,1.0
256,1,1.0050000000000001,1.0,1.0
256,1,1.01,1.0,1.0
256,1,1.0150000000000001,1.0,1.0
256,1,1.02,1.0,1.0
256,1,1.025,1.0,1.0
256,1,1.03,1.0,1.0
256,1,1.035,1.0,1.0
256,1,1.04,1.0,1.0
256,1,1.045,1.0,1.0
256,1,1.05,1.0,1.0
256,2,0.0,0.0,0.0
256,2,0.005,0.0,0.0
256,2,0.01,0.0,0.0
256,2,0.015,0.0,0.0
256,2,0.02,0.0,0.0
256,2,0.025,0.0,0.0
256,2,0.03,0.0,5.984113770568663e-306
256,2,0.035,0.0,2.6304947972592967e-284
256,2,0.04,0.0,1.4137217018333596e-264
256,2,0.045,0.0,2.591329225332875e-246
256,2,0.05,0.0,3.0765062569501836e-229
256,2,0.055,0.0,3.5754881398748495e-213
256,2,0.06,0.0,5.3429355269931474e-198
256,2,0.065,0.0,1.2346888617096251e-183
256,2,0.07,0.0,5.017844255839014e-170
256,2,0.075,0.0,3.9352680333696805e-157
256,2,0.08,0.0,6.387622025869576e-145
256,2,0.085,0.0,2.268644820615209e-133
256,2,0.09,0.0,1.8473173127135802e-122
256,2,0.095,0.0,3.5945930260927665e-112
256,2,0.1,0.0,1.7370565998131447e-102
256,2,0.105,0.0,2.1636216667643472e-93
256,2,0.11,0.0,7.207402783960007e-85
256,2,0.115,0.0,6.66522016096747e-77
256,2,0.12,0.0,1.7777661352727956e-69
256,2,0.125,0.0,1.422488568345139e-62
256,2,0.13,0.0,3.5563521766554188e-56
256,2,0.135,0.0,2.897518716550166e-50
256,2,0.14,0.0,8.035668266923374e-45
256,2,0.145,0.0,7.934357366765045e-40
256,2,0.15,0.0,2.9214083814480973e-35
256,2,0.155,0.0,4.2061563817460905e-31
256,2,0.16,0.0,2.485820896502106e-27
256,2,0.165,0.0,6.335738115622454e-24
256,2,0.17,0.0,7.321403615577198e-21
256,2,0.17500000000000002,0.0,4.0341522497642364e-18
256,2,0.18,0.0,1.1148189864164726e-15
256,2,0.185,0.0,1.624782238904421e-13
256,2,0.19,0.0,1.3126324506916213e-11
256,2,0.195,0.0,6.173049374814099e-10
256,2,0.2,0.0,1.7725919682023312e-08
256,2,0.20500000000000002,0.0,3.255136969470098e-07
256,2,0.21,0.0,3.996741137199922e-06
256,2,0.215,0.0,3.42334929530533e-05
256,2,0.22,0.00015625,0.00021293183134417143
256,2,0.225,0.00103125,0.0009986817339385928
256,2,0.23,0.0041875,0.003657752596215146
256,2,0.23500000000000001,0.01165625,0.010804657627017242
256,2,0.24,0.028125,0.026509865993698062
256,2,0.245,0.05565625,0.0554847804609441
256,2,0.25,0.10284375,0.10145606613953702
256,2,0.255,0.1685625,0.1655476267512423
256,2,0.26,0.24934375,0.24558381543491162
256,2,0.265,0.34459375,0.33663070335448736
256,2,0.27,0.44128125,0.43237525291900525
256,2,0.275,0.53509375,0.5266360880769391
256,2,0.28,0.62209375,0.6144592220756114
256,2,0.28500000000000003,0.698,0.6926060003550134
256,2,0.29,0.76328125,0.7595255800420303
256,2,0.295,0.81878125,0.8150240275101045
256,2,0.3,0.86465625,0.859830959993066
256,2,0.305,0.8996875,0.8951960184872235
256,2,0.31,0.92628125,0.9225763365215016
256,2,0.315,0.9468125,0.9434264607552071
256,2,0.32,0.96134375,0.9590762684376186
256,2,0.325,0.9729375,0.9706737064505155
256,2,0.33,0.9800625,0.9791699601797199
256,2,0.335,0.98546875,0.9853293094271196
256,2,0.34,0.9895625,0.9897512296221355
256,2,0.34500000000000003,0.99290625,0.9928968189971444
256,2,0.35000000000000003,0.99540625,0.9951149760225392
256,2,0.355,0.996625,0.9966659981865784
256,2,0.36,0.99753125,0.9977416687186248
256,2,0.365,0.998375,0.9984816980577924
256,2,0.37,0.9985625,0.9989868006170747
256,2,0.375,0.9989375,0.9993288657183148
256,2,0.38,0.999375,0.9995587256150776
256,2,0.385,0.99971875,0.9997119971987807
256,2,0.39,0.99984375,0.9998134156937656
256,2,0.395,0.99996875,0.9998800102612765
256,2,0.4,0.99996875,0.99992340456967
256,2,0.405,0.99996875,0.9999514655787163
256,2,0.41000000000000003,0.99996875,0.9999694730688116
256,2,0.41500000000000004,0.99996875,0.9999809409814706
256,2,0.42,1.0,0.9999881886466165
256,2,0.425,1.0,0.9999927342887838
256,2,0.43,1.0,0.9999955635711301
256,2,0.435,1.0,0.9999973111694002
256,2,0.44,1.0,0.9999983824208372
256,2,0.445,1.0,0.9999990340880444
256,2,0.45,1.0,0.999999427497748
256,2,0.455,1.0,0.9999996631919995
256,2,0.46,1.0,0.9999998033241491
256,2,0.465,1.0,0.9999998860062427
256,2,0.47000000000000003,1.0,0.9999999344201193
256,2,0.47500000000000003,1.0,0.9999999625529206
256,2,0.48,1.0,0.9999999787763161
256,2,0.485,1.0,0.9999999880607221
256,2,0.49,1.0,0.9999999933336596
256,2,0.495,1.0,0.9999999963055757
256,2,0.5,1.0,0.9999999979678478
256,2,0.505,1.0,0.9999999988905302
256,2,0.51,1.0,0.9999999993987956
256,2,0.515,1.0,0.9999999996766462
256,2,0.52,1.0,0.999999999827395
256,2,0.525,1.0,0.9999999999085389
256,2,0.53,1.0,0.9999999999519105
256,2,0.535,1.0,0.9999999999749036
256,2,0.54,1.0,0.9999999999870113
256,2,0.545,1.0,0.9999999999933209
256,2,0.55,1.0,0.9999999999965894
256,2,0.555,1.0,0.9999999999982663
256,2,0.56,1.0,0.9999999999991189
256,2,0.5650000000000001,1.0,0.9999999999995737
256,2,0.5700000000000001,1.0,0.9999999999997726
256,2,0.5750000000000001,1.0,0.9999999999998863
256,2,0.58,1.0,0.9999999999999432
256,2,0.585,1.0,0.9999999999999716
256,2,0.59,1.0,1.0
256,2,0.595,1.0,1.0
256,2,0.6,1.0,1.0
256,2,0.605,1.0,1.0
256,2,0.61,1.0,1.0
256,2,0.615,1.0,1.0
256,2,0.62,1.0,1.0
256,2,0.625,1.0,1.0
256,2,0.63,1.0,1.0
256,2,0.635,1.0,1.0
256,2,0.64,1.0,1.0
256,2,0.645,1.0,1.0
256,2,0.65,1.0,1.0
256,2,0.655,1.0,1.0
256,2,0.66,1.0,1.0
256,2,0.665,1.0,1.0
256,2,0.67,1.0,1.0
256,2,0.675,1.0,1.0
256,2,0.68,1.0,1.0
256,2,0.685,1.0,1.0
256,2,0.6900000000000001,1.0,1.0
256,2,0.6950000000000001,1.0,1.0
256,2,0.7000000000000001,1.0,1.0
256,2,0.705,1.0,1.0
256,2,0.71,1.0,1.0
256,2,0.715,1.0,1.0
256,2,0.72,1.0,1.0
256,2,0.725,1.0,1.0
256,2,0.73,1.0,1.0
256,2,0.735,1.0,1.0
256,2,0.74,1.0,1.0
256,2,0.745,1.0,1.0
256,2,0.75,1.0,1.0
256,2,0.755,1.0,1.0
256,2,0.76,1.0,1.0
256,2,0.765,1.0,1.0
256,2,0.77,1.0,1.0
256,2,0.775,1.0,1.0
256,2,0.78,1.0,1.0
256,2,0.785,1.0,1.0
256,2,0.79,1.0,1.0
256,2,0.795,1.0,1.0
256,2,0.8,1.0,1.0
256,2,0.805,1.0,1.0
256,2,0.81,1.0,1.0
256,2,0.8150000000000001,1.0,1.0
256,2,0.8200000000000001,1.0,1.0
256,2,0.8250000000000001,1.0,1.0
256,2,0.8300000000000001,1.0,1.0
256,2,0.835,1.0,1.0
256,2,0.84,1.0,1.0
256,2,0.845,1.0,1.0
256,2,0.85,1.0,1.0
256,2,0.855,1.0,1.0
256,2,0.86,1.0,1.0
256,2,0.865,1.0,1.0
256,2,0.87,1.0,1.0
256,2,0.875,1.0,1.0
256,2,0.88,1.0,1.0
256,2,0.885,1.0,1.0
256,2,0.89,1.0,1.0
256,2,0.895,1.0,1.0
256,2,0.9,1.0,1.0
256,2,0.905,1.0,1.0
256,2,0.91,1.0,1.0
256,2,0.915,1.0,1.0
256,2,0.92,1.0,1.0
256,2,0.925,1.0,1.0
256,2,0.93,1.0,1.0
256,2,0.935,1.0,1.0
256,2,0.9400000000000001,1.0,1.0
256,2,0.9450000000000001,1.0,1.0
256,2,0.9500000000000001,1.0,1.0
256,2,0.9550000000000001,1.0,1.0
256,2,0.96,1.0,1.0
256,2,0.965,1.0,1.0
256,2,0.97,1.0,1.0
256,2,0.975,1.0,1.0
256,2,0.98,1.0,1.0
256,2,0.985,1.0,1.0
256,2,0.99,1.0,1.0
256,2,0.995,1.0,1.0
256,2,1.0,1.0,1.0
256,2,1.0050000000000001,1.0,1.0
256,2,1.01,1.0,1.0
256,2,1.0150000000000001,1.0,1.0
256,2,1.02,1.0,1.0
256,2,1.025,1.0,1.0
256,2,1.03,1.0,1.0
256,2,1.035,1.0,1.0
256,2,1.04,1.0,1.0
256,2,1.045,1.0,1.0
256,2,1.05,1.0,1.0
1024,0,0.0,0.0,0.0
1024,0,0.005,0.0,0.0
1024,0,0.01,0.0,0.0
1024,0,0.015,0.0,0.0
1024,0,0.02,0.0,0.0
1024,0,0.025,0.0,0.0
1024,0,0.03,0.0,0.0
1024,0,0.035,0.0,0.0
1024,0,0.04,0.0,0.0
1024,0,0.045,0.0,0.0
1024,0,0.05,0.0,0.0
1024,0,0.055,0.0,0.0
1024,0,0.06,0.0,0.0
1024,0,0.065,0.0,0.0
1024,0,0.07,0.0,0.0
1024,0,0.075,0.0,0.0
1024,0,0.08,0.0,0.0
1024,0,0.085,0.0,0.0
1024,0,0.09,0.0,0.0
1024,0,0.095,0.0,0.0
1024,0,0.1,0.0,0.0
1024,0,0.105,0.0,0.0
1024,0,0.11,0.0,0.0
1024,0,0.115,0.0,8.528697186757487e-298
1024,0,0.12,0.0,2.5765964352156815e-268
1024,0,0.125,0.0,5.922746872207766e-241
1024,0,0.13,0.0,1.2273993638354808e-215
1024,0,0.135,0.0,2.7333845773751567e-192
1024,0,0.14,0.0,7.843987928008491e-171
1024,0,0.145,0.0,3.498500407570452e-151
1024,0,0.15,0.0,2.9408625363365764e-133
1024,0,0.155,0.0,5.677596822998603e-117
1024,0,0.16,0.0,3.080356578380142e-102
1024,0,0.165,0.0,5.7658055998479295e-89
1024,0,0.17,0.0,4.581534227335198e-77
1024,0,0.17500000000000002,0.0,1.9038429379038344e-66
1024,0,0.18,0.0,5.096542754051537e-57
1024,0,0.185,0.0,1.0812169336009216e-48
1024,0,0.19,0.0,2.2301631230149392e-41
1024,0,0.195,0.0,5.464754878865358e-35
1024,0,0.2,0.0,1.933207969365476e-29
1024,0,0.20500000000000002,0.0,1.191781468468245e-24
1024,0,0.21,0.0,1.5332234863822237e-20
1024,0,0.215,0.0,4.884900042093551e-17
1024,0,0.22,0.0,4.528574284089608e-14
1024,0,0.225,0.0,1.4199521673949068e-11
1024,0,0.23,0.0,1.7307738247763736e-09
1024,0,0.23500000000000001,0.0,9.316639457980218e-08
1024,0,0.24,6.25e-05,2.4867062652550565e-06
1024,0,0.245,0.000125,3.6522589912184714e-05
1024,0,0.25,0.0005,0.000323852586985123
1024,0,0.255,0.0016875,0.001881496160962781
1024,0,0.26,0.007375,0.007692209300649971
1024,0,0.265,0.023875,0.023540573267653808
1024,0,0.27,0.0575,0.05685544203350163
1024,0,0.275,0.11825,0.11334247003837014
1024,0,0.28,0.1989375,0.1936560667516671
1024,0,0.28500000000000003,0.295625,0.2926054645495105
1024,0,0.29,0.4083125,0.40118047364072396
1024,0,0.295,0.5215625,0.5097177476737031
1024,0,0.3,0.6233125,0.610411237558243
1024,0,0.305,0.7085625,0.6984143693548759
1024,0,0.31,0.7799375,0.7717422992668957
1024,0,0.315,0.83825,0.8305497703748665
1024,0,0.32,0.8801875,0.8762811471196628
1024,0,0.325,0.9145,0.9109643284901316
1024,0,0.33,0.9360625,0.9367317509953877
1024,0,0.335,0.9541875,0.9555481016079294
1024,0,0.34,0.969875,0.9690880460220545
1024,0,0.34500000000000003,0.9794375,0.9787072861150716
1024,0,0.35000000000000003,0.985125,0.9854637277921856
1024,0,0.355,0.9901875,0.9901604719749598
1024,0,0.36,0.9935625,0.9933941983158419
1024,0,0.365,0.996,0.9956005357498627
1024,0,0.37,0.99775,0.9970928855814858
1024,0,0.375,0.9989375,0.9980938488473136
1024,0,0.38,0.9991875,0.9987597316192047
1024,0,0.385,0.999375,0.9991991392072769
1024,0,0.39,0.99975,0.9994867912525159
1024,0,0.395,0.9998125,0.999673611903701
1024,0,0.4,0.9999375,0.9997939930155422
1024,0,0.405,1.0,0.9998709557247492
1024,0,0.41000000000000003,1.0,0.9999197758834607
1024,0,0.41500000000000004,1.0,0.9999505028980461
1024,0,0.42,1.0,0.9999696916835495
1024,0,0.425,1.0,0.9999815817120095
1024,0,0.43,1.0,0.9999888918923886
1024,0,0.435,1.0,0.9999933513705882
1024,0,0.44,1.0,0.9999960506719993
1024,0,0.445,1.0,0.9999976718489524
1024,0,0.45,1.0,0.9999986379476867
1024,0,0.455,1.0,0.9999992091958061
1024,0,0.46,1.0,0.9999995443464413
1024,0,0.465,1.0,0.9999997394511749
1024,0,0.47000000000000003,1.0,0.9999998521470952
1024,0,0.47500000000000003,1.0,0.9999999167363319
1024,0,0.48,1.0,0.9999999534666142
1024,0,0.485,1.0,0.999999974192065
1024,0,0.49,1.0,0.9999999857956255
1024,0,0.495,1.0,0.9999999922416691
1024,0,0.5,1.0,0.9999999957947239
1024,0,0.505,1.0,0.999999997737973
1024,0,0.51,1.0,0.9999999987925321
1024,0,0.515,1.0,0.9999999993603979
1024,0,0.52,1.0,0.999999999663828
1024,0,0.525,1.0,0.9999999998245812
1024,0,0.53,1.0,0.9999999999091642
1024,0,0.535,1.0,0.9999999999533884
1024,0,0.54,1.0,0.9999999999762395
1024,0,0.545,1.0,0.9999999999879492
1024,0,0.55,1.0,0.9999999999939746
1024,0,0.555,1.0,0.9999999999970441
1024,0,0.56,1.0,0.9999999999985221
1024,0,0.5650000000000001,1.0,0.9999999999993179
1024,0,0.5700000000000001,1.0,0.9999999999996589
1024,0,0.5750000000000001,1.0,0.9999999999997726
1024,0,0.58,1.0,0.9999999999998863
1024,0,0.585,1.0,1.0
1024,0,0.59,1.0,1.0
1024,0,0.595,1.0,1.0
1024,0,0.6,1.0,1.0
1024,0,0.605,1.0,1.0
1024,0,0.61,1.0,1.0
1024,0,0.615,1.0,1.0
1024,0,0.62,1.0,1.0
1024,0,0.625,1.0,1.0
1024,0,0.63,1.0,1.0
1024,0,0.635,1.0,1.0
1024,0,0.64,1.0,1.0
1024,0,0.645,1.0,1.0
1024,0,0.65,1.0,1.0
1024,0,0.655,1.0,1.0
1024,0,0.66,1.0,1.0
1024,0,0.665,1.0,1.0
1024,0,0.67,1.0,1.0
1024,0,0.675,1.0,1.0
1024,0,0.68,1.0,1.0
1024,0,0.685,1.0,1.0
1024,0,0.6900000000000001,1.0,1.0
1024,0,0.6950000000000001,1.0,1.0
1024,0,0.7000000000000001,1.0,1.0
1024,0,0.705,1.0,1.0
1024,0,0.71,1.0,1.0
1024,0,0.715,1.0,1.0
1024,0,0.72,1.0,1.0
1024,0,0.725,1.0,1.0
1024,0,0.73,1.0,1.0
1024,0,0.735,1.0,1.0
1024,0,0.74,1.0,1.0
1024,0,0.745,1.0,1.0
1024,0,0.75,1.0,1.0
1024,0,0.755,1.0,1.0
1024,0,0.76,1.0,1.0
1024,0,0.765,1.0,1.0
1024,0,0.77,1.0,1.0
1024,0,0.775,1.0,1.0
1024,0,0.78,1.0,1.0
1024,0,0.785,1.0,1.0
1024,0,0.79,1.0,1.0
1024,0,0.795,1.0,1.0
1024,0,0.8,1.0,1.0
1024,0,0.805,1.0,1.0
1024,0,0.81,1.0,1.0
1024,0,0.8150000000000001,1.0,1.0
1024,0,0.8200000000000001,1.0,1.0
1024,0,0.8250000000000001,1.0,1.0
1024,0,0.8300000000000001,1.0,1.0
1024,0,0.835,1.0,1.0
1024,0,0.84,1.0,1.0
1024,0,0.845,1.0,1.0
1024,0,0.85,1.0,1.0
1024,0,0.855,1.0,1.0
1024,0,0.86,1.0,1.0
1024,0,0.865,1.0,1.0
1024,0,0.87,1.0,1.0
1024,0,0.875,1.0,1.0
1024,0,0.88,1.0,1.0
1024,0,0.885,1.0,1.0
1024,0,0.89,1.0,1.0
1024,0,0.895,1.0,1.0
1024,0,0.9,1.0,1.0
1024,0,0.905,1.0,1.0
1024,0,0.91,1.0,1.0
1024,0,0.915,1.0,1.0
1024,0,0.92,1.0,1.0
1024,0,0.925,1.0,1.0
1024,0,0.93,1.0,1.0
1024,0,0.935,1.0,1.0
1024,0,0.9400000000000001,1.0,1.0
1024,0,0.9450000000000001,1.0,1.0
1024,0,0.9500000000000001,1.0,1.0
1024,0,0.9550000000000001,1.0,1.0
1024,0,0.96,1.0,1.0
1024,0,0.965,1.0,1.0
1024,0,0.97,1.0,1.0
1024,0,0.975,1.0,1.0
1024,0,0.98,1.0,1.0
1024,0,0.985,1.0,1.0
1024,0,0.99,1.0,1.0
1024,0,0.995,1.0,1.0
1024,0,1.0,1.0,1.0
1024,0,1.0050000000000001,1.0,1.0
1024,0,1.01,1.0,1.0
1024,0,1.0150000000000001,1.0,1.0
1024,0,1.02,1.0,1.0
1024,0,1.025,1.0,1.0
1024,0,1.03,1.0,1.0
1024,0,1.035,1.0,1.0
1024,0,1.04,1.0,1.0
1024,0,1.045,1.0,1.0
1024,0,1.05,1.0,1.0
1024,1,0.0,0.0,0.0
1024,1,0.005,0.0,0.0
1024,1,0.01,0.0,0.0
1024,1,0.015,0.0,0.0
1024,1,0.02,0.0,0.0
1024,1,0.025,0.0,0.0
1024,1,0.03,0.0,0.0
1024,1,0.035,0.0,0.0
1024,1,0.04,0.0,0.0
1024,1,0.045,0.0,0.0
1024,1,0.05,0.0,0.0
1024,1,0.055,0.0,0.0
1024,1,0.06,0.0,0.0
1024,1,0.065,0.0,0.0
1024,1,0.07,0.0,0.0
1024,1,0.075,0.0,0.0
1024,1,0.08,0.0,0.0
1024,1,0.085,0.0,0.0
1024,1,0.09,0.0,0.0
1024,1,0.095,0.0,0.0
1024,1,0.1,0.0,0.0
1024,1,0.105,0.0,0.0
1024,1,0.11,0.0,0.0
1024,1,0.115,0.0,8.528697186757487e-298
1024,1,0.12,0.0,2.5765964352156815e-268
1024,1,0.125,0.0,5.922746872207766e-241
1024,1,0.13,0.0,1.2273993638354808e-215
1024,1,0.135,0.0,2.7333845773751567e-192
1024,1,0.14,0.0,7.843987928008491e-171
1024,1,0.145,0.0,3.498500407570452e-151
1024,1,0.15,0.0,2.9408625363365764e-133
1024,1,0.155,0.0,5.677596822998603e-117
1024,1,0.16,0.0,3.080356578380142e-102
1024,1,0.165,0.0,5.7658055998479295e-89
1024,1,0.17,0.0,4.581534227335198e-77
1024,1,0.17500000000000002,0.0,1.9038429379038344e-66
1024,1,0.18,0.0,5.096542754051537e-57
1024,1,0.185,0.0,1.0812169336009216e-48
1024,1,0.19,0.0,2.2301631230149392e-41
1024,1,0.195,0.0,5.464754878865358e-35
1024,1,0.2,0.0,1.933207969365476e-29
1024,1,0.20500000000000002,0.0,1.191781468468245e-24
1024,1,0.21,0.0,1.5332234863822237e-20
1024,1,0.215,0.0,4.884900042093551e-17
1024,1,0.22,0.0,4.528574284089608e-14
1024,1,0.225,0.0,1.4199521673949068e-11
1024,1,0.23,0.0,1.7307738247763736e-09
1024,1,0.23500000000000001,0.0,9.316639457980218e-08
1024,1,0.24,0.0,2.4867062652550565e-06
1024,1,0.245,0.0,3.6522589912184714e-05
1024,1,0.25,0.00025,0.000323852586985123
1024,1,0.255,0.00209375,0.001881496160962781
1024,1,0.26,0.0076875,0.007692209300649971
1024,1,0.265,0.02446875,0.023540573267653808
1024,1,0.27,0.05615625,0.05685544203350163
1024,1,0.275,0.10996875,0.11334247003837014
1024,1,0.28,0.18903125,0.1936560667516671
1024,1,0.28500000000000003,0.28871875,0.2926054645495105
1024,1,0.29,0.40103125,0.40118047364072396
1024,1,0.295,0.5086875,0.5097177476737031
1024,1,0.3,0.60959375,0.610411237558243
1024,1,0.305,0.69584375,0.6984143693548759
1024,1,0.31,0.769375,0.7717422992668957
1024,1,0.315,0.8295,0.8305497703748665
1024,1,0.32,0.8768125,0.8762811471196628
1024,1,0.325,0.91290625,0.9109643284901316
1024,1,0.33,0.93796875,0.9367317509953877
1024,1,0.335,0.9550625,0.9555481016079294
1024,1,0.34,0.9675625,0.9690880460220545
1024,1,0.34500000000000003,0.97803125,0.9787072861150716
1024,1,0.35000000000000003,0.984375,0.9854637277921856
1024,1,0.355,0.98959375,0.9901604719749598
1024,1,0.36,0.9929375,0.9933941983158419
1024,1,0.365,0.995375,0.9956005357498627
1024,1,0.37,0.99734375,0.9970928855814858
1024,1,0.375,0.99828125,0.9980938488473136
1024,1,0.38,0.99896875,0.9987597316192047
1024,1,0.385,0.99940625,0.9991991392072769
1024,1,0.39,0.99971875,0.9994867912525159
1024,1,0.395,0.99984375,0.999673611903701
1024,1,0.4,0.999875,0.9997939930155422
1024,1,0.405,0.99990625,0.9998709557247492
1024,1,0.41000000000000003,0.9999375,0.9999197758834607
1024,1,0.41500000000000004,0.9999375,0.9999505028980461
1024,1,0.42,0.9999375,0.9999696916835495
1024,1,0.425,0.9999375,0.9999815817120095
1024,1,0.43,0.99996875,0.9999888918923886
1024,1,0.435,0.99996875,0.9999933513705882
1024,1,0.44,0.99996875,0.9999960506719993
1024,1,0.445,1.0,0.9999976718489524
1024,1,0.45,1.0,0.9999986379476867
1024,1,0.455,1.0,0.9999992091958061
1024,1,0.46,1.0,0.9999995443464413
1024,1,0.465,1.0,0.9999997394511749
1024,1,0.47000000000000003,1.0,0.9999998521470952
1024,1,0.47500000000000003,1.0,0.9999999167363319
1024,1,0.48,1.0,0.9999999534666142
1024,1,0.485,1.0,0.999999974192065
1024,1,0.49,1.0,0.9999999857956255
1024,1,0.495,1.0,0.9999999922416691
1024,1,0.5,1.0,0.9999999957947239
1024,1,0.505,1.0,0.999999997737973
1024,1,0.51,1.0,0.9999999987925321
1024,1,0.515,1.0,0.9999999993603979
1024,1,0.52,1.0,0.999999999663828
1024,1,0.525,1.0,0.9999999998245812
1024,1,0.53,1.0,0.9999999999091642
1024,1,0.535,1.0,0.9999999999533884
1024,1,0.54,1.0,0.9999999999762395
1024,1,0.545,1.0,0.9999999999879492
1024,1,0.55,1.0,0.9999999999939746
1024,1,0.555,1.0,0.9999999999970441
1024,1,0.56,1.0,0.9999999999985221
1024,1,0.5650000000000001,1.0,0.9999999999993179
1024,1,0.5700000000000001,1.0,0.9999999999996589
1024,1,0.5750000000000001,1.0,0.9999999999997726
1024,1,0.58,1.0,0.9999999999998863
1024,1,0.585,1.0,1.0
1024,1,0.59,1.0,1.0
1024,1,0.595,1.0,1.0
1024,1,0.6,1.0,1.0
1024,1,0.605,1.0,1.0
1024,1,0.61,1.0,1.0
1024,1,0.615,1.0,1.0
1024,1,0.62,1.0,1.0
1024,1,0.625,1.0,1.0
1024,1,0.63,1.0,1.0
1024,1,0.635,1.0,1.0
1024,1,0.64,1.0,1.0
1024,1,0.645,1.0,1.0
1024,1,0.65,1.0,1.0
1024,1,0.655,1.0,1.0
1024,1,0.66,1.0,1.0
1024,1,0.665,1.0,1.0
1024,1,0.67,1.0,1.0
1024,1,0.675,1.0,1.0
1024,1,0.68,1.0,1.0
1024,1,0.685,1.0,1.0
1024,1,0.6900000000000001,1.0,1.0
1024,1,0.6950000000000001,1.0,1.0
1024,1,0.7000000000000001,1.0,1.0
1024,1,0.705,1.0,1.0
1024,1,0.71,1.0,1.0
1024,1,0.715,1.0,1.0
1024,1,0.72,1.0,1.0
1024,1,0.725,1.0,1.0
1024,1,0.73,1.0,1.0
1024,1,0.735,1.0,1.0
1024,1,0.74,1.0,1.0
1024,1,0.745,1.0,1.0
1024,1,0.75,1.0,1.0
1024,1,0.755,1.0,1.0
1024,1,0.76,1.0,1.0
1024,1,0.765,1.0,1.0
1024,1,0.77,1.0,1.0
1024,1,0.775,1.0,1.0
1024,1,0.78,1.0,1.0
1024,1,0.785,1.0,1.0
1024,1,0.79,1.0,1.0
1024,1,0.795,1.0,1.0
1024,1,0.8,1.0,1.0
1024,1,0.805,1.0,1.0
1024,1,0.81,1.0,1.0
1024,1,0.8150000000000001,1.0,1.0
1024,1,0.8200000000000001,1.0,1.0
1024,1,0.8250000000000001,1.0,1.0
1024,1,0.8300000000000001,1.0,1.0
1024,1,0.835,1.0,1.0
1024,1,0.84,1.0,1.0
1024,1,0.845,1.0,1.0
1024,1,0.85,1.0,1.0
1024,1,0.855,1.0,1.0
1024,1,0.86,1.0,1.0
1024,1,0.865,1.0,1.0
1024,1,0.87,1.0,1.0
1024,1,0.875,1.0,1.0
1024,1,0.88,1.0,1.0
1024,1,0.885,1.0,1.0
1024,1,0.89,1.0,1.0
1024,1,0.895,1.0,1.0
1024,1,0.9,1.0,1.0
1024,1,0.905,1.0,1.0
1024,1,0.91,1.0,1.0
1024,1,0.915,1.0,1.0
1024,1,0.92,1.0,1.0
1024,1,0.925,1.0,1.0
1024,1,0.93,1.0,1.0
1024,1,0.935,1.0,1.0
1024,1,0.9400000000000001,1.0,1.0
1024,1,0.9450000000000001,1.0,1.0
1024,1,0.9500000000000001,1.0,1.0
1024,1,0.9550000000000001,1.0,1.0
1024,1,0.96,1.0,1.0
1024,1,0.965,1.0,1.0
1024,1,0.97,1.0,1.0
1024,1,0.975,1.0,1.0
1024,1,0.98,1.0,1.0
1024,1,0.985,1.0,1.0
1024,1,0.99,1.0,1.0
1024,1,0.995,1.0,1.0
1024,1,1.0,1.0,1.0
1024,1,1.0050000000000001,1.0,1.0
1024,1,1.01,1.0,1.0
1024,1,1.0150000000000001,1.0,1.0
1024,1,1.02,1.0,1.0
1024,1,1.025,1.0,1.0
1024,1,1.03,1.0,1.0
1024,1,1.035,1.0,1.0
1024,1,1.04,1.0,1.0
1024,1,1.045,1.0,1.0
1024,1,1.05,1.0,1.0
1024,2,0.0,0.0,0.0
1024,2,0.005,0.0,0.0
1024,2,0.01,0.0,0.0
1024,2,0.015,0.0,0.0
1024,2,0.02,0.0,0.0
1024,2,0.025,0.0,0.0
1024,2,0.03,0.0,0.0
1024,2,0.035,0.0,0.0
1024,2,0.04,0.0,0.0
1024,2,0.045,0.0,0.0
1024,2,0.05,0.0,0.0
1024,2,0.055,0.0,0.0
1024,2,0.06,0.0,0.0
1024,2,0.065,0.0,0.0
1024,2,0.07,0.0,0.0
1024,2,0.075,0.0,0.0
1024,2,0.08,0.0,0.0
1024,2,0.085,0.0,0.0
1024,2,0.09,0.0,0.0
1024,2,0.095,0.0,0.0
1024,2,0.1,0.0,0.0
1024,2,0.105,0.0,0.0
1024,2,0.11,0.0,0.0
1024,2,0.115,0.0,8.528697186757487e-298
1024,2,0.12,0.0,2.5765964352156815e-268
1024,2,0.125,0.0,5.922746872207766e-241
1024,2,0.13,0.0,1.2273993638354808e-215
1024,2,0.135,0.0,2.7333845773751567e-192
1024,2,0.14,0.0,7.843987928008491e-171
1024,2,0.145,0.0,3.498500407570452e-151
1024,2,0.15,0.0,2.9408625363365764e-133
1024,2,0.155,0.0,5.677596822998603e-117
1024,2,0.16,0.0,3.080356578380142e-102
1024,2,0.165,0.0,5.7658055998479295e-89
1024,2,0.17,0.0,4.581534227335198e-77
1024,2,0.17500000000000002,0.0,1.9038429379038344e-66
1024,2,0.18,0.0,5.096542754051537e-57
1024,2,0.185,0.0,1.0812169336009216e-48
1024,2,0.19,0.0,2.2301631230149392e-41
1024,2,0.195,0.0,5.464754878865358e-35
1024,2,0.2,0.0,1.933207969365476e-29
1024,2,0.20500000000000002,0.0,1.191781468468245e-24
1024,2,0.21,0.0,1.5332234863822237e-20
1024,2,0.215,0.0,4.884900042093551e-17
1024,2,0.22,0.0,4.528574284089608e-14
1024,2,0.225,0.0,1.4199521673949068e-11
1024,2,0.23,0.0,1.7307738247763736e-09
1024,2,0.23500000000000001,0.0,9.316639457980218e-08
1024,2,0.24,0.0,2.4867062652550565e-06
1024,2,0.245,6.25e-05,3.6522589912184714e-05
1024,2,0.25,0.000625,0.000323852586985123
1024,2,0.255,0.00253125,0.001881496160962781
1024,2,0.26,0.00846875,0.007692209300649971
1024,2,0.265,0.02525,0.023540573267653808
1024,2,0.27,0.05871875,0.05685544203350163
1024,2,0.275,0.1145625,0.11334247003837014
1024,2,0.28,0.19484375,0.1936560667516671
1024,2,0.28500000000000003,0.29553125,0.2926054645495105
1024,2,0.29,0.4039375,0.40118047364072396
1024,2,0.295,0.5118125,0.5097177476737031
1024,2,0.3,0.611875,0.610411237558243
1024,2,0.305,0.70228125,0.6984143693548759
1024,2,0.31,0.775,0.7717422992668957
1024,2,0.315,0.83490625,0.8305497703748665
1024,2,0.32,0.8796875,0.8762811471196628
1024,2,0.325,0.91384375,0.9109643284901316
1024,2,0.33,0.9385,0.9367317509953877
1024,2,0.335,0.956375,0.9555481016079294
1024,2,0.34,0.96990625,0.9690880460220545
1024,2,0.34500000000000003,0.979375,0.9787072861150716
1024,2,0.35000000000000003,0.985875,0.9854637277921856
1024,2,0.355,0.99040625,0.9901604719749598
1024,2,0.36,0.994,0.9933941983158419
1024,2,0.365,0.9960625,0.9956005357498627
1024,2,0.37,0.99725,0.9970928855814858
1024,2,0.375,0.99821875,0.9980938488473136
1024,2,0.38,0.9989375,0.9987597316192047
1024,2,0.385,0.999375,0.9991991392072769
1024,2,0.39,0.99959375,0.9994867912525159
1024,2,0.395,0.99975,0.999673611903701
1024,2,0.4,0.99984375,0.9997939930155422
1024,2,0.405,0.9999375,0.9998709557247492
1024,2,0.41000000000000003,0.9999375,0.9999197758834607
1024,2,0.41500000000000004,0.9999375,0.9999505028980461
1024,2,0.42,0.9999375,0.9999696916835495
1024,2,0.425,1.0,0.9999815817120095
1024,2,0.43,1.0,0.9999888918923886
1024,2,0.435,1.0,0.9999933513705882
1024,2,0.44,1.0,0.9999960506719993
1024,2,0.445,1.0,0.9999976718489524
1024,2,0.45,1.0,0.9999986379476867
1024,2,0.455,1.0,0.9999992091958061
1024,2,0.46,1.0,0.9999995443464413
1024,2,0.465,1.0,0.9999997394511749
1024,2,0.47000000000000003,1.0,0.9999998521470952
1024,2,0.47500000000000003,1.0,0.9999999167363319
1024,2,0.48,1.0,0.9999999534666142
1024,2,0.485,1.0,0.999999974192065
1024,2,0.49,1.0,0.9999999857956255
1024,2,0.495,1.0,0.9999999922416691
1024,2,0.5,1.0,0.9999999957947239
1024,2,0.505,1.0,0.999999997737973
1024,2,0.51,1.0,0.9999999987925321
1024,2,0.515,1.0,0.9999999993603979
1024,2,0.52,1.0,0.999999999663828
1024,2,0.525,1.0,0.9999999998245812
1024,2,0.53,1.0,0.9999999999091642
1024,2,0.535,1.0,0.9999999999533884
1024,2,0.54,1.0,0.9999999999762395
1024,2,0.545,1.0,0.9999999999879492
1024,2,0.55,1.0,0.9999999999939746
1024,2,0.555,1.0,0.9999999999970441
1024,2,0.56,1.0,0.9999999999985221
1024,2,0.5650000000000001,1.0,0.9999999999993179
1024,2,0.5700000000000001,1.0,0.9999999999996589
1024,2,0.5750000000000001,1.0,0.9999999999997726
1024,2,0.58,1.0,0.9999999999998863
1024,2,0.585,1.0,1.0
1024,2,0.59,1.0,1.0
1024,2,0.595,1.0,1.0
1024,2,0.6,1.0,1.0
1024,2,0.605,1.0,1.0
1024,2,0.61,1.0,1.0
1024,2,0.615,1.0,1.0
1024,2,0.62,1.0,1.0
1024,2,0.625,1.0,1.0
1024,2,0.63,1.0,1.0
1024,2,0.635,1.0,1.0
1024,2,0.64,1.0,1.0
1024,2,0.645,1.0,1.0
1024,2,0.65,1.0,1.0
1024,2,0.655,1.0,1.0
1024,2,0.66,1.0,1.0
1024,2,0.665,1.0,1.0
1024,2,0.67,1.0,1.0
1024,2,0.675,1.0,1.0
1024,2,0.68,1.0,1.0
1024,2,0.685,1.0,1.0
1024,2,0.6900000000000001,1.0,1.0
1024,2,0.6950000000000001,1.0,1.0
1024,2,0.7000000000000001,1.0,1.0
1024,2,0.705,1.0,1.0
1024,2,0.71,1.0,1.0
1024,2,0.715,1.0,1.0
1024,2,0.72,1.0,1.0
1024,2,0.725,1.0,1.0
1024,2,0.73,1.0,1.0
1024,2,0.735,1.0,1.0
1024,2,0.74,1.0,1.0
1024,2,0.745,1.0,1.0
1024,2,0.75,1.0,1.0
1024,2,0.755,1.0,1.0
1024,2,0.76,1.0,1.0
1024,2,0.765,1.0,1.0
1024,2,0.77,1.0,1.0
1024,2,0.775,1.0,1.0
1024,2,0.78,1.0,1.0
1024,2,0.785,1.0,1.0
1024,2,0.79,1.0,1.0
1024,2,0.795,1.0,1.0
1024,2,0.8,1.0,1.0
1024,2,0.805,1.0,1.0
1024,2,0.81,1.0,1.0
1024,2,0.8150000000000001,1.0,1.0
1024,2,0.8200000000000001,1.0,1.0
1024,2,0.8250000000000001,1.0,1.0
1024,2,0.8300000000000001,1.0,1.0
1024,2,0.835,1.0,1.0
1024,2,0.84,1.0,1.0
1024,2,0.845,1.0,1.0
1024,2,0.85,1.0,1.0
1024,2,0.855,1.0,1.0
1024,2,0.86,1.0,1.0
1024,2,0.865,1.0,1.0
1024,2,0.87,1.0,1.0
1024,2,0.875,1.0,1.0
1024,2,0.88,1.0,1.0
1024,2,0.885,1.0,1.0
1024,2,0.89,1.0,1.0
1024,2,0.895,1.0,1.0
1024,2,0.9,1.0,1.0
1024,2,0.905,1.0,1.0
1024,2,0.91,1.0,1.0
1024,2,0.915,1.0,1.0
1024,2,0.92,1.0,1.0
1024,2,0.925,1.0,1.0
1024,2,0.93,1.0,1.0
1024,2,0.935,1.0,1.0
1024,2,0.9400000000000001,1.0,1.0
1024,2,0.9450000000000001,1.0,1.0
1024,2,0.9500000000000001,1.0,1.0
1024,2,0.9550000000000001,1.0,1.0
1024,2,0.96,1.0,1.0
1024,2,0.965,1.0,1.0
1024,2,0.97,1.0,1.0
1024,2,0.975,1.0,1.0
1024,2,0.98,1.0,1.0
1024,2,0.985,1.0,1.0
1024,2,0.99,1.0,1.0
1024,2,0.995,1.0,1.0
1024,2,1.0,1.0,1.0
1024,2,1.0050000000000001,1.0,1.0
1024,2,1.01,1.0,1.0
1024,2,1.0150000000000001,1.0,1.0
1024,2,1.02,1.0,1.0
1024,2,1.025,1.0,1.0
1024,2,1.03,1.0,1.0
1024,2,1.035,1.0,1.0
1024,2,1.04,1.0,1.0
1024,2,1.045,1.0,1.0
1024,2,1.05,1.0,1.0
4096,0,0.0,0.0,0.0
4096,0,0.005,0.0,0.0
4096,0,0.01,0.0,0.0
4096,0,0.015,0.0,0.0
4096,0,0.02,0.0,0.0
4096,0,0.025,0.0,0.0
4096,0,0.03,0.0,0.0
4096,0,0.035,0.0,0.0
4096,0,0.04,0.0,0.0
4096,0,0.045,0.0,0.0
4096,0,0.05,0.0,0.0
4096,0,0.055,0.0,0.0
4096,0,0.06,0.0,0.0
4096,0,0.065,0.0,0.0
4096,0,0.07,0.0,0.0
4096,0,0.075,0.0,0.0
4096,0,0.08,0.0,0.0
4096,0,0.085,0.0,0.0
4096,0,0.09,0.0,0.0
4096,0,0.095,0.0,0.0
4096,0,0.1,0.0,0.0
4096,0,0.105,0.0,0.0
4096,0,0.11,0.0,0.0
4096,0,0.115,0.0,0.0
4096,0,0.12,0.0,0.0
4096,0,0.125,0.0,0.0
4096,0,0.13,0.0,0.0
4096,0,0.135,0.0,0.0
4096,0,0.14,0.0,0.0
4096,0,0.145,0.0,0.0
4096,0,0.15,0.0,0.0
4096,0,0.155,0.0,0.0
4096,0,0.16,0.0,0.0
4096,0,0.165,0.0,0.0
4096,0,0.17,0.0,3.6772820389804523e-290
4096,0,0.17500000000000002,0.0,4.829837511581066e-249
4096,0,0.18,0.0,1.1851268046577265e-212
4096,0,0.185,0.0,1.2733454151445455e-180
4096,0,0.19,0.0,1.3853147255929324e-152
4096,0,0.195,0.0,3.461636341765608e-128
4096,0,0.2,0.0,4.3957856262445067e-107
4096,0,0.20500000000000002,0.0,6.08910411570565e-89
4096,0,0.21,0.0,1.906690800335426e-73
4096,0,0.215,0.0,2.6883781869606916e-60
4096,0,0.22,0.0,3.2561988349536784e-49
4096,0,0.225,0.0,6.173161477103755e-40
4096,0,0.23,0.0,3.181657883135331e-32
4096,0,0.23500000000000001,0.0,7.373847600669901e-26
4096,0,0.24,0.0,1.2103360665925532e-20
4096,0,0.245,0.0,2.111666925144595e-16
4096,0,0.25,0.0,5.60939111993436e-13
4096,0,0.255,0.0,3.1083084575086983e-10
4096,0,0.26,0.0,4.721448868570561e-08
4096,0,0.265,0.0,2.485664205959028e-06
4096,0,0.27,6.25e-05,5.5365116654395314e-05
4096,0,0.275,0.000375,0.0006170984218523666
4096,0,0.28,0.00384375,0.003958595996988603
4096,0,0.28500000000000003,0.0185,0.016402505702297582
4096,0,0.29,0.05128125,0.04823881567648786
4096,0,0.295,0.11190625,0.10867001274605652
4096,0,0.3,0.2055625,0.19932766938687363
4096,0,0.305,0.31784375,0.31246663949555836
4096,0,0.31,0.43803125,0.4348510977917364
4096,0,0.315,0.55890625,0.5533930704806276
4096,0,0.32,0.6639375,0.6588559075948737
4096,0,0.325,0.75290625,0.7467484739643141
4096,0,0.33,0.82178125,0.8164053064610249
4096,0,0.335,0.8749375,0.8695031758902382
4096,0,0.34,0.91290625,0.9087670711722354
4096,0,0.34500000000000003,0.9413125,0.9371107505148694
4096,0,0.35000000000000003,0.959875,0.9571776239123213
4096,0,0.355,0.9733125,0.9711583038182082
4096,0,0.36,0.98184375,0.9807668313511484
4096,0,0.365,0.98809375,0.9872923974681763
4096,0,0.37,0.99159375,0.9916771468107496
4096,0,0.375,0.99434375,0.9945946390577991
4096,0,0.38,0.9961875,0.9965180504990158
4096,0,0.385,0.9979375,0.9977749792584447
4096,0,0.39,0.9986875,0.998589396360258
4096,0,0.395,0.99921875,0.999112711416958
4096,0,0.4,0.99946875,0.9994462260831403
4096,0,0.405,0.99975,0.9996570591487508
4096,0,0.41000000000000003,0.99990625,0.9997892674702001
4096,0,0.41500000000000004,0.99996875,0.9998715089559496
4096,0,0.42,0.99996875,0.9999222600534357
4096,0,0.425,1.0,0.9999533291658779
4096,0,0.43,1.0,0.9999721980119267
4096,0,0.435,1.0,0.999983566366095
4096,0,0.44,1.0,0.9999903613316404
4096,0,0.445,1.0,0.999994390498882
4096,0,0.45,1.0,0.9999967606852509
4096,0,0.455,1.0,0.9999981438981136
4096,0,0.46,1.0,0.9999989447184017
4096,0,0.465,1.0,0.999999404679961
4096,0,0.47000000000000003,1.0,0.999999666768018
4096,0,0.47500000000000003,1.0,0.999999814921938
4096,0,0.48,1.0,0.9999998980065409
4096,0,0.485,1.0,0.9999999442302412
4096,0,0.49,1.0,0.999999969742476
4096,0,0.495,1.0,0.9999999837118595
4096,0,0.5,1.0,0.9999999913002284
4096,0,0.505,1.0,0.9999999953893166
4096,0,0.51,1.0,0.9999999975757419
4096,0,0.515,1.0,0.9999999987348929
4096,0,0.52,1.0,0.9999999993451638
4096,0,0.525,1.0,0.999999999663487
4096,0,0.53,1.0,0.9999999998285602
4096,0,0.535,1.0,0.9999999999131433
4096,0,0.54,1.0,0.9999999999563443
4096,0,0.545,1.0,0.9999999999781721
4096,0,0.55,1.0,0.9999999999895408
4096,0,0.555,1.0,0.999999999994543
4096,0,0.56,1.0,0.9999999999972715
4096,0,0.5650000000000001,1.0,0.9999999999986358
4096,0,0.5700000000000001,1.0,0.9999999999995453
4096,0,0.5750000000000001,1.0,0.9999999999995453
4096,0,0.58,1.0,1.0
4096,0,0.585,1.0,1.0
4096,0,0.59,1.0,1.0
4096,0,0.595,1.0,1.0
4096,0,0.6,1.0,1.0
4096,0,0.605,1.0,1.0
4096,0,0.61,1.0,1.0
4096,0,0.615,1.0,1.0
4096,0,0.62,1.0,1.0
4096,0,0.625,1.0,1.0
4096,0,0.63,1.0,1.0
4096,0,0.635,1.0,1.0
4096,0,0.64,1.0,1.0
4096,0,0.645,1.0,1.0
4096,0,0.65,1.0,1.0
4096,0,0.655,1.0,1.0
4096,0,0.66,1.0,1.0
4096,0,0.665,1.0,1.0
4096,0,0.67,1.0,1.0
4096,0,0.675,1.0,1.0
4096,0,0.68,1.0,1.0
4096,0,0.685,1.0,1.0
4096,0,0.6900000000000001,1.0,1.0
4096,0,0.6950000000000001,1.0,1.0
4096,0,0.7000000000000001,1.0,1.0
4096,0,0.705,1.0,1.0
4096,0,0.71,1.0,1.0
4096,0,0.715,1.0,1.0
4096,0,0.72,1.0,1.0
4096,0,0.725,1.0,1.0
4096,0,0.73,1.0,1.0
4096,0,0.735,1.0,1.0
4096,0,0.74,1.0,1.0
4096,0,0.745,1.0,1.0
4096,0,0.75,1.0,1.0
4096,0,0.755,1.0,1.0
4096,0,0.76,1.0,1.0
4096,0,0.765,1.0,1.0
4096,0,0.77,1.0,1.0
4096,0,0.775,1.0,1.0
4096,0,0.78,1.0,1.0
4096,0,0.785,1.0,1.0
4096,0,0.79,1.0,1.0
4096,0,0.795,1.0,1.0
4096,0,0.8,1.0,1.0
4096,0,0.805,1.0,1.0
4096,0,0.81,1.0,1.0
4096,0,0.8150000000000001,1.0,1.0
4096,0,0.8200000000000001,1.0,1.0
4096,0,0.8250000000000001,1.0,1.0
4096,0,0.8300000000000001,1.0,1.0
4096,0,0.835,1.0,1.0
4096,0,0.84,1.0,1.0
4096,0,0.845,1.0,1.0
4096,0,0.85,1.0,1.0
4096,0,0.855,1.0,1.0
4096,0,0.86,1.0,1.0
4096,0,0.865,1.0,1.0
4096,0,0.87,1.0,1.0
4096,0,0.875,1.0,1.0
4096,0,0.88,1.0,1.0
4096,0,0.885,1.0,1.0
4096,0,0.89,1.0,1.0
4096,0,0.895,1.0,1.0
4096,0,0.9,1.0,1.0
4096,0,0.905,1.0,1.0
4096,0,0.91,1.0,1.0
4096,0,0.915,1.0,1.0
4096,0,0.92,1.0,1.0
4096,0,0.925,1.0,1.0
4096,0,0.93,1.0,1.0
4096,0,0.935,1.0,1.0
4096,0,0.9400000000000001,1.0,1.0
4096,0,0.9450000000000001,1.0,1.0
4096,0,0.9500000000000001,1.0,1.0
4096,0,0.9550000000000001,1.0,1.0
4096,0,0.96,1.0,1.0
4096,0,0.965,1.0,1.0
4096,0,0.97,1.0,1.0
4096,0,0.975,1.0,1.0
4096,0,0.98,1.0,1.0
4096,0,0.985,1.0,1.0
4096,0,0.99,1.0,1.0
4096,0,0.995,1.0,1.0
4096,0,1.0,1.0,1.0
4096,0,1.0050000000000001,1.0,1.0
4096,0,1.01,1.0,1.0
4096,0,1.0150000000000001,1.0,1.0
4096,0,1.02,1.0,1.0
4096,0,1.025,1.0,1.0
4096,0,1.03,1.0,1.0
4096,0,1.035,1.0,1.0
4096,0,1.04,1.0,1.0
4096,0,1.045,1.0,1.0
4096,0,1.05,1.0,1.0
4096,1,0.0,0.0,0.0
4096,1,0.005,0.0,0.0
4096,1,0.01,0.0,0.0
4096,1,0.015,0.0,0.0
4096,1,0.02,0.0,0.0
4096,1,0.025,0.0,0.0
4096,1,0.03,0.0,0.0
4096,1,0.035,0.0,0.0
4096,1,0.04,0.0,0.0
4096,1,0.045,0.0,0.0
4096,1,0.05,0.0,0.0
4096,1,0.055,0.0,0.0
4096,1,0.06,0.0,0.0
4096,1,0.065,0.0,0.0
4096,1,0.07,0.0,0.0
4096,1,0.075,0.0,0.0
4096,1,0.08,0.0,0.0
4096,1,0.085,0.0,0.0
4096,1,0.09,0.0,0.0
4096,1,0.095,0.0,0.0
4096,1,0.1,0.0,0.0
4096,1,0.105,0.0,0.0
4096,1,0.11,0.0,0.0
4096,1,0.115,0.0,0.0
4096,1,0.12,0.0,0.0
4096,1,0.125,0.0,0.0
4096,1,0.13,0.0,0.0
4096,1,0.135,0.0,0.0
4096,1,0.14,0.0,0.0
4096,1,0.145,0.0,0.0
4096,1,0.15,0.0,0.0
4096,1,0.155,0.0,0.0
4096,1,0.16,0.0,0.0
4096,1,0.165,0.0,0.0
4096,1,0.17,0.0,3.6772820389804523e-290
4096,1,0.17500000000000002,0.0,4.829837511581066e-249
4096,1,0.18,0.0,1.1851268046577265e-212
4096,1,0.185,0.0,1.2733454151445455e-180
4096,1,0.19,0.0,1.3853147255929324e-152
4096,1,0.195,0.0,3.461636341765608e-128
4096,1,0.2,0.0,4.3957856262445067e-107
4096,1,0.20500000000000002,0.0,6.08910411570565e-89
4096,1,0.21,0.0,1.906690800335426e-73
4096,1,0.215,0.0,2.6883781869606916e-60
4096,1,0.22,0.0,3.2561988349536784e-49
4096,1,0.225,0.0,6.173161477103755e-40
4096,1,0.23,0.0,3.181657883135331e-32
4096,1,0.23500000000000001,0.0,7.373847600669901e-26
4096,1,0.24,0.0,1.2103360665925532e-20
4096,1,0.245,0.0,2.111666925144595e-16
4096,1,0.25,0.0,5.60939111993436e-13
4096,1,0.255,0.0,3.1083084575086983e-10
4096,1,0.26,0.0,4.721448868570561e-08
4096,1,0.265,0.0,2.485664205959028e-06
4096,1,0.27,0.00025,5.5365116654395314e-05
4096,1,0.275,0.0006875,0.0006170984218523666
4096,1,0.28,0.0039375,0.003958595996988603
4096,1,0.28500000000000003,0.015375,0.016402505702297582
4096,1,0.29,0.0455625,0.04823881567648786
4096,1,0.295,0.102625,0.10867001274605652
4096,1,0.3,0.19325,0.19932766938687363
4096,1,0.305,0.3016875,0.31246663949555836
4096,1,0.31,0.4216875,0.4348510977917364
4096,1,0.315,0.53775,0.5533930704806276
4096,1,0.32,0.6401875,0.6588559075948737
4096,1,0.325,0.730125,0.7467484739643141
4096,1,0.33,0.8023125,0.8164053064610249
4096,1,0.335,0.858125,0.8695031758902382
4096,1,0.34,0.9005625,0.9087670711722354
4096,1,0.34500000000000003,0.9299375,0.9371107505148694
4096,1,0.35000000000000003,0.9515625,0.9571776239123213
4096,1,0.355,0.96625,0.9711583038182082
4096,1,0.36,0.9771875,0.9807668313511484
4096,1,0.365,0.9838125,0.9872923974681763
4096,1,0.37,0.9890625,0.9916771468107496
4096,1,0.375,0.993625,0.9945946390577991
4096,1,0.38,0.995875,0.9965180504990158
4096,1,0.385,0.997125,0.9977749792584447
4096,1,0.39,0.9983125,0.998589396360258
4096,1,0.395,0.9985625,0.999112711416958
4096,1,0.4,0.9989375,0.9994462260831403
4096,1,0.405,0.9993125,0.9996570591487508
4096,1,0.41000000000000003,0.999375,0.9997892674702001
4096,1,0.41500000000000004,0.999625,0.9998715089559496
4096,1,0.42,0.99975,0.9999222600534357
4096,1,0.425,0.9998125,0.9999533291658779
4096,1,0.43,0.9998125,0.9999721980119267
4096,1,0.435,0.9999375,0.999983566366095
4096,1,0.44,1.0,0.9999903613316404
4096,1,0.445,1.0,0.999994390498882
4096,1,0.45,1.0,0.9999967606852509
4096,1,0.455,1.0,0.9999981438981136
4096,1,0.46,1.0,0.9999989447184017
4096,1,0.465,1.0,0.999999404679961
4096,1,0.47000000000000003,1.0,0.999999666768018
4096,1,0.47500000000000003,1.0,0.999999814921938
4096,1,0.48,1.0,0.9999998980065409
4096,1,0.485,1.0,0.9999999442302412
4096,1,0.49,1.0,0.999999969742476
4096,1,0.495,1.0,0.9999999837118595
4096,1,0.5,1.0,0.9999999913002284
4096,1,0.505,1.0,0.9999999953893166
4096,1,0.51,1.0,0.9999999975757419
4096,1,0.515,1.0,0.9999999987348929
4096,1,0.52,1.0,0.9999999993451638
4096,1,0.525,1.0,0.999999999663487
4096,1,0.53,1.0,0.9999999998285602
4096,1,0.535,1.0,0.9999999999131433
4096,1,0.54,1.0,0.9999999999563443
4096,1,0.545,1.0,0.9999999999781721
4096,1,0.55,1.0,0.9999999999895408
4096,1,0.555,1.0,0.999999999994543
4096,1,0.56,1.0,0.9999999999972715
4096,1,0.5650000000000001,1.0,0.9999999999986358
4096,1,0.5700000000000001,1.0,0.9999999999995453
4096,1,0.5750000000000001,1.0,0.9999999999995453
4096,1,0.58,1.0,1.0
4096,1,0.585,1.0,1.0
4096,1,0.59,1.0,1.0
4096,1,0.595,1.0,1.0
4096,1,0.6,1.0,1.0
4096,1,0.605,1.0,1.0
4096,1,0.61,1.0,1.0
4096,1,0.615,1.0,1.0
4096,1,0.62,1.0,1.0
4096,1,0.625,1.0,1.0
4096,1,0.63,1.0,1.0
4096,1,0.635,1.0,1.0
4096,1,0.64,1.0,1.0
4096,1,0.645,1.0,1.0
4096,1,0.65,1.0,1.0
4096,1,0.655,1.0,1.0
4096,1,0.66,1.0,1.0
4096,1,0.665,1.0,1.0
4096,1,0.67,1.0,1.0
4096,1,0.675,1.0,1.0
4096,1,0.68,1.0,1.0
4096,1,0.685,1.0,1.0
4096,1,0.6900000000000001,1.0,1.0
4096,1,0.6950000000000001,1.0,1.0
4096,1,0.7000000000000001,1.0,1.0
4096,1,0.705,1.0,1.0
4096,1,0.71,1.0,1.0
4096,1,0.715,1.0,1.0
4096,1,0.72,1.0,1.0
4096,1,0.725,1.0,1.0
4096,1,0.73,1.0,1.0
4096,1,0.735,1.0,1.0
4096,1,0.74,1.0,1.0
4096,1,0.745,1.0,1.0
4096,1,0.75,1.0,1.0
4096,1,0.755,1.0,1.0
4096,1,0.76,1.0,1.0
4096,1,0.765,1.0,1.0
4096,1,0.77,1.0,1.0
4096,1,0.775,1.0,1.0
4096,1,0.78,1.0,1.0
4096,1,0.785,1.0,1.0
4096,1,0.79,1.0,1.0
4096,1,0.795,1.0,1.0
4096,1,0.8,1.0,1.0
4096,1,0.805,1.0,1.0
4096,1,0.81,1.0,1.0
4096,1,0.8150000000000001,1.0,1.0
4096,1,0.8200000000000001,1.0,1.0
4096,1,0.8250000000000001,1.0,1.0
4096,1,0.8300000000000001,1.0,1.0
4096,1,0.835,1.0,1.0
4096,1,0.84,1.0,1.0
4096,1,0.845,1.0,1.0
4096,1,0.85,1.0,1.0
4096,1,0.855,1.0,1.0
4096,1,0.86,1.0,1.0
4096,1,0.865,1.0,1.0
4096,1,0.87,1.0,1.0
4096,1,0.875,1.0,1.0
4096,1,0.88,1.0,1.0
4096,1,0.885,1.0,1.0
4096,1,0.89,1.0,1.0
4096,1,0.895,1.0,1.0
4096,1,0.9,1.0,1.0
4096,1,0.905,1.0,1.0
4096,1,0.91,1.0,1.0
4096,1,0.915,1.0,1.0
4096,1,0.92,1.0,1.0
4096,1,0.925,1.0,1.0
4096,1,0.93,1.0,1.0
4096,1,0.935,1.0,1.0
4096,1,0.9400000000000001,1.0,1.0
4096,1,0.9450000000000001,1.0,1.0
4096,1,0.9500000000000001,1.0,1.0
4096,1,0.9550000000000001,1.0,1.0
4096,1,0.96,1.0,1.0
4096,1,0.965,1.0,1.0
4096,1,0.97,1.0,1.0
4096,1,0.975,1.0,1.0
4096,1,0.98,1.0,1.0
4096,1,0.985,1.0,1.0
4096,1,0.99,1.0,1.0
4096,1,0.995,1.0,1.0
4096,1,1.0,1.0,1.0
4096,1,1.0050000000000001,1.0,1.0
4096,1,1.01,1.0,1.0
4096,1,1.0150000000000001,1.0,1.0
4096,1,1.02,1.0,1.0
4096,1,1.025,1.0,1.0
4096,1,1.03,1.0,1.0
4096,1,1.035,1.0,1.0
4096,1,1.04,1.0,1.0
4096,1,1.045,1.0,1.0
4096,1,1.05,1.0,1.0
4096,2,0.0,0.0,0.0
4096,2,0.005,0.0,0.0
4096,2,0.01,0.0,0.0
4096,2,0.015,0.0,0.0
4096,2,0.02,0.0,0.0
4096,2,0.025,0.0,0.0
4096,2,0.03,0.0,0.0
4096,2,0.035,0.0,0.0
4096,2,0.04,0.0,0.0
4096,2,0.045,0.0,0.0
4096,2,0.05,0.0,0.0
4096,2,0.055,0.0,0.0
4096,2,0.06,0.0,0.0
4096,2,0.065,0.0,0.0
4096,2,0.07,0.0,0.0
4096,2,0.075,0.0,0.0
4096,2,0.08,0.0,0.0
4096,2,0.085,0.0,0.0
4096,2,0.09,0.0,0.0
4096,2,0.095,0.0,0.0
4096,2,0.1,0.0,0.0
4096,2,0.105,0.0,0.0
4096,2,0.11,0.0,0.0
4096,2,0.115,0.0,0.0
4096,2,0.12,0.0,0.0
4096,2,0.125,0.0,0.0
4096,2,0.13,0.0,0.0
4096,2,0.135,0.0,0.0
4096,2,0.14,0.0,0.0
4096,2,0.145,0.0,0.0
4096,2,0.15,0.0,0.0
4096,2,0.155,0.0,0.0
4096,2,0.16,0.0,0.0
4096,2,0.165,0.0,0.0
4096,2,0.17,0.0,3.6772820389804523e-290
4096,2,0.17500000000000002,0.0,4.829837511581066e-249
4096,2,0.18,0.0,1.1851268046577265e-212
4096,2,0.185,0.0,1.2733454151445455e-180
4096,2,0.19,0.0,1.3853147255929324e-152
4096,2,0.195,0.0,3.461636341765608e-128
4096,2,0.2,0.0,4.3957856262445067e-107
4096,2,0.20500000000000002,0.0,6.08910411570565e-89
4096,2,0.21,0.0,1.906690800335426e-73
4096,2,0.215,0.0,2.6883781869606916e-60
4096,2,0.22,0.0,3.2561988349536784e-49
4096,2,0.225,0.0,6.173161477103755e-40
4096,2,0.23,0.0,3.181657883135331e-32
4096,2,0.23500000000000001,0.0,7.373847600669901e-26
4096,2,0.24,0.0,1.2103360665925532e-20
4096,2,0.245,0.0,2.111666925144595e-16
4096,2,0.25,0.0,5.60939111993436e-13
4096,2,0.255,0.0,3.1083084575086983e-10
4096,2,0.26,0.0,4.721448868570561e-08
4096,2,0.265,0.0,2.485664205959028e-06
4096,2,0.27,0.0,5.5365116654395314e-05
4096,2,0.275,0.000875,0.0006170984218523666
4096,2,0.28,0.00428125,0.003958595996988603
4096,2,0.28500000000000003,0.016625,0.016402505702297582
4096,2,0.29,0.0499375,0.04823881567648786
4096,2,0.295,0.10815625,0.10867001274605652
4096,2,0.3,0.199375,0.19932766938687363
4096,2,0.305,0.30990625,0.31246663949555836
4096,2,0.31,0.43390625,0.4348510977917364
4096,2,0.315,0.553375,0.5533930704806276
4096,2,0.32,0.6615,0.6588559075948737
4096,2,0.325,0.7525625,0.7467484739643141
4096,2,0.33,0.8244375,0.8164053064610249
4096,2,0.335,0.8771875,0.8695031758902382
4096,2,0.34,0.91415625,0.9087670711722354
4096,2,0.34500000000000003,0.9410625,0.9371107505148694
4096,2,0.35000000000000003,0.96103125,0.9571776239123213
4096,2,0.355,0.97471875,0.9711583038182082
4096,2,0.36,0.98346875,0.9807668313511484
4096,2,0.365,0.9895625,0.9872923974681763
4096,2,0.37,0.993,0.9916771468107496
4096,2,0.375,0.9955,0.9945946390577991
4096,2,0.38,0.99703125,0.9965180504990158
4096,2,0.385,0.9978125,0.9977749792584447
4096,2,0.39,0.9985625,0.998589396360258
4096,2,0.395,0.99878125,0.999112711416958
4096,2,0.4,0.99909375,0.9994462260831403
4096,2,0.405,0.999375,0.9996570591487508
4096,2,0.41000000000000003,0.99953125,0.9997892674702001
4096,2,0.41500000000000004,0.99971875,0.9998715089559496
4096,2,0.42,0.99978125,0.9999222600534357
4096,2,0.425,0.999875,0.9999533291658779
4096,2,0.43,0.99990625,0.9999721980119267
4096,2,0.435,1.0,0.999983566366095
4096,2,0.44,1.0,0.9999903613316404
4096,2,0.445,1.0,0.999994390498882
4096,2,0.45,1.0,0.9999967606852509
4096,2,0.455,1.0,0.9999981438981136
4096,2,0.46,1.0,0.9999989447184017
4096,2,0.465,1.0,0.999999404679961
4096,2,0.47000000000000003,1.0,0.999999666768018
4096,2,0.47500000000000003,1.0,0.999999814921938
4096,2,0.48,1.0,0.9999998980065409
4096,2,0.485,1.0,0.9999999442302412
4096,2,0.49,1.0,0.999999969742476
4096,2,0.495,1.0,0.9999999837118595
4096,2,0.5,1.0,0.9999999913002284
4096,2,0.505,1.0,0.9999999953893166
4096,2,0.51,1.0,0.9999999975757419
4096,2,0.515,1.0,0.9999999987348929
4096,2,0.52,1.0,0.9999999993451638
4096,2,0.525,1.0,0.999999999663487
4096,2,0.53,1.0,0.9999999998285602
4096,2,0.535,1.0,0.9999999999131433
4096,2,0.54,1.0,0.9999999999563443
4096,2,0.545,1.0,0.9999999999781721
4096,2,0.55,1.0,0.9999999999895408
4096,2,0.555,1.0,0.999999999994543
4096,2,0.56,1.0,0.9999999999972715
4096,2,0.5650000000000001,1.0,0.9999999999986358
4096,2,0.5700000000000001,1.0,0.9999999999995453
4096,2,0.5750000000000001,1.0,0.9999999999995453
4096,2,0.58,1.0,1.0
4096,2,0.585,1.0,1.0
4096,2,0.59,1.0,1.0
4096,2,0.595,1.0,1.0
4096,2,0.6,1.0,1.0
4096,2,0.605,1.0,1.0
4096,2,0.61,1.0,1.0
4096,2,0.615,1.0,1.0
4096,2,0.62,1.0,1.0
4096,2,0.625,1.0,1.0
4096,2,0.63,1.0,1.0
4096,2,0.635,1.0,1.0
4096,2,0.64,1.0,1.0
4096,2,0.645,1.0,1.0
4096,2,0.65,1.0,1.0
4096,2,0.655,1.0,1.0
4096,2,0.66,1.0,1.0
4096,2,0.665,1.0,1.0
4096,2,0.67,1.0,1.0
4096,2,0.675,1.0,1.0
4096,2,0.68,1.0,1.0
4096,2,0.685,1.0,1.0
4096,2,0.6900000000000001,1.0,1.0
4096,2,0.6950000000000001,1.0,1.0
4096,2,0.7000000000000001,1.0,1.0
4096,2,0.705,1.0,1.0
4096,2,0.71,1.0,1.0
4096,2,0.715,1.0,1.0
4096,2,0.72,1.0,1.0
4096,2,0.725,1.0,1.0
4096,2,0.73,1.0,1.0
4096,2,0.735,1.0,1.0
4096,2,0.74,1.0,1.0
4096,2,0.745,1.0,1.0
4096,2,0.75,1.0,1.0
4096,2,0.755,1.0,1.0
4096,2,0.76,1.0,1.0
4096,2,0.765,1.0,1.0
4096,2,0.77,1.0,1.0
4096,2,0.775,1.0,1.0
4096,2,0.78,1.0,1.0
4096,2,0.785,1.0,1.0
4096,2,0.79,1.0,1.0
4096,2,0.795,1.0,1.0
4096,2,0.8,1.0,1.0
4096,2,0.805,1.0,1.0
4096,2,0.81,1.0,1.0
4096,2,0.8150000000000001,1.0,1.0
4096,2,0.8200000000000001,1.0,1.0
4096,2,0.8250000000000001,1.0,1.0
4096,2,0.8300000000000001,1.0,1.0
4096,2,0.835,1.0,1.0
4096,2,0.84,1.0,1.0
4096,2,0.845,1.0,1.0
4096,2,0.85,1.0,1.0
4096,2,0.855,1.0,1.0
4096,2,0.86,1.0,1.0
4096,2,0.865,1.0,1.0
4096,2,0.87,1.0,1.0
4096,2,0.875,1.0,1.0
4096,2,0.88,1.0,1.0
4096,2,0.885,1.0,1.0
4096,2,0.89,1.0,1.0
4096,2,0.895,1.0,1.0
4096,2,0.9,1.0,1.0
4096,2,0.905,1.0,1.0
4096,2,0.91,1.0,1.0
4096,2,0.915,1.0,1.0
4096,2,0.92,1.0,1.0
4096,2,0.925,1.0,1.0
4096,2,0.93,1.0,1.0
4096,2,0.935,1.0,1.0
4096,2,0.9400000000000001,1.0,1.0
4096,2,0.9450000000000001,1.0,1.0
4096,2,0.9500000000000001,1.0,1.0
4096,2,0.9550000000000001,1.0,1.0
4096,2,0.96,1.0,1.0
4096,2,0.965,1.0,1.0
4096,2,0.97,1.0,1.0
4096,2,0.975,1.0,1.0
4096,2,0.98,1.0,1.0
4096,2,0.985,1.0,1.0
4096,2,0.99,1.0,1.0
4096,2,0.995,1.0,1.0
4096,2,1.0,1.0,1.0
4096,2,1.0050000000000001,1.0,1.0
4096,2,1.01,1.0,1.0
4096,2,1.0150000000000001,1.0,1.0
4096,2,1.02,1.0,1.0
4096,2,1.025,1.0,1.0
4096,2,1.03,1.0,1.0
4096,2,1.035,1.0,1.0
4096,2,1.04,1.0,1.0
4096,2,1.045,1.0,1.0
4096,2,1.05,1.0,1.0
