target_id,architecture,m,replicate,reference_predictive_improvement,reference_predictive_improvement_mcse,dynamics_loss_rhat,dynamics_loss_ess_bulk
shallow_m0064_r0,shallow,64,0,0.0705945214699725,0.0012161971625727,1.001133148573277,4199.362762174539
shallow_m0064_r1,shallow,64,1,0.1435258214611906,0.0012323770504397,1.0009623523084328,4198.740819114941
shallow_m0064_r2,shallow,64,2,0.111719152025991,0.0011205579807713,1.0006331357020632,4339.889133014393
shallow_m0256_r0,shallow,256,0,0.0806801340854459,0.0011413742334559,1.0009613783236353,5124.611231265614
shallow_m0256_r1,shallow,256,1,0.1359840688301051,0.0013008996041767,1.001649068198625,4953.141161725509
shallow_m0256_r2,shallow,256,2,0.1181191705932762,0.0011340552494952,1.0006387898057998,5236.953654110537
shallow_m1024_r0,shallow,1024,0,0.0773732212877409,0.0012446797356831,1.0005917356291911,5647.375154074033
shallow_m1024_r1,shallow,1024,1,0.1375714400816654,0.0012839920208897,1.0011049708812505,4783.128674453501
shallow_m1024_r2,shallow,1024,2,0.1144339300032832,0.0012118027377691,1.000169456323495,5549.295529635626
shallow_m4096_r0,shallow,4096,0,0.0834226310543754,0.0011955812256823,1.0006542312293591,5709.119269687706
shallow_m4096_r1,shallow,4096,1,0.1390044834940773,0.0011377494442298,1.0007041333907216,5212.7184904977175
shallow_m4096_r2,shallow,4096,2,0.1143101661288047,0.0011386398995167,1.0010820853801876,5375.213450504577
deep_m0032_r0,deep,32,0,0.0594927610966361,0.0009990003852228,1.000741592361147,3334.8585519168237
deep_m0032_r1,deep,32,1,0.1240945236845305,0.0010995523206284,1.0028021435809211,3212.138831325377
deep_m0032_r2,deep,32,2,0.0908124170446774,0.0009493328773219,1.0008134165218208,3309.256508180758
deep_m0064_r0,deep,64,0,0.0590682422325278,0.0010012899749215,1.001002248944251,4388.365688104096
deep_m0064_r1,deep,64,1,0.1231661934450333,0.0010491329263149,1.000352868036055,4225.492180413922
deep_m0064_r2,deep,64,2,0.0882633880604993,0.0009276846265294,1.000685390729329,5055.017842680861
deep_m0128_r0,deep,128,0,0.0554102411554711,0.0009783087053011,1.0004444968678456,5624.011959635526
deep_m0128_r1,deep,128,1,0.1133819145825248,0.0009685923610288,1.0004001735451562,4916.800746297628
deep_m0128_r2,deep,128,2,0.0913527812475937,0.0009149325596721,1.0007316590966324,5634.848675698635
deep_m0256_r0,deep,256,0,0.0612221863146043,0.000910422995157,1.0011956001948783,6897.835915460179
deep_m0256_r1,deep,256,1,0.1081575137435726,0.0009764656270919,1.0002217073253237,5830.331505160259
deep_m0256_r2,deep,256,2,0.09465010186817,0.0009159226340626,1.0002914922761288,6118.75873650294
