architecture,replicate,test_index,lag,width_narrow,width_wide,acf_narrow,acf_wide,difference,n_points_positive,n_points
shallow,0,0,25,64,4096,0.5374412242574638,0.5426924911883126,-0.005251266930848875,,
shallow,0,128,25,64,4096,0.5543276642488467,0.5443721171015827,0.009955547147263988,,
shallow,0,256,25,64,4096,0.5293031989463338,0.525484425519283,0.0038187734270508367,,
shallow,0,384,25,64,4096,0.5297043423696373,0.5403284093749539,-0.010624067005316595,,
shallow,0,512,25,64,4096,0.545332409494861,0.5322337652257795,0.013098644269081472,,
shallow,0,640,25,64,4096,0.5302637363759333,0.521533670265518,0.008730066110415269,,
shallow,0,768,25,64,4096,0.5316766908886863,0.5364076102026891,-0.004730919314002824,,
shallow,0,896,25,64,4096,0.5413698304514288,0.5328212346533397,0.008548595798089087,,
shallow,0,mean8,25,64,4096,0.5374273871291488,0.5344842154414323,0.002943171687716517,5,8
shallow,0,0,50,64,4096,0.3056328303275626,0.3077387393724544,-0.002105909044891774,,
shallow,0,128,50,64,4096,0.3379717095959716,0.3157022399500643,0.022269469645907314,,
shallow,0,256,50,64,4096,0.3115733387669467,0.30286284251689793,0.008710496250048771,,
shallow,0,384,50,64,4096,0.3089245384288413,0.311046428468144,-0.0021218900393026874,,
shallow,0,512,50,64,4096,0.32973536349731,0.30787743644768256,0.021857927049627413,,
shallow,0,640,50,64,4096,0.31413367052649455,0.2866515304648035,0.02748214006169103,,
shallow,0,768,50,64,4096,0.30181541351673363,0.29968694210378344,0.0021284714129501947,,
shallow,0,896,50,64,4096,0.31492146733845183,0.29455102252425996,0.020370444814191868,,
shallow,0,mean8,50,64,4096,0.31558854149978904,0.30326464773101125,0.012323893768777794,6,8
shallow,0,0,100,64,4096,0.12202900005272121,0.11592759479193612,0.006101405260785092,,
shallow,0,128,100,64,4096,0.14290528666115482,0.1107648212038474,0.03214046545730742,,
shallow,0,256,100,64,4096,0.13604871304976793,0.10055626181645294,0.03549245123331499,,
shallow,0,384,100,64,4096,0.12033885703360783,0.11903082299237586,0.0013080340412319758,,
shallow,0,512,100,64,4096,0.13270456713931805,0.1143829478995746,0.01832161923974346,,
shallow,0,640,100,64,4096,0.13634780900876692,0.09687853461840212,0.039469274390364795,,
shallow,0,768,100,64,4096,0.11762810424177025,0.10183696510797627,0.015791139133793985,,
shallow,0,896,100,64,4096,0.1227193107197293,0.09757334604808758,0.02514596467164172,,
shallow,0,mean8,100,64,4096,0.12884020598835455,0.1071189118098316,0.02172129417852295,8,8
shallow,0,0,200,64,4096,0.041741705871007964,0.017151764232323407,0.024589941638684557,,
shallow,0,128,200,64,4096,0.03941087374653732,0.03826919735929538,0.0011416763872419342,,
shallow,0,256,200,64,4096,0.03818404583750201,0.04489297171276394,-0.00670892587526193,,
shallow,0,384,200,64,4096,0.030335964199625084,0.025679606381255354,0.0046563578183697295,,
shallow,0,512,200,64,4096,0.03440876406166767,0.03891647171933276,-0.004507707657665089,,
shallow,0,640,200,64,4096,0.03903661955771203,0.018851276803973263,0.020185342753738768,,
shallow,0,768,200,64,4096,0.022848603410960816,0.009931148352643365,0.012917455058317451,,
shallow,0,896,200,64,4096,0.019141100812617627,0.01739015166052104,0.001750949152096587,,
shallow,0,mean8,200,64,4096,0.03313845968720382,0.026385323527763564,0.0067531361594402525,6,8
shallow,1,0,25,64,4096,0.5393224763148132,0.5342444978058538,0.005077978508959413,,
shallow,1,128,25,64,4096,0.5286601314216105,0.5155840329374282,0.013076098484182341,,
shallow,1,256,25,64,4096,0.5555017717926443,0.5432602741496282,0.012241497643016075,,
shallow,1,384,25,64,4096,0.5059283415551401,0.4981559265149596,0.0077724150401805026,,
shallow,1,512,25,64,4096,0.5624296387338706,0.5530282557200572,0.009401383013813436,,
shallow,1,640,25,64,4096,0.5531929872326271,0.5491168707469477,0.004076116485679404,,
shallow,1,768,25,64,4096,0.551522926368717,0.5267723705360574,0.024750555832659615,,
shallow,1,896,25,64,4096,0.5597043674738899,0.5463177580590451,0.013386609414844708,,
shallow,1,mean8,25,64,4096,0.544532830111664,0.5333099983087471,0.011222831802916833,8,8
shallow,1,0,50,64,4096,0.3143939197031807,0.30353401365547483,0.01085990604770587,,
shallow,1,128,50,64,4096,0.30170510533293954,0.28610869424743657,0.01559641108550297,,
shallow,1,256,50,64,4096,0.33766176706556095,0.315760668939386,0.021901098126174967,,
shallow,1,384,50,64,4096,0.284478986973897,0.27074967984738274,0.013729307126514267,,
shallow,1,512,50,64,4096,0.3430574588806096,0.3266613405642157,0.016396118316393926,,
shallow,1,640,50,64,4096,0.3352566012859193,0.32344602450873905,0.011810576777180226,,
shallow,1,768,50,64,4096,0.3291759654182267,0.2965633757436575,0.0326125896745692,,
shallow,1,896,50,64,4096,0.3353318216935911,0.31484654754180375,0.020485274151787358,,
shallow,1,mean8,50,64,4096,0.3226327032942406,0.304708793131012,0.017923910163228585,8,8
shallow,1,0,100,64,4096,0.12457782162520717,0.12304942322531559,0.0015283983998915784,,
shallow,1,128,100,64,4096,0.11543882930481059,0.10735502189051173,0.008083807414298858,,
shallow,1,256,100,64,4096,0.1361269091840748,0.11223440901481826,0.023892500169256536,,
shallow,1,384,100,64,4096,0.11553721328646246,0.09956458252726594,0.015972630759196527,,
shallow,1,512,100,64,4096,0.15939865703710104,0.13668773204450657,0.022710924992594472,,
shallow,1,640,100,64,4096,0.14763045640284528,0.13098098183686552,0.01664947456597976,,
shallow,1,768,100,64,4096,0.13385055511613542,0.11528425873551348,0.018566296380621933,,
shallow,1,896,100,64,4096,0.1469022523752468,0.1159537733429756,0.030948479032271187,,
shallow,1,mean8,100,64,4096,0.13493283679148543,0.11763877282722159,0.017294063964263848,8,8
shallow,1,0,200,64,4096,0.031706547725990394,0.019662594313111646,0.012043953412878748,,
shallow,1,128,200,64,4096,0.03902542347967146,0.018517855780183612,0.020507567699487847,,
shallow,1,256,200,64,4096,0.03429633879227875,0.01827831366710124,0.016018025125177512,,
shallow,1,384,200,64,4096,0.039508321769784006,0.026606956074335688,0.012901365695448318,,
shallow,1,512,200,64,4096,0.05129599395546556,0.02361078513401147,0.027685208821454088,,
shallow,1,640,200,64,4096,0.05044213693133747,0.04217440566374475,0.00826773126759272,,
shallow,1,768,200,64,4096,0.0455903976441341,0.03622613190604072,0.009364265738093375,,
shallow,1,896,200,64,4096,0.04742235592925937,0.03738093440393095,0.010041421525328421,,
shallow,1,mean8,200,64,4096,0.042410939528490135,0.02780724711780751,0.014603692410682625,8,8
shallow,2,0,25,64,4096,0.5085470001673567,0.5247576591396889,-0.016210658972332204,,
shallow,2,128,25,64,4096,0.5108614845061874,0.5139443349644772,-0.003082850458289821,,
shallow,2,256,25,64,4096,0.5237245143336653,0.5243785388684415,-0.0006540245347762541,,
shallow,2,384,25,64,4096,0.5015465058987655,0.503606880842693,-0.002060374943927523,,
shallow,2,512,25,64,4096,0.5344882282771204,0.5168689919618316,0.017619236315288833,,
shallow,2,640,25,64,4096,0.5397349361006886,0.5385172999490317,0.0012176361516568202,,
shallow,2,768,25,64,4096,0.5294876503263204,0.537032300515424,-0.007544650189103663,,
shallow,2,896,25,64,4096,0.5456358475015682,0.5604276025129441,-0.014791755011375862,,
shallow,2,mean8,25,64,4096,0.524253270888959,0.5274417010943165,-0.0031884302053575286,2,8
shallow,2,0,50,64,4096,0.29958552275593403,0.29658766456630853,0.002997858189625502,,
shallow,2,128,50,64,4096,0.286189077541115,0.2806698794050127,0.005519198136102299,,
shallow,2,256,50,64,4096,0.30603428475665795,0.29205640998463667,0.013977874772021281,,
shallow,2,384,50,64,4096,0.2833610882922956,0.27408843883666484,0.009272649455630777,,
shallow,2,512,50,64,4096,0.3171633449112504,0.28761903564814184,0.02954430926310858,,
shallow,2,640,50,64,4096,0.3244583928409503,0.3103218701933509,0.014136522647599403,,
shallow,2,768,50,64,4096,0.2971870725394681,0.30586954013300593,-0.008682467593537857,,
shallow,2,896,50,64,4096,0.32505421860652456,0.3316816854696815,-0.006627466863156961,,
shallow,2,mean8,50,64,4096,0.3048791252805245,0.29736181552960034,0.007517309750924184,6,8
shallow,2,0,100,64,4096,0.13106464346917268,0.10509384181926679,0.025970801649905895,,
shallow,2,128,100,64,4096,0.12304131333077717,0.1048587555744506,0.018182557756326573,,
shallow,2,256,100,64,4096,0.12072867438157729,0.10802944488322327,0.012699229498354017,,
shallow,2,384,100,64,4096,0.10479716973432715,0.09519898402619589,0.009598185708131257,,
shallow,2,512,100,64,4096,0.13593473912607926,0.10497911341079473,0.030955625715284527,,
shallow,2,640,100,64,4096,0.14600061532423747,0.11681318779121755,0.029187427533019922,,
shallow,2,768,100,64,4096,0.11469198877675967,0.12717360433374608,-0.012481615556986417,,
shallow,2,896,100,64,4096,0.1340682726968085,0.13131937825663542,0.0027488944401730664,,
shallow,2,mean8,100,64,4096,0.1262909271049674,0.1116832887619413,0.0146076383430261,7,8
shallow,2,0,200,64,4096,0.03734262081794995,0.02381397911654769,0.01352864170140226,,
shallow,2,128,200,64,4096,0.03740015275547951,0.05170432288398162,-0.01430417012850211,,
shallow,2,256,200,64,4096,0.02598537721700453,0.029607987553149417,-0.003622610336144888,,
shallow,2,384,200,64,4096,0.025574366063974594,0.016721816705421493,0.008852549358553102,,
shallow,2,512,200,64,4096,0.034143124460663046,0.014053743473912791,0.020089380986750255,,
shallow,2,640,200,64,4096,0.04861163402072185,0.02827212775056394,0.02033950627015791,,
shallow,2,768,200,64,4096,0.03245416272711647,0.014528897550672458,0.017925265176444015,,
shallow,2,896,200,64,4096,0.030573308501529617,0.02084940237265361,0.009723906128876008,,
shallow,2,mean8,200,64,4096,0.03401059332055494,0.024944034675862876,0.009066558644692066,6,8
deep,0,0,25,32,256,0.4693458177601825,0.4257791510218478,0.0435666667383347,,
deep,0,128,25,32,256,0.4833278172037374,0.4310226669199257,0.05230515028381172,,
deep,0,256,25,32,256,0.44448614544702103,0.40067386420139145,0.04381228124562958,,
deep,0,384,25,32,256,0.4631515648697427,0.4292449120864921,0.03390665278325056,,
deep,0,512,25,32,256,0.46165273028182174,0.4255891072484127,0.03606362303340904,,
deep,0,640,25,32,256,0.4686141883732502,0.41189945704022374,0.05671473133302646,,
deep,0,768,25,32,256,0.4743149513167829,0.40489993212501674,0.06941501919176618,,
deep,0,896,25,32,256,0.47141953962515104,0.43076880886029423,0.04065073076485681,,
deep,0,mean8,25,32,256,0.46703909435971125,0.41998473743795056,0.04705435692176069,8,8
deep,0,0,50,32,256,0.2652528535588482,0.20205370823604846,0.06319914532279974,,
deep,0,128,50,32,256,0.2727602582154983,0.20132233593927562,0.0714379222762227,,
deep,0,256,50,32,256,0.24842655708813965,0.17481291654642783,0.07361364054171182,,
deep,0,384,50,32,256,0.262494631359822,0.20199166435710997,0.060502967002712016,,
deep,0,512,50,32,256,0.2599847406178738,0.19636340490058177,0.06362133571729203,,
deep,0,640,50,32,256,0.2656548952799762,0.19068429008381166,0.07497060519616455,,
deep,0,768,50,32,256,0.2684756972307847,0.18325061627617384,0.08522508095461084,,
deep,0,896,50,32,256,0.2593031704157102,0.19603458186172973,0.06326858855398049,,
deep,0,mean8,50,32,256,0.2627941004708316,0.19331418977514486,0.06947991069568676,8,8
deep,0,0,100,32,256,0.11136697704590624,0.057303123124465075,0.05406385392144117,,
deep,0,128,100,32,256,0.11552974266474433,0.06476698153062317,0.05076276113412116,,
deep,0,256,100,32,256,0.11588129811563579,0.04457983656408924,0.07130146155154654,,
deep,0,384,100,32,256,0.1213717310174765,0.04899967757441431,0.07237205344306219,,
deep,0,512,100,32,256,0.12261273756085236,0.04407733011599764,0.07853540744485472,,
deep,0,640,100,32,256,0.09779790650164413,0.05455085163499326,0.043247054866650876,,
deep,0,768,100,32,256,0.12775199999001183,0.056692387932510774,0.07105961205750105,,
deep,0,896,100,32,256,0.10960974193867226,0.04511621592953355,0.06449352600913871,,
deep,0,mean8,100,32,256,0.11524026685436793,0.052010800550828365,0.06322946630353957,8,8
deep,0,0,200,32,256,0.04437290954277911,0.011191553533977733,0.03318135600880137,,
deep,0,128,200,32,256,0.038641031878243456,0.005383903399423951,0.03325712847881951,,
deep,0,256,200,32,256,0.0458418499894487,0.0016663227024880539,0.04417552728696065,,
deep,0,384,200,32,256,0.0437062354761881,-0.0032504667278264467,0.046956702204014544,,
deep,0,512,200,32,256,0.037504814796997216,0.007506950945181305,0.02999786385181591,,
deep,0,640,200,32,256,0.02074628022276594,0.008052866293825466,0.012693413928940474,,
deep,0,768,200,32,256,0.05906922936544297,0.018986621752475428,0.040082607612967544,,
deep,0,896,200,32,256,0.026791354413091648,0.009160130732589696,0.01763122368050195,,
deep,0,mean8,200,32,256,0.03958421321061965,0.007337235329016898,0.032246977881602745,8,8
deep,1,0,25,32,256,0.49303849464903887,0.4155591619645981,0.0774793326844408,,
deep,1,128,25,32,256,0.46818028884243856,0.4244231029538649,0.04375718588857369,,
deep,1,256,25,32,256,0.4862048390953118,0.4309377506522726,0.055267088443039236,,
deep,1,384,25,32,256,0.45347397877755413,0.3868742535646653,0.06659972521288882,,
deep,1,512,25,32,256,0.4897423987539887,0.43168662833643134,0.05805577041755733,,
deep,1,640,25,32,256,0.4870378451401237,0.42291584051761943,0.06412200462250428,,
deep,1,768,25,32,256,0.4839262358110534,0.41827470230169717,0.06565153350935621,,
deep,1,896,25,32,256,0.4814112602056172,0.43573190940606565,0.045679350799551544,,
deep,1,mean8,25,32,256,0.4803769176593907,0.4208004187121518,0.05957649894723893,8,8
deep,1,0,50,32,256,0.29147793331628924,0.18719867207615046,0.10427926124013878,,
deep,1,128,50,32,256,0.2656133871780508,0.19630445437683844,0.06930893280121234,,
deep,1,256,50,32,256,0.2837584819465836,0.21484250482117956,0.06891597712540404,,
deep,1,384,50,32,256,0.25724647983952303,0.16286730629760654,0.0943791735419165,,
deep,1,512,50,32,256,0.2913838401224526,0.19894533922950836,0.09243850089294425,,
deep,1,640,50,32,256,0.28743866370157295,0.20134766411627694,0.08609099958529601,,
deep,1,768,50,32,256,0.2895722829574855,0.19011607130030644,0.09945621165717905,,
deep,1,896,50,32,256,0.2873161873571989,0.20367979102175496,0.08363639633544392,,
deep,1,mean8,50,32,256,0.28172590705239453,0.19441272540495272,0.08731318164744181,8,8
deep,1,0,100,32,256,0.13169285458726968,0.0647969640457342,0.06689589054153547,,
deep,1,128,100,32,256,0.11257137358337965,0.05717823477823566,0.055393138805143995,,
deep,1,256,100,32,256,0.12290374434848042,0.055182887151954796,0.06772085719652562,,
deep,1,384,100,32,256,0.11301980952333769,0.048794602247945004,0.06422520727539269,,
deep,1,512,100,32,256,0.13796640356014145,0.04051672124592127,0.09744968231422019,,
deep,1,640,100,32,256,0.1159992060084192,0.056791917853704965,0.05920728815471424,,
deep,1,768,100,32,256,0.14035072581472408,0.05456515803232574,0.08578556778239833,,
deep,1,896,100,32,256,0.13754640992731315,0.0585529142905241,0.07899349563678905,,
deep,1,mean8,100,32,256,0.12650631591913317,0.05454742495579322,0.07195889096333995,8,8
deep,1,0,200,32,256,0.0612873699088821,0.010006395600527532,0.05128097430835457,,
deep,1,128,200,32,256,0.033789446763260525,0.007435745024945237,0.026353701738315288,,
deep,1,256,200,32,256,0.03650177502119229,0.017653866051367085,0.018847908969825206,,
deep,1,384,200,32,256,0.04128095987633899,0.0166267311040148,0.024654228772324194,,
deep,1,512,200,32,256,0.04428263788579809,-0.002544723246227591,0.04682736113202568,,
deep,1,640,200,32,256,0.030531675475242253,0.01806245189272948,0.012469223582512772,,
deep,1,768,200,32,256,0.04769021922818211,0.01217199335823201,0.0355182258699501,,
deep,1,896,200,32,256,0.03914947500859659,0.01229629552072123,0.026853179487875363,,
deep,1,mean8,200,32,256,0.04181419489593662,0.011463594413288722,0.0303506004826479,8,8
deep,2,0,25,32,256,0.4509434684816802,0.3866809677140921,0.0642625007675881,,
deep,2,128,25,32,256,0.4482867455863084,0.41149687815302094,0.03678986743328744,,
deep,2,256,25,32,256,0.46648643296743275,0.4121347011792635,0.054351731788169266,,
deep,2,384,25,32,256,0.4432679269249401,0.4051342223516908,0.03813370457324933,,
deep,2,512,25,32,256,0.45663495933911946,0.4117538415447319,0.04488111779438758,,
deep,2,640,25,32,256,0.4590519859490956,0.42571206652081134,0.03333991942828424,,
deep,2,768,25,32,256,0.4606878779101476,0.42371364186458715,0.03697423604556044,,
deep,2,896,25,32,256,0.4745049142628956,0.42998418694314366,0.04452072731975193,,
deep,2,mean8,25,32,256,0.4574830389277025,0.41332631328391767,0.04415672564378481,8,8
deep,2,0,50,32,256,0.25418263617043635,0.16181829892064442,0.09236433724979193,,
deep,2,128,50,32,256,0.2511790820767086,0.1777016304541192,0.07347745162258937,,
deep,2,256,50,32,256,0.26302365989170773,0.18403337620286112,0.07899028368884661,,
deep,2,384,50,32,256,0.24717239314306966,0.1808864037991469,0.06628598934392277,,
deep,2,512,50,32,256,0.26290578106080725,0.1827672188990419,0.08013856216176535,,
deep,2,640,50,32,256,0.2539771169100876,0.20571889718353636,0.048258219726551255,,
deep,2,768,50,32,256,0.24976796876284577,0.19537657029605204,0.05439139846679372,,
deep,2,896,50,32,256,0.2762640342010608,0.2072360587481727,0.06902797545288814,,
deep,2,mean8,50,32,256,0.2573090840270905,0.18694230681294685,0.07036677721414367,8,8
deep,2,0,100,32,256,0.11782410187964754,0.042833561730911525,0.07499054014873602,,
deep,2,128,100,32,256,0.1141281607510449,0.050536233115446555,0.06359192763559834,,
deep,2,256,100,32,256,0.12231488432846963,0.05715542692419167,0.06515945740427795,,
deep,2,384,100,32,256,0.10591779772971588,0.035649065288629496,0.07026873244108639,,
deep,2,512,100,32,256,0.12967503891265786,0.05200040324529169,0.07767463566736617,,
deep,2,640,100,32,256,0.10606899691931454,0.061132068323572805,0.044936928595741735,,
deep,2,768,100,32,256,0.09776742071888701,0.05091629719578246,0.046851123523104554,,
deep,2,896,100,32,256,0.1287924913997762,0.05491010323028616,0.07388238816949003,,
deep,2,mean8,100,32,256,0.1153111115799392,0.05064164488176404,0.06466946669817517,8,8
deep,2,0,200,32,256,0.026766043867392567,0.004050292434453135,0.022715751432939434,,
deep,2,128,200,32,256,0.03138362488732427,-0.0008320913744726864,0.03221571626179696,,
deep,2,256,200,32,256,0.029149875252687092,0.011764166728928872,0.01738570852375822,,
deep,2,384,200,32,256,0.022941093326900863,0.015297802534845797,0.007643290792055066,,
deep,2,512,200,32,256,0.03794328268727811,0.0035524729084115214,0.03439080977886659,,
deep,2,640,200,32,256,0.021703378393236165,0.011249930752557685,0.01045344764067848,,
deep,2,768,200,32,256,0.02082408101089816,0.02111228301281639,-0.00028820200191823075,,
deep,2,896,200,32,256,0.04074651862246534,0.0035450414987786803,0.037201477123686655,,
deep,2,mean8,200,32,256,0.02893223725602282,0.008717487312039925,0.020214749943982896,7,8
