target_id,architecture,m,replicate,sampler,chains,stage,burn_in_per_chain,calibration_per_chain,retained_per_chain,retained_total,saved_stride,archived_states_per_chain,likelihood_evals_per_chain_max,V_mean,V_sd,V_mcse,V_rhat,V_ess_bulk,V_ess_tail,V_split_half_drift_pass,all_observables_rhat_max,all_observables_ess_bulk_min,all_observables_ess_tail_min,n_observables,all_gates_pass,reference_pass,T_inspected_states,T_rhat,T_ess_bulk,T_ess_tail,T_q0.5,T_q0.95,T_q0.99,T_svd_backend_check_ok
shallow_m0064_r0,shallow,64,0,centered_full_state_elliptical_slice,4,reference_production_4,4096,2048,65536,262144,1,4096,402526,70.40280607285385,3.988164720036221,0.0728649267605137,1.0027455195776247,2193.3768706711685,5003.741891155898,True,1.0027455195776247,2188.1685446662054,4675.762580782165,26,True,True,,,,,,,,
shallow_m0064_r1,shallow,64,1,centered_full_state_elliptical_slice,4,reference_production_4,4096,2048,65536,262144,1,4096,414725,54.77678082598064,4.42553183245093,0.0837842931664523,1.0012212651046153,2076.346950512521,4290.840322560296,True,1.0024898461667664,1889.5720039535688,3778.900877497515,26,True,True,,,,,,,,
shallow_m0064_r2,shallow,64,2,centered_full_state_elliptical_slice,4,reference_production_4,4096,2048,65536,262144,1,4096,410987,66.102223992311,4.2295422307054364,0.0785973719523408,1.0023493966885868,2085.546247225254,3853.383997156432,True,1.0023645864303754,2061.779283545535,3853.383997156432,26,True,True,,,,,,,,
shallow_m0256_r0,shallow,256,0,centered_full_state_elliptical_slice,4,reference_production_4,4096,2048,65536,262144,1,4096,403413,70.9269000368146,3.801828486801262,0.0660379189796655,1.000635615015893,2716.695006047385,5140.726496309587,True,1.0020656255513538,2571.1837816472216,5140.726496309587,26,True,True,,,,,,,,
shallow_m0256_r1,shallow,256,1,centered_full_state_elliptical_slice,4,reference_production_4,4096,2048,65536,262144,1,4096,414600,56.32152429592984,4.38270698998166,0.0837217510817434,1.0025120343280518,2246.985674249622,4045.099054960355,True,1.0025120343280518,2178.6010844169236,4045.099054960355,26,True,True,,,,,,,,
shallow_m0256_r2,shallow,256,2,centered_full_state_elliptical_slice,4,reference_production_4,4096,2048,65536,262144,1,4096,406866,64.768912933118,4.00189153187635,0.0705736046023955,1.0012291266089892,2492.487802367127,4980.801856284588,True,1.0021480570962258,2191.5311170793434,4980.801856284588,26,True,True,,,,,,,,
shallow_m1024_r0,shallow,1024,0,centered_full_state_elliptical_slice,4,reference_production_4,4096,2048,65536,262144,1,4096,403077,70.23923090441237,3.861282572695912,0.0677255031663421,1.0007897040891882,2618.322238245454,5577.734963586208,True,1.0028418808802384,2457.3129855848993,5577.734963586208,26,True,True,,,,,,,,
shallow_m1024_r1,shallow,1024,1,centered_full_state_elliptical_slice,4,reference_production_4,4096,2048,65536,262144,1,4096,414988,56.53051980970702,4.26190564801224,0.0796099657426172,1.0023793827279297,2143.6300354974715,4191.5509664827905,True,1.0023793827279297,2129.5776788261933,4191.5509664827905,26,True,True,,,,,,,,
shallow_m1024_r2,shallow,1024,2,centered_full_state_elliptical_slice,4,reference_production_4,4096,2048,65536,262144,1,4096,406238,65.38732623823658,3.938137304473034,0.0690456064746784,1.0006396600357337,2591.294516536143,5668.109631668067,True,1.0016841403779757,2431.0368603238594,5293.9386098249,26,True,True,,,,,,,,
shallow_m4096_r0,shallow,4096,0,centered_full_state_elliptical_slice,4,reference_production_4,4096,2048,65536,262144,1,4096,402131,69.8956316588334,3.840431503279014,0.0660413155463494,1.002028233402227,2677.816473720941,5270.653743277741,True,1.002028233402227,2677.816473720941,5270.653743277741,26,True,True,,,,,,,,
shallow_m4096_r1,shallow,4096,1,centered_full_state_elliptical_slice,4,reference_production_4,4096,2048,65536,262144,1,4096,417420,56.63115982543139,4.239516256751887,0.0764938919988677,1.0034474194241518,2431.637693157412,5316.053500111571,True,1.0034474194241518,2034.582244633508,4598.474546320627,26,True,True,,,,,,,,
shallow_m4096_r2,shallow,4096,2,centered_full_state_elliptical_slice,4,reference_production_4,4096,2048,65536,262144,1,4096,407853,65.61602982205582,3.948178881403883,0.0689415079013732,1.0012662809820048,2632.2378223776577,5016.8614694015305,True,1.0039433775328592,2506.1875917687944,5016.8614694015305,26,True,True,,,,,,,,
deep_m0032_r0,deep,32,0,centered_full_state_elliptical_slice,4,reference_production_4,4096,2048,65536,262144,1,4096,413110,72.8673914381723,4.231290084713589,0.0827525402174618,1.0017204483945463,1679.621984929498,2773.1602662906007,True,1.002001605375047,1679.621984929498,2773.1602662906007,28,True,True,16384.0,1.0002184829351912,6468.036205798624,10716.10723252876,1.9081214752262543,2.0456272796156023,2.1116803360873457,True
deep_m0032_r1,deep,32,1,centered_full_state_elliptical_slice,4,reference_production_4,4096,2048,65536,262144,1,4096,436806,59.23049579006088,5.240741814250223,0.114625086340888,1.0020987493268143,1308.1602872005494,2953.7099658927687,True,1.002634485131,1116.170204530099,2376.6737184042618,28,True,True,16384.0,1.000465162609513,5172.104146112059,8512.946070719014,1.9134551940187738,2.0534791453906838,2.1196243555069327,True
deep_m0032_r2,deep,32,2,centered_full_state_elliptical_slice,4,reference_production_4,4096,2048,65536,262144,1,4096,419884,70.30919198692543,4.576403699431612,0.0943577851625692,1.002438394788953,1541.5230686620707,2699.1834806748448,True,1.0051333611895292,1541.5230686620707,2699.1834806748448,28,True,True,16384.0,1.00027882120054,6730.641955576104,10013.3049688404,1.9079673499569194,2.0467714759355786,2.1089455147854697,True
deep_m0064_r0,deep,64,0,centered_full_state_elliptical_slice,4,reference_production_4,4096,2048,65536,262144,1,4096,411319,74.75158607854635,3.928829537982137,0.07013546832768,1.0023019039760586,2364.14994456251,4602.921629639144,True,1.0023019039760586,2101.118662308743,4118.205426279412,28,True,True,16384.0,1.000331267047904,7951.705460908662,12048.375487177032,1.9430796369483303,2.03093212091038,2.072114593636631,True
deep_m0064_r1,deep,64,1,centered_full_state_elliptical_slice,4,reference_production_4,4096,2048,65536,262144,1,4096,431791,60.37034987378046,4.8160123464578195,0.1017441493148004,1.0039026985489288,1538.9676344325524,2615.5760369812792,True,1.0039026985489288,1200.9086726417445,2615.5760369812792,28,True,True,16384.0,1.0002270104523026,5547.940706993987,9692.819353795532,1.9443303144905189,2.03152462221634,2.0775480084639026,True
deep_m0064_r2,deep,64,2,centered_full_state_elliptical_slice,4,reference_production_4,4096,2048,65536,262144,1,4096,419009,70.30400966015301,4.321912668281347,0.0838773548356701,1.0006331959417367,1935.964616499086,3244.7372109633197,True,1.0037521007048569,1540.4154426049106,3244.7372109633197,28,True,True,16384.0,1.0006901932743666,7721.550594851554,11491.870444720504,1.941972892316564,2.0302360921633857,2.0727552566080405,True
deep_m0128_r0,deep,128,0,centered_full_state_elliptical_slice,4,reference_production_4,4096,2048,65536,262144,1,4096,409986,75.2116261400829,3.708015215452276,0.0619139700466907,1.0012690364547558,2948.010623208989,5566.415208463402,True,1.0042504723672103,2128.3074711147024,4220.263404308102,28,True,True,16384.0,1.0001593156814634,9447.532647660875,12989.571877090297,1.9647619204694236,2.0202773066843527,2.0464509393935764,True
deep_m0128_r1,deep,128,1,centered_full_state_elliptical_slice,4,reference_production_4,4096,2048,65536,262144,1,4096,430675,63.15890688309795,4.4698155303715135,0.0890951110303436,1.001702698344711,1723.9532496806842,3899.0852159172646,True,1.0037999179439567,1530.9772634538815,2989.559811019873,28,True,True,16384.0,1.000238288152455,7460.055482781067,11792.794710464364,1.9651272161523605,2.020284653742529,2.0470826521830174,True
deep_m0128_r2,deep,128,2,centered_full_state_elliptical_slice,4,reference_production_4,4096,2048,65536,262144,1,4096,417963,70.15265448257284,3.979342053924824,0.0700541996504343,1.0005894058060585,2475.249743726484,4577.430700033654,True,1.0026256571456085,1849.222835957136,4259.643707786271,28,True,True,16384.0,1.0003648718507487,9219.690588224934,12951.329732920463,1.964646240848769,2.0201946871779555,2.0464512889534507,True
deep_m0256_r0,deep,256,0,centered_full_state_elliptical_slice,4,reference_production_4,4096,2048,65536,262144,1,4096,408041,75.28246510563017,3.7174856652375894,0.0615142100002487,1.0010470091972403,2890.155340993451,5122.4724021161255,True,1.0020137187034095,2504.16241593718,4572.130145122607,28,True,True,16384.0,1.0004470005306931,9861.483644305636,13521.259943155805,1.9778979858026637,2.0129100245102545,2.029472024304522,True
deep_m0256_r1,deep,256,1,centered_full_state_elliptical_slice,4,reference_production_4,4096,2048,65536,262144,1,4096,430657,63.71149491349877,4.309476785341511,0.079032740916127,1.0013066565457127,2220.901329166412,4109.721023007115,True,1.001980836311973,1752.226217330176,3574.4805607687963,28,True,True,16384.0,1.0000589560682611,9406.54321283574,13085.310484820113,1.978177054992609,2.0125970101222364,2.0283839203838565,True
deep_m0256_r2,deep,256,2,centered_full_state_elliptical_slice,4,reference_production_4,4096,2048,65536,262144,1,4096,417058,69.98729221054353,3.827919047241183,0.0655924189635848,1.0011800838477627,2492.2719417974854,5391.349494543902,True,1.001927631286913,2049.7615464453324,4768.146158458971,28,True,True,16384.0,1.0005340044101876,9725.155734215725,14096.176167947448,1.978279986997273,2.0127253854696145,2.0289742444580137,True
