target_id,architecture,m,replicate,h,window,iteration_start,iteration_end,observable,rhat,ess_bulk,ess_tail,mean,sd,first_half_mean,second_half_mean,max_split_half_shift_mcse,drift_flag,valid,reasons,acceptance,max_rejection_streak,analysis,duration,transitions
shallow_m0064_r0,shallow,64,0,0.01,102400.0,2001,104400,V,1.001133148573277,4199.362762174539,10256.710217390606,70.34751361720392,3.934393406713396,70.31695925993236,70.37806797447548,1.1863823839446705,False,True,,0.9929248046875,3,S1_prediction_acf,,
shallow_m0064_r0,shallow,64,0,0.01,102400.0,2001,104400,test_prob_0,1.0013053410628596,4017.456351375391,9741.1401040669,0.5015999629716671,0.1810676408098613,0.5000704640887327,0.5031294618546015,1.8042459992827977,False,True,,0.9929248046875,3,S1_prediction_acf,,
shallow_m0064_r0,shallow,64,0,0.01,102400.0,2001,104400,test_prob_128,1.0004187714052466,3772.181909943921,9923.558540862303,0.6485951722548176,0.17169813786342777,0.6486656591691241,0.6485246853405114,0.926918728994506,False,True,,0.9929248046875,3,S1_prediction_acf,,
shallow_m0064_r0,shallow,64,0,0.01,102400.0,2001,104400,test_prob_256,1.00074697462502,3969.738990316058,10066.80923150736,0.689847605259966,0.15684104659916157,0.6879004949430153,0.6917947155769173,1.3761578562606556,False,True,,0.9929248046875,3,S1_prediction_acf,,
shallow_m0064_r0,shallow,64,0,0.01,102400.0,2001,104400,test_prob_384,1.0009377914785096,4052.6247197024363,9023.466212529798,0.30446299939338917,0.1568758047383039,0.30853341467571754,0.3003925841110606,2.587083290434631,False,True,,0.9929248046875,3,S1_prediction_acf,,
shallow_m0064_r0,shallow,64,0,0.01,102400.0,2001,104400,test_prob_512,1.0011069037258609,3810.332689452757,8854.779425389515,0.6380425150158542,0.1700157120189297,0.6374940913529967,0.6385909386787115,2.5400636086485258,False,True,,0.9929248046875,3,S1_prediction_acf,,
shallow_m0064_r0,shallow,64,0,0.01,102400.0,2001,104400,test_prob_640,1.0005028674167056,3958.912546765185,10346.499642353861,0.32835320420543396,0.16221684352019977,0.3271045667504579,0.3296018416604099,0.996019729362107,False,True,,0.9929248046875,3,S1_prediction_acf,,
shallow_m0064_r0,shallow,64,0,0.01,102400.0,2001,104400,test_prob_768,1.0005356921157003,4201.784480439461,9285.59367760179,0.5239294362213531,0.17942327606375047,0.5222408959246042,0.5256179765181023,1.1073861475880986,False,True,,0.9929248046875,3,S1_prediction_acf,,
shallow_m0064_r0,shallow,64,0,0.01,102400.0,2001,104400,test_prob_896,1.0006986440297927,4335.595111987915,10292.02132439613,0.5335183075160351,0.1812867535462852,0.5366153909569418,0.5304212240751289,1.5336248442280451,False,True,,0.9929248046875,3,S1_prediction_acf,,
shallow_m0064_r1,shallow,64,1,0.01,102400.0,104401,206800,V,1.0009623523084328,4198.740819114941,10044.411956660042,54.942315464611305,4.493824557034752,54.95073264586985,54.93389828335271,2.292184213005468,False,True,,0.9933642578125,2,S1_prediction_acf,,
shallow_m0064_r1,shallow,64,1,0.01,102400.0,104401,206800,test_prob_0,1.0011314044225694,3749.146788854832,9491.116517726121,0.5288669605485956,0.18578223459206109,0.5287689952723603,0.5289649258248307,2.326670904456419,False,True,,0.9933642578125,2,S1_prediction_acf,,
shallow_m0064_r1,shallow,64,1,0.01,102400.0,104401,206800,test_prob_128,1.0005391929395266,4278.756256369292,10090.055038889574,0.3204144935859236,0.16488014321541627,0.3197474003418855,0.32108158682996174,1.1711563356872792,False,True,,0.9933642578125,2,S1_prediction_acf,,
shallow_m0064_r1,shallow,64,1,0.01,102400.0,104401,206800,test_prob_256,1.0010143948862453,4097.095294801055,9137.876622700946,0.4254940767507815,0.18492352683671673,0.4273028464684289,0.42368530703313406,1.5741838722638648,False,True,,0.9933642578125,2,S1_prediction_acf,,
shallow_m0064_r1,shallow,64,1,0.01,102400.0,104401,206800,test_prob_384,1.0005237803225262,4118.92310997376,9559.23420178269,0.8137440900503564,0.11970191293458865,0.8157440511337571,0.8117441289669556,1.5401232652922388,False,True,,0.9933642578125,2,S1_prediction_acf,,
shallow_m0064_r1,shallow,64,1,0.01,102400.0,104401,206800,test_prob_512,1.0019309581818012,3379.1393815245438,8287.85670107723,0.4948429957442363,0.18970118721117749,0.4858539184291895,0.5038320730592829,2.871432855565183,False,True,,0.9933642578125,2,S1_prediction_acf,,
shallow_m0064_r1,shallow,64,1,0.01,102400.0,104401,206800,test_prob_640,1.0015712625309512,3521.608651768273,8810.06564143472,0.6126180343941918,0.18181562451203026,0.6069090378470721,0.6183270309413116,3.4448952883168964,False,True,,0.9933642578125,2,S1_prediction_acf,,
shallow_m0064_r1,shallow,64,1,0.01,102400.0,104401,206800,test_prob_768,1.0014619455775378,3589.634175113076,9115.235931712985,0.48867501336784813,0.18568048776844928,0.4964925138879535,0.48085751284774303,2.7297234150105636,False,True,,0.9933642578125,2,S1_prediction_acf,,
shallow_m0064_r1,shallow,64,1,0.01,102400.0,104401,206800,test_prob_896,1.0007475125607197,3760.892787383161,9669.961673231188,0.5633171098948193,0.187410611726498,0.5629431129132229,0.5636911068764155,1.236929513834023,False,True,,0.9933642578125,2,S1_prediction_acf,,
shallow_m0064_r2,shallow,64,2,0.01,102400.0,2001,104400,V,1.0006331357020632,4339.889133014393,10362.05868635572,66.1886891183671,4.197537742210855,66.2184669820922,66.15891125464199,1.2715052875604238,False,True,,0.99312255859375,2,S1_prediction_acf,,
shallow_m0064_r2,shallow,64,2,0.01,102400.0,2001,104400,test_prob_0,1.0008433626841982,4248.847369046494,10196.054851853478,0.41291219047825656,0.17180011478587673,0.40885720775631973,0.4169671732001936,2.151847946055644,False,True,,0.99312255859375,2,S1_prediction_acf,,
shallow_m0064_r2,shallow,64,2,0.01,102400.0,2001,104400,test_prob_128,1.0004783122630978,3946.305144777453,9623.210933879513,0.40694939220894866,0.171205709031424,0.4083755183841484,0.4055232660337489,1.6896231687437948,False,True,,0.99312255859375,2,S1_prediction_acf,,
shallow_m0064_r2,shallow,64,2,0.01,102400.0,2001,104400,test_prob_256,1.0004673618193152,4364.648268192892,10300.597783848896,0.7748427910058099,0.13492264316302535,0.7763854331095853,0.773300148902035,1.4589918908494022,False,True,,0.99312255859375,2,S1_prediction_acf,,
shallow_m0064_r2,shallow,64,2,0.01,102400.0,2001,104400,test_prob_384,1.0013590397262104,4280.1014359834335,9728.073872835539,0.8420009572832133,0.10362992671835375,0.843432357474903,0.8405695570915235,1.7512187866971614,False,True,,0.99312255859375,2,S1_prediction_acf,,
shallow_m0064_r2,shallow,64,2,0.01,102400.0,2001,104400,test_prob_512,1.001402532998565,3974.153452839217,10786.633841576964,0.3925720639644543,0.17380131092716464,0.39675752549962195,0.3883866024292865,2.371587445304036,False,True,,0.99312255859375,2,S1_prediction_acf,,
shallow_m0064_r2,shallow,64,2,0.01,102400.0,2001,104400,test_prob_640,1.0009137731335398,3499.326404120827,8466.19957278498,0.7218664588092938,0.1528982133793862,0.7183264001770108,0.7254065174415768,2.154623574288983,False,True,,0.99312255859375,2,S1_prediction_acf,,
shallow_m0064_r2,shallow,64,2,0.01,102400.0,2001,104400,test_prob_768,1.00188792592549,4304.372800281194,10139.60119981884,0.7306922373197,0.14855926459454483,0.7314555045190778,0.7299289701203222,1.8014334820171702,False,True,,0.99312255859375,2,S1_prediction_acf,,
shallow_m0064_r2,shallow,64,2,0.01,102400.0,2001,104400,test_prob_896,1.0021687824952643,4131.064399675224,9492.346728402616,0.45027838478060234,0.182024042228778,0.4542300049185352,0.4463267646426695,2.116830441468157,False,True,,0.99312255859375,2,S1_prediction_acf,,
shallow_m0256_r0,shallow,256,0,0.01,102400.0,2001,104400,V,1.0009613783236353,5124.611231265614,12758.16624682661,70.9121904690912,3.8937491592646234,70.91312340908215,70.9112575291003,1.9851219190132083,False,True,,0.9931640625,2,S1_prediction_acf,,
shallow_m0256_r0,shallow,256,0,0.01,102400.0,2001,104400,test_prob_0,1.0018231038444834,4208.163976172316,10129.822897945127,0.49968305430708854,0.18297274950902306,0.5032286602722089,0.4961374483419678,1.8454492621766563,False,True,,0.9931640625,2,S1_prediction_acf,,
shallow_m0256_r0,shallow,256,0,0.01,102400.0,2001,104400,test_prob_128,1.0011727762239806,3895.0222506794653,9329.453586780182,0.6721532265809768,0.1666710904294528,0.6697957635753514,0.6745106895866022,2.5638057207345857,False,True,,0.9931640625,2,S1_prediction_acf,,
shallow_m0256_r0,shallow,256,0,0.01,102400.0,2001,104400,test_prob_256,1.0007310515670635,4227.6426394883065,10120.05202638751,0.7068754655124572,0.15194565956740574,0.7071407154434753,0.7066102155814385,1.473643809270987,False,True,,0.9931640625,2,S1_prediction_acf,,
shallow_m0256_r0,shallow,256,0,0.01,102400.0,2001,104400,test_prob_384,1.0011368115299126,4213.656902193862,9978.35713059157,0.2998847725113887,0.15825010095662023,0.3032060162890048,0.29656352873377284,3.0994852457250244,False,True,,0.9931640625,2,S1_prediction_acf,,
shallow_m0256_r0,shallow,256,0,0.01,102400.0,2001,104400,test_prob_512,1.0017278667496186,4541.801152087501,9727.930900879524,0.6744304335841249,0.16089467354534856,0.668581790768055,0.6802790764001947,2.1442825952005964,False,True,,0.9931640625,2,S1_prediction_acf,,
shallow_m0256_r0,shallow,256,0,0.01,102400.0,2001,104400,test_prob_640,1.0010667896550576,4244.540293075611,9954.475933204594,0.35285233798700055,0.16579731207815468,0.3515118522746128,0.3541928236993885,2.1137140129862058,False,True,,0.9931640625,2,S1_prediction_acf,,
shallow_m0256_r0,shallow,256,0,0.01,102400.0,2001,104400,test_prob_768,1.001858580503976,4429.075876470352,10512.999440813126,0.5085034368960638,0.17936449764033952,0.5108148730118343,0.5061920007802934,2.852241434726557,False,True,,0.9931640625,2,S1_prediction_acf,,
shallow_m0256_r0,shallow,256,0,0.01,102400.0,2001,104400,test_prob_896,1.000966091753766,3826.7053488780593,8831.659785833248,0.48519086943917694,0.18121251574643196,0.48380096664769473,0.4865807722306589,1.3035516452954632,False,True,,0.9931640625,2,S1_prediction_acf,,
shallow_m0256_r1,shallow,256,1,0.01,102400.0,2001,104400,V,1.001649068198625,4953.141161725509,11913.634940854108,56.28349773173178,4.219522497801832,56.366458133253815,56.20053733020973,2.689812033166927,False,True,,0.99397216796875,2,S1_prediction_acf,,
shallow_m0256_r1,shallow,256,1,0.01,102400.0,2001,104400,test_prob_0,1.0012048015137942,4032.031015150981,9845.6981191098,0.5248208931791919,0.18090878522979226,0.5325263127039573,0.5171154736544262,1.9348678544048163,False,True,,0.99397216796875,2,S1_prediction_acf,,
shallow_m0256_r1,shallow,256,1,0.01,102400.0,2001,104400,test_prob_128,1.0010918504980408,4327.226853630953,10766.40728312157,0.31034648608754384,0.15915723199457346,0.31469791864615093,0.30599505352893663,2.627196956362949,False,True,,0.99397216796875,2,S1_prediction_acf,,
shallow_m0256_r1,shallow,256,1,0.01,102400.0,2001,104400,test_prob_256,1.000778327701577,4355.92661096115,9060.899959131915,0.45308946777214465,0.1804971439201506,0.44998932899500077,0.4561896065492884,1.9868602054314097,False,True,,0.99397216796875,2,S1_prediction_acf,,
shallow_m0256_r1,shallow,256,1,0.01,102400.0,2001,104400,test_prob_384,1.0013542320314808,4480.56699217488,10785.841772172756,0.7873353042562679,0.1223617571561762,0.7888490352924044,0.7858215732201314,1.4589452984077749,False,True,,0.99397216796875,2,S1_prediction_acf,,
shallow_m0256_r1,shallow,256,1,0.01,102400.0,2001,104400,test_prob_512,1.0004291378918237,3799.9175467130667,8774.113416869155,0.4744613763642149,0.18403326729783714,0.47375785373016394,0.4751648989982658,0.9024803349040363,False,True,,0.99397216796875,2,S1_prediction_acf,,
shallow_m0256_r1,shallow,256,1,0.01,102400.0,2001,104400,test_prob_640,1.0010122563152455,4088.2114222268237,9616.03379649842,0.5652996970560532,0.18270283624869202,0.5658451547089519,0.5647542394031548,0.7657936804628311,False,True,,0.99397216796875,2,S1_prediction_acf,,
shallow_m0256_r1,shallow,256,1,0.01,102400.0,2001,104400,test_prob_768,1.0010125468794986,4009.1831508084083,9563.014577666027,0.5210823996996475,0.1821133637166862,0.520152343939705,0.5220124554595903,1.284819458120148,False,True,,0.99397216796875,2,S1_prediction_acf,,
shallow_m0256_r1,shallow,256,1,0.01,102400.0,2001,104400,test_prob_896,1.0009570080616075,4294.811292577894,9520.623336461851,0.5147972413644166,0.18409162040742,0.520113142410531,0.5094813403183027,2.221422580765353,False,True,,0.99397216796875,2,S1_prediction_acf,,
shallow_m0256_r2,shallow,256,2,0.01,102400.0,2001,104400,V,1.0006387898057998,5236.953654110537,12478.726092697858,64.6963888751536,4.003537523488994,64.61811001617562,64.77466773413157,2.027617667001898,False,True,,0.99358154296875,2,S1_prediction_acf,,
shallow_m0256_r2,shallow,256,2,0.01,102400.0,2001,104400,test_prob_0,1.0012268377934912,4868.1867225078695,11562.82305559255,0.42689748648958487,0.17110414218957865,0.4295017375397469,0.42429323543942243,2.238231020323822,False,True,,0.99358154296875,2,S1_prediction_acf,,
shallow_m0256_r2,shallow,256,2,0.01,102400.0,2001,104400,test_prob_128,1.0003639995920413,4689.967884381064,10788.780990660634,0.4429139721038597,0.17600805283856752,0.44232164179297156,0.4435063024147477,0.9873446817474227,False,True,,0.99358154296875,2,S1_prediction_acf,,
shallow_m0256_r2,shallow,256,2,0.01,102400.0,2001,104400,test_prob_256,1.0001864247930587,4658.310745450031,10795.31088865974,0.7516113329014317,0.14267556302038847,0.7521387778492222,0.7510838879536409,0.8937377594625188,False,True,,0.99358154296875,2,S1_prediction_acf,,
shallow_m0256_r2,shallow,256,2,0.01,102400.0,2001,104400,test_prob_384,1.001381958286648,4374.3502192148735,10040.707088646188,0.8484320026836943,0.10094399745299835,0.8513199745815967,0.8455440307857921,1.5554911980885382,False,True,,0.99358154296875,2,S1_prediction_acf,,
shallow_m0256_r2,shallow,256,2,0.01,102400.0,2001,104400,test_prob_512,1.0011292489608727,4506.735147717653,10837.121160175348,0.39595136698236927,0.17204101982685857,0.39933745172675694,0.39256528223798154,2.1635444264556023,False,True,,0.99358154296875,2,S1_prediction_acf,,
shallow_m0256_r2,shallow,256,2,0.01,102400.0,2001,104400,test_prob_640,1.001602148871825,4857.842762898857,10496.169279664662,0.7377939554185722,0.14529611094959097,0.7390358631288788,0.7365520477082654,2.6157236415995264,False,True,,0.99358154296875,2,S1_prediction_acf,,
shallow_m0256_r2,shallow,256,2,0.01,102400.0,2001,104400,test_prob_768,1.0007688959016716,4617.956564990256,10517.695921335862,0.7351542709961625,0.14886957255823574,0.7352732367584041,0.7350353052339212,0.5881043539594353,False,True,,0.99358154296875,2,S1_prediction_acf,,
shallow_m0256_r2,shallow,256,2,0.01,102400.0,2001,104400,test_prob_896,1.0003381825309463,4320.953555046068,9064.99181612989,0.4018891964676036,0.17740364671808906,0.40194936643035495,0.4018290265048522,1.0105425191309496,False,True,,0.99358154296875,2,S1_prediction_acf,,
shallow_m1024_r0,shallow,1024,0,0.01,102400.0,2001,104400,V,1.0005917356291913,5647.375154074033,13672.801084630055,70.1583970202865,3.8255471712374165,70.16135179631064,70.15544224426236,1.1565174022497264,False,True,,0.99352783203125,2,S1_prediction_acf,,
shallow_m1024_r0,shallow,1024,0,0.01,102400.0,2001,104400,test_prob_0,1.000717280260121,4347.368413289875,9709.917747314423,0.518563204262923,0.18052888727835842,0.5179203455563948,0.5192060629694512,2.119863441552864,False,True,,0.99352783203125,2,S1_prediction_acf,,
shallow_m1024_r0,shallow,1024,0,0.01,102400.0,2001,104400,test_prob_128,1.0010977783714818,4471.399081598536,9744.36436245819,0.6438051405454049,0.17114095293541998,0.644992984924632,0.6426172961661778,1.9765898561250885,False,True,,0.99352783203125,2,S1_prediction_acf,,
shallow_m1024_r0,shallow,1024,0,0.01,102400.0,2001,104400,test_prob_256,1.0008949398598879,4491.426396798416,10896.90511902056,0.712120950094971,0.1493810975001648,0.7162862527599354,0.7079556474300067,1.746448883368067,False,True,,0.99352783203125,2,S1_prediction_acf,,
shallow_m1024_r0,shallow,1024,0,0.01,102400.0,2001,104400,test_prob_384,1.0005579657735855,4694.27322122738,10865.973587307904,0.29859803374002764,0.15694313806062096,0.2989938877036337,0.29820217977642177,1.1244956665668886,False,True,,0.99352783203125,2,S1_prediction_acf,,
shallow_m1024_r0,shallow,1024,0,0.01,102400.0,2001,104400,test_prob_512,1.0011489546100196,4296.2762933668955,11082.099274357703,0.6467298692789558,0.16768986531295776,0.6445413411168383,0.6489183974410736,2.2674029684341015,False,True,,0.99352783203125,2,S1_prediction_acf,,
shallow_m1024_r0,shallow,1024,0,0.01,102400.0,2001,104400,test_prob_640,1.0009422789305416,4039.2898057338607,10802.938843283137,0.34942031744992486,0.16539097201617758,0.3539986358174976,0.34484199908235236,1.774556793102829,False,True,,0.99352783203125,2,S1_prediction_acf,,
shallow_m1024_r0,shallow,1024,0,0.01,102400.0,2001,104400,test_prob_768,1.0005860719468804,4124.82842815393,9939.83792762923,0.5061226961353134,0.178823016243939,0.5075037247896274,0.5047416674809999,0.40889170042245987,False,True,,0.99352783203125,2,S1_prediction_acf,,
shallow_m1024_r0,shallow,1024,0,0.01,102400.0,2001,104400,test_prob_896,1.0003643615432407,4613.65491376184,10456.499125981585,0.508216622181933,0.18078788798498863,0.5076011264390431,0.5088321179248227,0.5661240970853298,False,True,,0.99352783203125,2,S1_prediction_acf,,
shallow_m1024_r1,shallow,1024,1,0.01,102400.0,2001,104400,V,1.0011049708812505,4783.128674453501,11494.992454445215,56.629573391450194,4.2337521625662555,56.54432621282049,56.714820570079894,2.668001322601528,False,True,,0.9940673828125,2,S1_prediction_acf,,
shallow_m1024_r1,shallow,1024,1,0.01,102400.0,2001,104400,test_prob_0,1.000839422140882,4365.205731385159,9174.85813685951,0.5266680722203676,0.1801915378913245,0.5300484117708469,0.5232877326698882,0.9662480030593381,False,True,,0.9940673828125,2,S1_prediction_acf,,
shallow_m1024_r1,shallow,1024,1,0.01,102400.0,2001,104400,test_prob_128,1.0007656641354963,4644.332957011301,10821.464635178185,0.30869649615517303,0.1565002900252891,0.31211470471413294,0.3052782875962131,2.3390253133839143,False,True,,0.9940673828125,2,S1_prediction_acf,,
shallow_m1024_r1,shallow,1024,1,0.01,102400.0,2001,104400,test_prob_256,1.0017984777402165,4426.502029726702,10798.857745379946,0.45062500626916796,0.1803295834265931,0.44503050334588123,0.4562195091924545,2.0589439986594367,False,True,,0.9940673828125,2,S1_prediction_acf,,
shallow_m1024_r1,shallow,1024,1,0.01,102400.0,2001,104400,test_prob_384,1.0003761785349659,4531.050056509303,10545.784932850009,0.7865630402316408,0.12610447454817464,0.7861792114465775,0.7869468690167042,0.6731328054287871,False,True,,0.9940673828125,2,S1_prediction_acf,,
shallow_m1024_r1,shallow,1024,1,0.01,102400.0,2001,104400,test_prob_512,1.0003881765392746,4192.498769568622,9425.930288536487,0.48485965728460484,0.18276005352838964,0.4876943568136732,0.4820249577555368,1.134045160555309,False,True,,0.9940673828125,2,S1_prediction_acf,,
shallow_m1024_r1,shallow,1024,1,0.01,102400.0,2001,104400,test_prob_640,1.000949699476919,4228.487747302502,10023.295088387064,0.5978701149443847,0.17741008562182548,0.5979514848223603,0.5977887450664092,1.001363319493914,False,True,,0.9940673828125,2,S1_prediction_acf,,
shallow_m1024_r1,shallow,1024,1,0.01,102400.0,2001,104400,test_prob_768,1.0008866373384935,4393.965779965401,10828.873526843892,0.5202238011014275,0.1787444091802552,0.5268495327014034,0.5135980695014515,1.9769281469887527,False,True,,0.9940673828125,2,S1_prediction_acf,,
shallow_m1024_r1,shallow,1024,1,0.01,102400.0,2001,104400,test_prob_896,1.0014803558699907,4548.260928925028,9938.795431469523,0.4953811586856885,0.1817883234609625,0.49526160133477676,0.4955007160366,0.5275735483665465,False,True,,0.9940673828125,2,S1_prediction_acf,,
shallow_m1024_r2,shallow,1024,2,0.01,102400.0,2001,104400,V,1.000169456323495,5549.295529635626,12676.643204417718,65.3635765275979,3.9701357685203194,65.38500566848089,65.34214738671493,0.5140133597564354,False,True,,0.99354248046875,2,S1_prediction_acf,,
shallow_m1024_r2,shallow,1024,2,0.01,102400.0,2001,104400,test_prob_0,1.0007695414725295,4669.562781740682,10631.005132845348,0.41185672757808356,0.1714750261220473,0.41261445181603607,0.4110990033401315,1.4204384475880336,False,True,,0.99354248046875,2,S1_prediction_acf,,
shallow_m1024_r2,shallow,1024,2,0.01,102400.0,2001,104400,test_prob_128,1.0013143577464303,4192.15786712597,11501.655135701507,0.43094669600777985,0.17208377908032882,0.43663169696294024,0.4252616950526192,2.1331977871456433,False,True,,0.99354248046875,2,S1_prediction_acf,,
shallow_m1024_r2,shallow,1024,2,0.01,102400.0,2001,104400,test_prob_256,1.0003496924580464,4760.11408401244,10156.043403809877,0.7472767366927962,0.14139650318247962,0.7472802650805913,0.7472732083050012,1.0373353211916052,False,True,,0.99354248046875,2,S1_prediction_acf,,
shallow_m1024_r2,shallow,1024,2,0.01,102400.0,2001,104400,test_prob_384,1.0007451104260223,4273.319388659574,10611.67901002839,0.8492008206968157,0.09966460278559437,0.8470157652979631,0.851385876095668,1.9018115570239236,False,True,,0.99354248046875,2,S1_prediction_acf,,
shallow_m1024_r2,shallow,1024,2,0.01,102400.0,2001,104400,test_prob_512,1.0004609470360497,4311.624645768933,11340.968434454788,0.3976699959769783,0.1698295603265658,0.39831061538497736,0.39702937656897963,1.677831615288153,False,True,,0.99354248046875,2,S1_prediction_acf,,
shallow_m1024_r2,shallow,1024,2,0.01,102400.0,2001,104400,test_prob_640,1.0007089791741437,4377.86259431504,9968.843924415627,0.7480984265448802,0.14184345218320196,0.7464694591960306,0.74972739389373,1.3833616131803772,False,True,,0.99354248046875,2,S1_prediction_acf,,
shallow_m1024_r2,shallow,1024,2,0.01,102400.0,2001,104400,test_prob_768,1.0014614742740848,4348.457826102101,10197.336572475506,0.7368023020255563,0.14624528141922363,0.7400026624271071,0.7336019416240057,2.903885460179162,False,True,,0.99354248046875,2,S1_prediction_acf,,
shallow_m1024_r2,shallow,1024,2,0.01,102400.0,2001,104400,test_prob_896,1.0016844020578524,4010.936984704287,10052.731980250252,0.44633290205806,0.18107297976845416,0.4453833556823901,0.4472824484337299,1.9719915411621356,False,True,,0.99354248046875,2,S1_prediction_acf,,
shallow_m4096_r0,shallow,4096,0,0.01,102400.0,2001,104400,V,1.0006542312293591,5709.119269687706,13349.16477537729,69.96740499470071,3.771886788307885,69.90863184187211,70.0261781475293,1.856073385348618,False,True,,0.9935986328125,2,S1_prediction_acf,,
shallow_m4096_r0,shallow,4096,0,0.01,102400.0,2001,104400,test_prob_0,1.0020167586487767,4355.872073164189,11082.38345931221,0.5200800712460846,0.18165524313534442,0.5244869344039931,0.515673208088176,2.879306105556648,False,True,,0.9935986328125,2,S1_prediction_acf,,
shallow_m4096_r0,shallow,4096,0,0.01,102400.0,2001,104400,test_prob_128,1.0008444741639468,4272.394679420162,10663.051736410485,0.6477649911153398,0.1694306949385217,0.6432541897383124,0.6522757924923672,2.1329761359899675,False,True,,0.9935986328125,2,S1_prediction_acf,,
shallow_m4096_r0,shallow,4096,0,0.01,102400.0,2001,104400,test_prob_256,1.000375727035724,4115.081867986859,9774.381036617895,0.7165814575102379,0.14956898078634295,0.7176834995305047,0.7154794154899717,0.8146400818844132,False,True,,0.9935986328125,2,S1_prediction_acf,,
shallow_m4096_r0,shallow,4096,0,0.01,102400.0,2001,104400,test_prob_384,1.0008186784275774,4363.444413761213,9969.527017099352,0.3059577524738083,0.15879464830963794,0.30710535680548956,0.30481014814212704,1.2693804466333685,False,True,,0.9935986328125,2,S1_prediction_acf,,
shallow_m4096_r0,shallow,4096,0,0.01,102400.0,2001,104400,test_prob_512,1.0009552057160038,4164.491473909256,10969.547720627668,0.6442355011804157,0.16619796541757215,0.6420092496375349,0.6464617527232965,2.139999327714613,False,True,,0.9935986328125,2,S1_prediction_acf,,
shallow_m4096_r0,shallow,4096,0,0.01,102400.0,2001,104400,test_prob_640,1.0011346305021211,4750.626192177142,10648.907408926041,0.34558174515315576,0.16464161843969022,0.3444985038703707,0.3466649864359408,1.228120629915568,False,True,,0.9935986328125,2,S1_prediction_acf,,
shallow_m4096_r0,shallow,4096,0,0.01,102400.0,2001,104400,test_prob_768,1.0009798444473785,4657.473588048846,10770.581960088513,0.5087282862375602,0.18128900275830967,0.5070517093985272,0.5104048630765934,1.6162927121635293,False,True,,0.9935986328125,2,S1_prediction_acf,,
shallow_m4096_r0,shallow,4096,0,0.01,102400.0,2001,104400,test_prob_896,1.0019064285992263,4757.987655815668,10299.499972942445,0.5079893404327797,0.18002108149109242,0.513672459465219,0.5023062214003402,2.9039168471028076,False,True,,0.9935986328125,2,S1_prediction_acf,,
shallow_m4096_r1,shallow,4096,1,0.01,102400.0,2001,104400,V,1.0007041333907216,5212.7184904977175,12497.784938032872,56.70619688704548,4.251172921087124,56.83927775131227,56.573116022778706,1.8022241620302173,False,True,,0.99402099609375,2,S1_prediction_acf,,
shallow_m4096_r1,shallow,4096,1,0.01,102400.0,2001,104400,test_prob_0,1.001683758238132,4547.220900930801,10543.930676795784,0.534174820883084,0.17874674094028803,0.5324598961059941,0.5358897456601739,2.558185842732792,False,True,,0.99402099609375,2,S1_prediction_acf,,
shallow_m4096_r1,shallow,4096,1,0.01,102400.0,2001,104400,test_prob_128,1.0007633075347386,4689.803979518863,11161.470323497115,0.3123488357803663,0.15721455107733898,0.3150101185031912,0.3096875530575415,1.5103231185410553,False,True,,0.99402099609375,2,S1_prediction_acf,,
shallow_m4096_r1,shallow,4096,1,0.01,102400.0,2001,104400,test_prob_256,1.0011365078709469,4588.516642148139,9764.314464914569,0.45466500994984166,0.178989921701331,0.4566743934886215,0.45265562641106194,1.8081685390628546,False,True,,0.99402099609375,2,S1_prediction_acf,,
shallow_m4096_r1,shallow,4096,1,0.01,102400.0,2001,104400,test_prob_384,1.000508020658955,4826.652599757821,10583.044715851142,0.7884691648056354,0.12447417687104988,0.7860818730706036,0.7908564565406678,1.294667819308027,False,True,,0.99402099609375,2,S1_prediction_acf,,
shallow_m4096_r1,shallow,4096,1,0.01,102400.0,2001,104400,test_prob_512,1.0007480338464017,4182.194704090547,9184.980069822122,0.4893014066744088,0.1832668702655277,0.49197301359534046,0.4866297997534773,1.3211265045265788,False,True,,0.99402099609375,2,S1_prediction_acf,,
shallow_m4096_r1,shallow,4096,1,0.01,102400.0,2001,104400,test_prob_640,1.000907430954947,4155.212143517351,9235.85816770329,0.5983345202091447,0.17624869981826602,0.6029313457728019,0.5937376946454874,1.7356413435096825,False,True,,0.99402099609375,2,S1_prediction_acf,,
shallow_m4096_r1,shallow,4096,1,0.01,102400.0,2001,104400,test_prob_768,1.0021281007065796,4274.554200501646,10225.307520365464,0.5189563582829999,0.1781859099002911,0.5144490983002497,0.5234636182657502,3.370697269816986,False,True,,0.99402099609375,2,S1_prediction_acf,,
shallow_m4096_r1,shallow,4096,1,0.01,102400.0,2001,104400,test_prob_896,1.0010575768729215,4167.856605315266,9675.262905639602,0.4957413702536683,0.1820354571436165,0.4942833900115211,0.4971993504958154,1.4099659550094563,False,True,,0.99402099609375,2,S1_prediction_acf,,
shallow_m4096_r2,shallow,4096,2,0.01,102400.0,2001,104400,V,1.0010820853801876,5375.213450504577,13586.755383016714,65.51524062131558,3.957285290867235,65.57481513586924,65.45566610676197,1.5301970887096297,False,True,,0.9937255859375,2,S1_prediction_acf,,
shallow_m4096_r2,shallow,4096,2,0.01,102400.0,2001,104400,test_prob_0,1.0004850200859656,4612.511328585725,11289.019205764065,0.4260682735745061,0.17198860602306237,0.4254048070362437,0.4267317401127685,1.4341415557335524,False,True,,0.9937255859375,2,S1_prediction_acf,,
shallow_m4096_r2,shallow,4096,2,0.01,102400.0,2001,104400,test_prob_128,1.0019230874788778,4412.953596163246,10640.558058957156,0.4361928179307831,0.1728678600411843,0.43252590822406917,0.43985972763749714,2.109925076707879,False,True,,0.9937255859375,2,S1_prediction_acf,,
shallow_m4096_r2,shallow,4096,2,0.01,102400.0,2001,104400,test_prob_256,1.000954390186476,4570.822435995896,11095.91036138429,0.7404056166128917,0.1451372864847878,0.741940984209081,0.7388702490167026,2.2233492345118537,False,True,,0.9937255859375,2,S1_prediction_acf,,
shallow_m4096_r2,shallow,4096,2,0.01,102400.0,2001,104400,test_prob_384,1.0005514769031978,4732.011656317955,10601.151712447056,0.8483058300146812,0.10013362228859629,0.8476845902657536,0.8489270697636089,1.9835823094324745,False,True,,0.9937255859375,2,S1_prediction_acf,,
shallow_m4096_r2,shallow,4096,2,0.01,102400.0,2001,104400,test_prob_512,1.00034568375495,4724.306327405172,12135.553007534929,0.4093800725028369,0.17207757648678285,0.41133224170129057,0.40742790330438294,1.4167241111412627,False,True,,0.9937255859375,2,S1_prediction_acf,,
shallow_m4096_r2,shallow,4096,2,0.01,102400.0,2001,104400,test_prob_640,1.000873954523448,4137.071314678646,9268.191917298243,0.7412179078778907,0.14656728991568782,0.742928227810285,0.7395075879454959,1.9106203582172157,False,True,,0.9937255859375,2,S1_prediction_acf,,
shallow_m4096_r2,shallow,4096,2,0.01,102400.0,2001,104400,test_prob_768,1.000499500846001,4386.974750333188,9565.340712120113,0.7377563441767581,0.14642031745354953,0.735063353462645,0.7404493348908716,1.2256437858554887,False,True,,0.9937255859375,2,S1_prediction_acf,,
shallow_m4096_r2,shallow,4096,2,0.01,102400.0,2001,104400,test_prob_896,1.0008387947878248,4173.194464030812,9341.790784725441,0.4397705041197866,0.18206232318928092,0.4433757134962899,0.4361652947432832,0.8956648017510075,False,True,,0.9937255859375,2,S1_prediction_acf,,
deep_m0032_r0,deep,32,0,0.01,102400.0,2001,104400,V,1.0007415923611467,3334.8585519168237,8384.205530448053,73.03091903651445,4.247565268715503,73.0619995330643,72.9998385399646,1.0245018185643329,False,True,,0.98812744140625,3,S1_prediction_acf,,
deep_m0032_r0,deep,32,0,0.01,102400.0,2001,104400,test_prob_0,1.0010600951145543,4414.574043874246,11390.791619938504,0.5229309198087096,0.16292312200816175,0.5220938695400431,0.523767970077376,1.2755483076731433,False,True,,0.98812744140625,3,S1_prediction_acf,,
deep_m0032_r0,deep,32,0,0.01,102400.0,2001,104400,test_prob_128,1.001632407879575,4399.238647558275,10677.205298884848,0.6080449924890533,0.15808554841539066,0.6081370204991984,0.6079529644789083,2.9465244050699595,False,True,,0.98812744140625,3,S1_prediction_acf,,
deep_m0032_r0,deep,32,0,0.01,102400.0,2001,104400,test_prob_256,1.0006183555524406,4647.327543922948,10478.393947584833,0.6229231096417202,0.15034681942453237,0.621798924267101,0.6240472950163389,2.2838292914603158,False,True,,0.98812744140625,3,S1_prediction_acf,,
deep_m0032_r0,deep,32,0,0.01,102400.0,2001,104400,test_prob_384,1.0007682529439446,4465.195681711095,11389.338827329895,0.3133918319829087,0.1416445031861586,0.31554764607555696,0.3112360178902602,1.223090399249142,False,True,,0.98812744140625,3,S1_prediction_acf,,
deep_m0032_r0,deep,32,0,0.01,102400.0,2001,104400,test_prob_512,1.0007732790195145,4299.852691723932,10676.653728487325,0.6267026838090094,0.15237732883528987,0.6241776213036774,0.6292277463143412,2.0526143986987493,False,True,,0.98812744140625,3,S1_prediction_acf,,
deep_m0032_r0,deep,32,0,0.01,102400.0,2001,104400,test_prob_640,1.0001637979452696,4772.626407428452,12550.324987355923,0.393108487290902,0.1544555257430002,0.3934890001376317,0.3927279744441721,0.6306787491543183,False,True,,0.98812744140625,3,S1_prediction_acf,,
deep_m0032_r0,deep,32,0,0.01,102400.0,2001,104400,test_prob_768,1.000390894854119,4252.451766483787,10462.552233918797,0.5191541414398129,0.1625485729662748,0.5162025552004758,0.5221057276791502,1.1256890740022818,False,True,,0.98812744140625,3,S1_prediction_acf,,
deep_m0032_r0,deep,32,0,0.01,102400.0,2001,104400,test_prob_896,1.0004630608252485,4962.778579775032,11471.766711520253,0.5485363507801742,0.1620509563196453,0.5489675120853497,0.5481051894749989,1.2602235963574095,False,True,,0.98812744140625,3,S1_prediction_acf,,
deep_m0032_r1,deep,32,1,0.01,102400.0,104401,206800,V,1.0028021435809213,3212.138831325377,7572.166031388454,59.328250818894396,5.33412153690646,59.27992207805038,59.37657955973844,3.67834660037361,False,True,,0.98807373046875,3,S1_prediction_acf,,
deep_m0032_r1,deep,32,1,0.01,102400.0,104401,206800,test_prob_0,1.0006291766558981,3685.690826440063,10100.543178393862,0.5046448565891822,0.1798665307908752,0.5051230225592952,0.5041666906190688,1.1319380643399257,False,True,,0.98807373046875,3,S1_prediction_acf,,
deep_m0032_r1,deep,32,1,0.01,102400.0,104401,206800,test_prob_128,1.00052460740879,4515.659646142057,10839.902549932182,0.40907123036222914,0.17074747164579654,0.40826747519100065,0.40987498553345725,1.2822164713556057,False,True,,0.98807373046875,3,S1_prediction_acf,,
deep_m0032_r1,deep,32,1,0.01,102400.0,104401,206800,test_prob_256,1.0006481150347024,4499.282239390305,10289.899189351461,0.3994653609952744,0.17191145109421072,0.39727504465883023,0.4016556773317187,1.305132674554033,False,True,,0.98807373046875,3,S1_prediction_acf,,
deep_m0032_r1,deep,32,1,0.01,102400.0,104401,206800,test_prob_384,1.0007528139533854,4495.445229694142,10713.808040458216,0.7760924730924273,0.12448892744228889,0.7767050891764476,0.7754798570084068,2.002807860845933,False,True,,0.98807373046875,3,S1_prediction_acf,,
deep_m0032_r1,deep,32,1,0.01,102400.0,104401,206800,test_prob_512,1.002227672404075,3870.5639553631963,10567.040956519402,0.5125614564419653,0.1786971946665569,0.5102820619793548,0.5148408509045759,2.4134911145950673,False,True,,0.98807373046875,3,S1_prediction_acf,,
deep_m0032_r1,deep,32,1,0.01,102400.0,104401,206800,test_prob_640,1.000501945585672,4497.754777397436,10105.253903158018,0.6060283653017833,0.17198102636004442,0.6070429531610128,0.6050137774425536,1.147935816901838,False,True,,0.98807373046875,3,S1_prediction_acf,,
deep_m0032_r1,deep,32,1,0.01,102400.0,104401,206800,test_prob_768,1.0012150874070074,4105.6308263555975,10468.381367506938,0.535391789801919,0.17684989536038645,0.5392581775298511,0.5315254020739872,2.2470482019767157,False,True,,0.98807373046875,3,S1_prediction_acf,,
deep_m0032_r1,deep,32,1,0.01,102400.0,104401,206800,test_prob_896,1.0014841520437026,4208.880963884797,10945.47070749437,0.4757134690955533,0.17764390441074515,0.48097326988360095,0.4704536683075057,2.7826728295045053,False,True,,0.98807373046875,3,S1_prediction_acf,,
deep_m0032_r2,deep,32,2,0.01,102400.0,2001,104400,V,1.0008134165218208,3309.256508180758,8544.606645765027,70.45347420175852,4.594898084302349,70.37431335271404,70.53263505080295,1.3761433018433014,False,True,,0.9878466796875,2,S1_prediction_acf,,
deep_m0032_r2,deep,32,2,0.01,102400.0,2001,104400,test_prob_0,1.0014400657920586,4766.665945784713,11129.10546336246,0.4515909829313744,0.1607673694108929,0.44861912995959047,0.45456283590315844,1.5292170021016955,False,True,,0.9878466796875,2,S1_prediction_acf,,
deep_m0032_r2,deep,32,2,0.01,102400.0,2001,104400,test_prob_128,1.0005867370360464,4700.482072013336,11930.966204611403,0.4279484152833095,0.15924963490811017,0.42722956069830154,0.4286672698683176,1.9149850034254559,False,True,,0.9878466796875,2,S1_prediction_acf,,
deep_m0032_r2,deep,32,2,0.01,102400.0,2001,104400,test_prob_256,1.0009112555583122,4566.12038904845,12202.441358853963,0.7043594236695586,0.13964474085888232,0.7053502927287412,0.7033685546103764,2.2011929111125697,False,True,,0.9878466796875,2,S1_prediction_acf,,
deep_m0032_r2,deep,32,2,0.01,102400.0,2001,104400,test_prob_384,1.0007460459983313,4912.664329067333,12164.742622098287,0.7876379318112167,0.11024468607863629,0.7884121742815534,0.7868636893408792,1.2498789469039613,False,True,,0.9878466796875,2,S1_prediction_acf,,
deep_m0032_r2,deep,32,2,0.01,102400.0,2001,104400,test_prob_512,1.0015522989442713,3946.681948874626,11392.696803415196,0.38803197751852125,0.15437825589697568,0.38923742160193264,0.38682653343510975,1.5344568516600576,False,True,,0.9878466796875,2,S1_prediction_acf,,
deep_m0032_r2,deep,32,2,0.01,102400.0,2001,104400,test_prob_640,1.0006661365595633,4937.0134721887025,10797.407017904485,0.7083618992151979,0.1381246114087127,0.7114686594424107,0.7052551389879851,1.7631696730986124,False,True,,0.9878466796875,2,S1_prediction_acf,,
deep_m0032_r2,deep,32,2,0.01,102400.0,2001,104400,test_prob_768,1.0009728145958774,5117.721830680531,12196.125227340346,0.6672314761302504,0.14763899434586725,0.6679721036506898,0.6664908486098109,1.6803786938878251,False,True,,0.9878466796875,2,S1_prediction_acf,,
deep_m0032_r2,deep,32,2,0.01,102400.0,2001,104400,test_prob_896,1.0011808582684985,4541.977188647099,11144.38337640286,0.45425378538487476,0.16480728211475867,0.45518769997672387,0.45331987079302544,1.1421635970659538,False,True,,0.9878466796875,2,S1_prediction_acf,,
deep_m0064_r0,deep,64,0,0.01,102400.0,2001,104400,V,1.001002248944251,4388.365688104096,10974.577471012972,74.6458608605737,3.935385003481876,74.56189458338258,74.72982713776477,1.558436100947137,False,True,,0.989306640625,3,S1_prediction_acf,,
deep_m0064_r0,deep,64,0,0.01,102400.0,2001,104400,test_prob_0,1.000556806143982,5376.813286284245,13605.78295754867,0.4953557801498741,0.15511380481309453,0.493095968708151,0.4976155915915973,1.1906404055426025,False,True,,0.989306640625,3,S1_prediction_acf,,
deep_m0064_r0,deep,64,0,0.01,102400.0,2001,104400,test_prob_128,1.0006455431934815,5317.709691750281,12194.268226779255,0.612838577579215,0.1511568042936237,0.6157843201381552,0.6098928350202748,1.9618627300254337,False,True,,0.989306640625,3,S1_prediction_acf,,
deep_m0064_r0,deep,64,0,0.01,102400.0,2001,104400,test_prob_256,1.001630544464617,4983.546712378662,12882.339186564503,0.6425774707622977,0.14250923762598758,0.6402966481381307,0.6448582933864644,1.8247574534573137,False,True,,0.989306640625,3,S1_prediction_acf,,
deep_m0064_r0,deep,64,0,0.01,102400.0,2001,104400,test_prob_384,1.0008094558963967,5117.583192435616,13189.572140001177,0.3374153218054534,0.14035930924153392,0.33796865771468776,0.3368619858962192,2.026675636318745,False,True,,0.989306640625,3,S1_prediction_acf,,
deep_m0064_r0,deep,64,0,0.01,102400.0,2001,104400,test_prob_512,1.0010138523431755,5418.4725525144195,13014.347029528253,0.5982504092188768,0.15025607044298173,0.5953696726064233,0.6011311458313304,1.6903140407223907,False,True,,0.989306640625,3,S1_prediction_acf,,
deep_m0064_r0,deep,64,0,0.01,102400.0,2001,104400,test_prob_640,1.0004528239657837,5736.385971986795,13302.841869280868,0.37908211139814235,0.14607809408958397,0.3810974005101031,0.37706682228618144,1.892728988104131,False,True,,0.989306640625,3,S1_prediction_acf,,
deep_m0064_r0,deep,64,0,0.01,102400.0,2001,104400,test_prob_768,1.0004819117045187,5796.077531768725,13149.974664812567,0.5209211771259128,0.15464567551303363,0.5215684020009124,0.5202739522509128,1.482400186269908,False,True,,0.989306640625,3,S1_prediction_acf,,
deep_m0064_r0,deep,64,0,0.01,102400.0,2001,104400,test_prob_896,1.0010645786272856,5303.581407910969,13594.909699792153,0.5137404573488646,0.1560853123674621,0.5116910425309805,0.5157898721667484,2.315825740462147,False,True,,0.989306640625,3,S1_prediction_acf,,
deep_m0064_r1,deep,64,1,0.01,102400.0,2001,104400,V,1.000352868036055,4225.492180413922,10323.256709434683,60.530261081942754,4.782989783762314,60.55126549335896,60.50925667052655,1.2899764154581697,False,True,,0.98950439453125,2,S1_prediction_acf,,
deep_m0064_r1,deep,64,1,0.01,102400.0,2001,104400,test_prob_0,1.0006946019090077,4629.83518917003,13656.818369429735,0.5323944184732631,0.16437077414744677,0.5370940230737562,0.5276948138727701,1.707436089183189,False,True,,0.98950439453125,2,S1_prediction_acf,,
deep_m0064_r1,deep,64,1,0.01,102400.0,2001,104400,test_prob_128,1.0003726993542867,5059.564807504138,12347.320405537734,0.3590829787810162,0.1525857606112194,0.3608155984791377,0.3573503590828946,1.46951636337999,False,True,,0.98950439453125,2,S1_prediction_acf,,
deep_m0064_r1,deep,64,1,0.01,102400.0,2001,104400,test_prob_256,1.0006554196205506,5200.407835542018,11915.972244936576,0.44238968175271753,0.16519110901087566,0.44249692462317897,0.44228243888225605,1.5060302234883924,False,True,,0.98950439453125,2,S1_prediction_acf,,
deep_m0064_r1,deep,64,1,0.01,102400.0,2001,104400,test_prob_384,1.001039994252436,5408.5747153175025,12630.744453567786,0.7589939301668837,0.12215501974914172,0.7555545523939189,0.7624333079398482,1.3923435416415255,False,True,,0.98950439453125,2,S1_prediction_acf,,
deep_m0064_r1,deep,64,1,0.01,102400.0,2001,104400,test_prob_512,1.0003471584454184,4913.613274867037,12014.81282644185,0.4754857126540691,0.16696633268482292,0.47504992926703354,0.47592149604110395,0.6722008592497173,False,True,,0.98950439453125,2,S1_prediction_acf,,
deep_m0064_r1,deep,64,1,0.01,102400.0,2001,104400,test_prob_640,1.0009297862737718,4525.855743308175,11688.274719618765,0.5676359130298418,0.16581942903708122,0.570577457793043,0.5646943682666409,1.1648244264724754,False,True,,0.98950439453125,2,S1_prediction_acf,,
deep_m0064_r1,deep,64,1,0.01,102400.0,2001,104400,test_prob_768,1.0006165261768378,5397.831838167596,12751.594724358423,0.4839828110027191,0.16440374224627163,0.48483717400972653,0.4831284479957118,1.6841837952123615,False,True,,0.98950439453125,2,S1_prediction_acf,,
deep_m0064_r1,deep,64,1,0.01,102400.0,2001,104400,test_prob_896,1.000569009839265,4338.87542568818,11293.569088281894,0.5437911263802984,0.16598664653333178,0.5409862201304795,0.5465960326301165,1.6798546951828115,False,True,,0.98950439453125,2,S1_prediction_acf,,
deep_m0064_r2,deep,64,2,0.01,102400.0,2001,104400,V,1.000685390729329,5055.017842680861,12303.397607687868,70.31894044617457,4.192364645125358,70.242530187586,70.39535070476319,1.5742891144349132,False,True,,0.98908935546875,2,S1_prediction_acf,,
deep_m0064_r2,deep,64,2,0.01,102400.0,2001,104400,test_prob_0,1.0004296495197371,5759.755968421582,13177.70850258875,0.4265521274454686,0.15117356467918558,0.4278965935299746,0.4252076613609622,1.1453707307806111,False,True,,0.98908935546875,2,S1_prediction_acf,,
deep_m0064_r2,deep,64,2,0.01,102400.0,2001,104400,test_prob_128,1.0012385053945105,5216.822753503758,12866.53484495289,0.40636461519332434,0.15156042907216288,0.410354941506174,0.4023742888804748,2.7551668948516004,False,True,,0.98908935546875,2,S1_prediction_acf,,
deep_m0064_r2,deep,64,2,0.01,102400.0,2001,104400,test_prob_256,1.0006350494775662,4924.3602919455325,11767.774524188544,0.7097484423106182,0.13307579525330296,0.7075297483824383,0.7119671362387986,1.5778981732121657,False,True,,0.98908935546875,2,S1_prediction_acf,,
deep_m0064_r2,deep,64,2,0.01,102400.0,2001,104400,test_prob_384,1.000603873228228,6009.436278227142,13769.179400833385,0.7738538489526932,0.11239697302345716,0.7761797551370635,0.7715279427683234,1.822282976841024,False,True,,0.98908935546875,2,S1_prediction_acf,,
deep_m0064_r2,deep,64,2,0.01,102400.0,2001,104400,test_prob_512,1.0003938703275304,5802.199140510867,14239.748493208635,0.39684373244147964,0.15099574150966494,0.39528081764352685,0.39840664723943225,1.768767046148754,False,True,,0.98908935546875,2,S1_prediction_acf,,
deep_m0064_r2,deep,64,2,0.01,102400.0,2001,104400,test_prob_640,1.0002321172323414,5236.702371720674,12701.491019963301,0.6711425343464638,0.14190074437562608,0.6721904144266745,0.6700946542662526,1.226243255152134,False,True,,0.98908935546875,2,S1_prediction_acf,,
deep_m0064_r2,deep,64,2,0.01,102400.0,2001,104400,test_prob_768,1.001382381596728,5271.562535082969,13183.123265198657,0.6843345305489729,0.13797946087508792,0.6811190392321654,0.6875500218657803,1.7071459080877796,False,True,,0.98908935546875,2,S1_prediction_acf,,
deep_m0064_r2,deep,64,2,0.01,102400.0,2001,104400,test_prob_896,1.0004971721984959,4898.328024755152,12767.156256160346,0.46093286294482233,0.15760696980294595,0.4594138281234533,0.4624518977661913,1.0498086776025057,False,True,,0.98908935546875,2,S1_prediction_acf,,
deep_m0128_r0,deep,128,0,0.01,102400.0,104401,206800,V,1.0004444968678456,5624.011959635526,13915.872371749017,75.08511012661563,3.705280867576997,75.04296828729622,75.12725196593509,1.0444570144599779,False,True,,0.98994384765625,2,S1_prediction_acf,,
deep_m0128_r0,deep,128,0,0.01,102400.0,104401,206800,test_prob_0,1.0008038713401606,5986.45205015146,13796.305396715015,0.48413057484670413,0.1530570153734201,0.48267653309161673,0.4855846166017915,1.9292867050539175,False,True,,0.98994384765625,2,S1_prediction_acf,,
deep_m0128_r0,deep,128,0,0.01,102400.0,104401,206800,test_prob_128,1.0003645416456228,5889.584363043475,13638.08702354103,0.6342741855987487,0.1434644697688642,0.6354745915650081,0.633073779632489,1.143711880009966,False,True,,0.98994384765625,2,S1_prediction_acf,,
deep_m0128_r0,deep,128,0,0.01,102400.0,104401,206800,test_prob_256,1.0004651080977218,6237.57117691492,15019.462082330763,0.6334479988578615,0.1402661909759446,0.6320977095209285,0.6347982881947949,1.292352466605847,False,True,,0.98994384765625,2,S1_prediction_acf,,
deep_m0128_r0,deep,128,0,0.01,102400.0,104401,206800,test_prob_384,1.0003532840862608,6073.252172299456,14087.247574550374,0.32507345597989,0.1357202827594717,0.3253573238694165,0.3247895880903635,0.9115115955777675,False,True,,0.98994384765625,2,S1_prediction_acf,,
deep_m0128_r0,deep,128,0,0.01,102400.0,104401,206800,test_prob_512,1.0018541013327766,6192.156686700224,15093.360121022915,0.6090762318517593,0.1463830151489786,0.6095329389894784,0.6086195247140402,3.1286253293495285,False,True,,0.98994384765625,2,S1_prediction_acf,,
deep_m0128_r0,deep,128,0,0.01,102400.0,104401,206800,test_prob_640,1.000446986265044,6347.432248524836,15556.20621415557,0.40473571732358304,0.14520349194809332,0.40282635467740585,0.4066450799697601,1.3667400667345317,False,True,,0.98994384765625,2,S1_prediction_acf,,
deep_m0128_r0,deep,128,0,0.01,102400.0,104401,206800,test_prob_768,1.000444284417573,6311.05687400272,13814.128848792303,0.5169230910332252,0.15200203980842425,0.5159474981662069,0.5178986839002434,0.9738747359364834,False,True,,0.98994384765625,2,S1_prediction_acf,,
deep_m0128_r0,deep,128,0,0.01,102400.0,104401,206800,test_prob_896,1.0005632379137956,6131.156295953388,14793.409316864367,0.5014806411421757,0.153864097445144,0.5042670526980199,0.4986942295863321,1.2274829386589914,False,True,,0.98994384765625,2,S1_prediction_acf,,
deep_m0128_r1,deep,128,1,0.01,102400.0,2001,104400,V,1.0004001735451562,4916.800746297628,11510.969307780313,63.03771633039449,4.570298411542807,63.02031771765834,63.05511494313063,0.7297353545310801,False,True,,0.9898779296875,2,S1_prediction_acf,,
deep_m0128_r1,deep,128,1,0.01,102400.0,2001,104400,test_prob_0,1.0003338688342633,5430.818901219206,12414.828955387517,0.5070644108265878,0.15863260079669156,0.5072307621754205,0.5068980594777546,1.1625711912548429,False,True,,0.9898779296875,2,S1_prediction_acf,,
deep_m0128_r1,deep,128,1,0.01,102400.0,2001,104400,test_prob_128,1.002521580021349,5755.3313583183035,12796.844106292434,0.38252802215729986,0.15101987570312933,0.39123673289147226,0.3738193114231276,3.3119799275159436,False,True,,0.9898779296875,2,S1_prediction_acf,,
deep_m0128_r1,deep,128,1,0.01,102400.0,2001,104400,test_prob_256,1.0001940031599557,5671.851990987324,13544.400818317457,0.4701072987739911,0.155901903233,0.4689979547405564,0.4712166428074262,1.1864995552891282,False,True,,0.9898779296875,2,S1_prediction_acf,,
deep_m0128_r1,deep,128,1,0.01,102400.0,2001,104400,test_prob_384,1.001560739047706,5416.932447626263,13307.385568366264,0.7173994094144036,0.12684969798607465,0.7201194042677106,0.7146794145610972,1.8501782942334073,False,True,,0.9898779296875,2,S1_prediction_acf,,
deep_m0128_r1,deep,128,1,0.01,102400.0,2001,104400,test_prob_512,1.0004925657480697,5306.105755055572,12016.123268463985,0.4925889829814642,0.15803822870943726,0.49438040575302816,0.49079756020990023,1.5603387873617052,False,True,,0.9898779296875,2,S1_prediction_acf,,
deep_m0128_r1,deep,128,1,0.01,102400.0,2001,104400,test_prob_640,1.0003232229837031,5753.431465544021,13075.545599272955,0.574452247387222,0.15715195867709475,0.576279875253469,0.5726246195209752,0.9734127156547674,False,True,,0.9898779296875,2,S1_prediction_acf,,
deep_m0128_r1,deep,128,1,0.01,102400.0,2001,104400,test_prob_768,1.0015020463713893,5368.871876019192,14080.53825931706,0.5138191101946874,0.15655108681088983,0.5191904753008305,0.5084477450885437,3.3696725820843385,False,True,,0.9898779296875,2,S1_prediction_acf,,
deep_m0128_r1,deep,128,1,0.01,102400.0,2001,104400,test_prob_896,1.0011189219065861,5143.525563207049,13774.14087668893,0.4904941180882931,0.15883797744487535,0.4929257966975561,0.48806243947903005,2.035864542819926,False,True,,0.9898779296875,2,S1_prediction_acf,,
deep_m0128_r2,deep,128,2,0.01,102400.0,2001,104400,V,1.0007316590966324,5634.848675698635,13853.05873226417,70.24783781563492,3.97460910449066,70.24690933603962,70.24876629523021,1.4742709236123652,False,True,,0.990048828125,2,S1_prediction_acf,,
deep_m0128_r2,deep,128,2,0.01,102400.0,2001,104400,test_prob_0,1.0004603819080022,6360.3500779131755,15179.097547570043,0.46790318838189743,0.14856198626128642,0.4695739115117037,0.4662324652520909,1.0468895154804645,False,True,,0.990048828125,2,S1_prediction_acf,,
deep_m0128_r2,deep,128,2,0.01,102400.0,2001,104400,test_prob_128,1.0002434079103264,6623.7160039729315,15210.426042488336,0.4466684539040898,0.14934107566596436,0.44692633799154313,0.4464105698166362,1.13384600845361,False,True,,0.990048828125,2,S1_prediction_acf,,
deep_m0128_r2,deep,128,2,0.01,102400.0,2001,104400,test_prob_256,1.0004066365317075,5974.7057415190275,13198.8936875845,0.6867512681256573,0.13550959453352293,0.6862224001663728,0.6872801360849422,0.8482682895169552,False,True,,0.990048828125,2,S1_prediction_acf,,
deep_m0128_r2,deep,128,2,0.01,102400.0,2001,104400,test_prob_384,1.0005111541864533,6572.933241841324,14747.766378173643,0.7713045811973539,0.1100538845419236,0.770189959569227,0.7724192028254808,1.2465017432288994,False,True,,0.990048828125,2,S1_prediction_acf,,
deep_m0128_r2,deep,128,2,0.01,102400.0,2001,104400,test_prob_512,1.0007235657925118,6400.2196012146105,14817.254074143744,0.4391261566010663,0.15095571410224387,0.441873894743033,0.4363784184590997,1.8339186175122482,False,True,,0.990048828125,2,S1_prediction_acf,,
deep_m0128_r2,deep,128,2,0.01,102400.0,2001,104400,test_prob_640,1.0009340260317605,5963.481003102988,14278.661754682227,0.6724958208769762,0.13731139875040996,0.6688531075282519,0.6761385342257001,2.4088432774281467,False,True,,0.990048828125,2,S1_prediction_acf,,
deep_m0128_r2,deep,128,2,0.01,102400.0,2001,104400,test_prob_768,1.0006736203184163,5622.529514700462,13668.861220447312,0.6662259292704702,0.1385382599667932,0.6693854502557599,0.6630664082851806,2.3415007078963077,False,True,,0.990048828125,2,S1_prediction_acf,,
deep_m0128_r2,deep,128,2,0.01,102400.0,2001,104400,test_prob_896,1.000355944422623,5660.726773635196,13479.115420169677,0.39983108994353395,0.1493497165941116,0.3987559731446189,0.400906206742449,0.8046049564411972,False,True,,0.990048828125,2,S1_prediction_acf,,
deep_m0256_r0,deep,256,0,0.01,102400.0,2001,104400,V,1.0011956001948785,6897.835915460179,15538.84468571203,75.24977728146789,3.6324810986441776,75.22924054990166,75.27031401303417,1.692216981708083,False,True,,0.989951171875,3,S1_prediction_acf,,
deep_m0256_r0,deep,256,0,0.01,102400.0,2001,104400,test_prob_0,1.0017022776132825,6062.023323737893,15640.658857997696,0.49530632214364745,0.1524001095437422,0.49684384442180646,0.49376879986548844,2.9649137492243725,False,True,,0.989951171875,3,S1_prediction_acf,,
deep_m0256_r0,deep,256,0,0.01,102400.0,2001,104400,test_prob_128,1.0010903727444702,5860.008556048166,13304.917803272283,0.6224996622131784,0.14626262236789586,0.6190179916850375,0.6259813327413195,2.8446235568837395,False,True,,0.989951171875,3,S1_prediction_acf,,
deep_m0256_r0,deep,256,0,0.01,102400.0,2001,104400,test_prob_256,1.0005472250815177,7010.284994826594,16456.274087976213,0.6385989173810367,0.13799777200537888,0.6361784637838683,0.6410193709782049,2.029342675378153,False,True,,0.989951171875,3,S1_prediction_acf,,
deep_m0256_r0,deep,256,0,0.01,102400.0,2001,104400,test_prob_384,1.0002351352337757,6507.817905736416,14743.96126300206,0.3424979333898108,0.13904555417785888,0.3431565451713079,0.341839321608314,0.907327428807924,False,True,,0.989951171875,3,S1_prediction_acf,,
deep_m0256_r0,deep,256,0,0.01,102400.0,2001,104400,test_prob_512,1.0011397614979773,6562.677546624658,15433.497889587336,0.6129545552079652,0.1448586930295551,0.6089914428990714,0.616917667516859,2.4915969277673,False,True,,0.989951171875,3,S1_prediction_acf,,
deep_m0256_r0,deep,256,0,0.01,102400.0,2001,104400,test_prob_640,1.0003827132044156,6312.11683821937,15349.243176121485,0.39907404429525856,0.14406308501770687,0.3970478286796233,0.4011002599108938,1.0869130266521287,False,True,,0.989951171875,3,S1_prediction_acf,,
deep_m0256_r0,deep,256,0,0.01,102400.0,2001,104400,test_prob_768,1.0011975862075178,6129.858113479285,15363.464315089905,0.5153050215729309,0.1485607714388125,0.5195268096626819,0.5110832334831801,1.9710943927592828,False,True,,0.989951171875,3,S1_prediction_acf,,
deep_m0256_r0,deep,256,0,0.01,102400.0,2001,104400,test_prob_896,1.001601718086824,6418.937961643739,15308.412439315523,0.4882866884636713,0.15227486800956266,0.4884421993194018,0.4881311776079407,1.19707145234684,False,True,,0.989951171875,3,S1_prediction_acf,,
deep_m0256_r1,deep,256,1,0.01,102400.0,2001,104400,V,1.0002217073253235,5830.331505160259,12985.182318607865,63.665627867376536,4.3300908462715455,63.67353516445968,63.65772057029341,0.7786315299698052,False,True,,0.99020751953125,2,S1_prediction_acf,,
deep_m0256_r1,deep,256,1,0.01,102400.0,2001,104400,test_prob_0,1.0002540933595738,6072.688608871817,14796.295001039627,0.5145137979744232,0.15365626357342252,0.5117359829636053,0.517291612985241,1.306550329490564,False,True,,0.99020751953125,2,S1_prediction_acf,,
deep_m0256_r1,deep,256,1,0.01,102400.0,2001,104400,test_prob_128,1.000654180604415,6267.201418898988,14025.005902861269,0.3628441308795778,0.1426339744249601,0.3614142413158498,0.36427402044330554,1.0944017311582663,False,True,,0.99020751953125,2,S1_prediction_acf,,
deep_m0256_r1,deep,256,1,0.01,102400.0,2001,104400,test_prob_256,1.000262418214392,6085.735048824317,15230.570166353791,0.46806821765563295,0.15296070697707842,0.46677850146851746,0.46935793384274827,1.0393477176549661,False,True,,0.99020751953125,2,S1_prediction_acf,,
deep_m0256_r1,deep,256,1,0.01,102400.0,2001,104400,test_prob_384,1.0002237726066256,6550.8014688149415,15354.974330892519,0.718058519996395,0.12333392289461403,0.7171031752615085,0.7190138647312814,1.0694276935513047,False,True,,0.99020751953125,2,S1_prediction_acf,,
deep_m0256_r1,deep,256,1,0.01,102400.0,2001,104400,test_prob_512,1.0003469946555286,6652.418456525741,15116.262587663456,0.47933443699431955,0.15483634270592372,0.4789780288244302,0.4796908451642088,0.7776284473855983,False,True,,0.99020751953125,2,S1_prediction_acf,,
deep_m0256_r1,deep,256,1,0.01,102400.0,2001,104400,test_prob_640,1.0007169735696604,6020.575305500839,14758.190101671735,0.5279531422889542,0.15311268628880362,0.5263932041219064,0.5295130804560022,2.0958250989389824,False,True,,0.99020751953125,2,S1_prediction_acf,,
deep_m0256_r1,deep,256,1,0.01,102400.0,2001,104400,test_prob_768,1.0004289645780533,6431.873487498818,15360.351701184365,0.5136828294966927,0.15258266783962723,0.5134408382226685,0.513924820770717,0.35657105777121956,False,True,,0.99020751953125,2,S1_prediction_acf,,
deep_m0256_r1,deep,256,1,0.01,102400.0,2001,104400,test_prob_896,1.0003416208344431,6070.072481522188,13117.008739896786,0.5075527515186152,0.1551020448791432,0.507255743362909,0.5078497596743212,1.2405622398889962,False,True,,0.99020751953125,2,S1_prediction_acf,,
deep_m0256_r2,deep,256,2,0.01,102400.0,2001,104400,V,1.0002914922761288,6118.75873650294,15338.776842540525,70.00490968571773,3.8797567712515018,70.02896634952444,69.98085302191112,0.8343175086354727,False,True,,0.99044921875,2,S1_prediction_acf,,
deep_m0256_r2,deep,256,2,0.01,102400.0,2001,104400,test_prob_0,1.0003697649355423,7131.34856029961,16758.09506910756,0.449614692344936,0.14625096714103006,0.44893415934887104,0.4502952253410012,1.3462306877180414,False,True,,0.99044921875,2,S1_prediction_acf,,
deep_m0256_r2,deep,256,2,0.01,102400.0,2001,104400,test_prob_128,1.001416640085634,6819.930821121146,14679.350404669369,0.4539997253769876,0.14885798872676062,0.45258834629872374,0.45541110445525185,2.2734351661486736,False,True,,0.99044921875,2,S1_prediction_acf,,
deep_m0256_r2,deep,256,2,0.01,102400.0,2001,104400,test_prob_256,1.0007389619194536,6269.8233389744055,14484.9231710595,0.6764204299578549,0.13436253646268387,0.6745003669328057,0.6783404929829043,2.1597867044748593,False,True,,0.99044921875,2,S1_prediction_acf,,
deep_m0256_r2,deep,256,2,0.01,102400.0,2001,104400,test_prob_384,1.000185465285504,6446.48800096954,15413.696209634907,0.7734271777685112,0.10931795288484826,0.7729677917637032,0.7738865637733192,0.8751968646505714,False,True,,0.99044921875,2,S1_prediction_acf,,
deep_m0256_r2,deep,256,2,0.01,102400.0,2001,104400,test_prob_512,1.0015616353692371,6620.382993713012,15094.021400782845,0.4202351966659574,0.14747957991770624,0.42279107243994524,0.4176793208919694,2.3065308344731923,False,True,,0.99044921875,2,S1_prediction_acf,,
deep_m0256_r2,deep,256,2,0.01,102400.0,2001,104400,test_prob_640,1.0005793958097067,6004.243105784315,12889.237752094852,0.6711040019799488,0.13731886850211852,0.6702222866170112,0.6719857173428859,1.8183455751878441,False,True,,0.99044921875,2,S1_prediction_acf,,
deep_m0256_r2,deep,256,2,0.01,102400.0,2001,104400,test_prob_768,1.0003349395462642,6215.798602449738,15131.813625423263,0.6686239171917927,0.1372905581391108,0.6696968544604842,0.6675509799231015,1.1318155033770045,False,True,,0.99044921875,2,S1_prediction_acf,,
deep_m0256_r2,deep,256,2,0.01,102400.0,2001,104400,test_prob_896,1.0004250400902541,6379.838046677551,14682.61774635244,0.432416533248863,0.15047591570455293,0.4338775450247458,0.4309555214729803,1.0224410144344092,False,True,,0.99044921875,2,S1_prediction_acf,,
deep_m0032_r0,deep,32,0,0.01,,53201,104400,V,1.0011739389785042,1837.4180694604233,4507.362586630517,72.9998385399646,4.238523280428023,73.09524271932798,72.90443436060117,1.6875584710746325,False,True,,0.988310546875,3,S2_step_size,512.0,51200.0
deep_m0032_r0,deep,32,0,0.005,,106401,208800,V,1.0009592327136032,1429.6755317273537,4393.252374952462,72.92037408468333,4.233295998710644,72.98114962663384,72.85959854273283,1.914618810554036,False,True,,0.99577880859375,2,S2_step_size,512.0,102400.0
deep_m0032_r1,deep,32,1,0.01,,155601,206800,V,1.0042310995146042,1510.0010799875145,3308.4061574901452,59.37657955973844,5.3486979887940835,59.6139224382447,59.13923668123214,2.024218978711312,False,True,,0.9882080078125,2,S2_step_size,512.0,51200.0
deep_m0032_r1,deep,32,1,0.005,,311201,413600,V,1.00175374095754,1593.5353142207434,3969.021751587509,59.14193016510767,5.271702335458631,59.046947382501955,59.23691294771338,2.4596337679601654,False,True,,0.99561767578125,2,S2_step_size,512.0,102400.0
deep_m0032_r2,deep,32,2,0.01,,53201,104400,V,1.0027731697685685,1965.8033880749804,4924.958012527747,70.53263505080295,4.527961371546055,70.34451995855594,70.72075014304997,2.312964337386998,False,True,,0.9881591796875,2,S2_step_size,512.0,51200.0
deep_m0032_r2,deep,32,2,0.005,,106401,208800,V,1.0020286573000559,1517.7191550694697,4180.543945526505,70.24966729922794,4.642946797701901,70.18218506666318,70.31714953179261,1.919752668406748,False,True,,0.99568359375,2,S2_step_size,512.0,102400.0
deep_m0256_r0,deep,256,0,0.01,,53201,104400,V,1.0026953958635183,3585.4529265599363,7282.781418815871,75.27031401303417,3.621027417384196,75.2633778781449,75.27725014792341,2.6513632273874683,False,True,,0.98978515625,3,S2_step_size,512.0,51200.0
deep_m0256_r0,deep,256,0,0.005,,106401,208800,V,1.0025648674853886,3287.1388217481517,8260.13566554376,75.23212427683642,3.656441646793965,75.1593677512927,75.30488080238013,1.8879178726597496,False,True,,0.99665771484375,2,S2_step_size,512.0,102400.0
deep_m0256_r1,deep,256,1,0.01,,53201,104400,V,1.001366340139714,3155.9095606952897,6778.854235444073,63.65772057029341,4.300318797146464,63.76943186410589,63.546009276480916,1.7383038881219968,False,True,,0.990048828125,2,S2_step_size,512.0,51200.0
deep_m0256_r1,deep,256,1,0.005,,106401,208800,V,1.0006295465833766,3214.9772077497555,7189.846085690188,63.881635636634385,4.378334507781475,63.82681890467553,63.936452368593216,1.5598337875147794,False,True,,0.9968701171875,2,S2_step_size,512.0,102400.0
deep_m0256_r2,deep,256,2,0.01,,53201,104400,V,1.0025480761898782,2931.7481445236717,7595.0432394887575,69.98085302191112,3.8966090339918664,69.91202384985803,70.04968219396417,3.4112573684429925,False,True,,0.990400390625,2,S2_step_size,512.0,51200.0
deep_m0256_r2,deep,256,2,0.005,,106401,208800,V,1.0012836152640658,3473.090089163332,8242.666973797439,69.8778247704067,3.8550005075258267,69.8102859472933,69.94536359352003,2.331231381380547,False,True,,0.99652587890625,2,S2_step_size,512.0,102400.0
