logical_input,target_id,chain,segment,path,dataset,shape,dtype,sha256,first_transition,last_transition,mapping
dynamics_loss_trace,shallow_m0064_r0,0,stage_1,targets/shallow_m0064_r0/dynamics/h_0p01/chain_0/stage_1.h5,"scalars[:, 0] (V)",51200x26,float64,9c5b4c64bb9e5f8e5048fffe36099879e3bbc33977e1823d3e95f4be3cd19c90,2001,53200,shallow_m0064_r0/chain_0; post-transition V incl. rejections; h=0.01
dynamics_loss_trace,shallow_m0064_r0,0,stage_2,targets/shallow_m0064_r0/dynamics/h_0p01/chain_0/stage_2.h5,"scalars[:, 0] (V)",51200x26,float64,687ebe45436293f5e17304e46cb6a82a248864c90cce89de9e043af0a583584d,53201,104400,shallow_m0064_r0/chain_0; post-transition V incl. rejections; h=0.01
dynamics_loss_trace,shallow_m0064_r0,1,stage_1,targets/shallow_m0064_r0/dynamics/h_0p01/chain_1/stage_1.h5,"scalars[:, 0] (V)",51200x26,float64,8deef4846df52e4ebf9f764007a08047d57dfa851f4a0acae694a7241d9dfe26,2001,53200,shallow_m0064_r0/chain_1; post-transition V incl. rejections; h=0.01
dynamics_loss_trace,shallow_m0064_r0,1,stage_2,targets/shallow_m0064_r0/dynamics/h_0p01/chain_1/stage_2.h5,"scalars[:, 0] (V)",51200x26,float64,c1c364e3b14b2fb75a31dbaf1f96b2745ba55e63ee826d7e9039bd837cb54678,53201,104400,shallow_m0064_r0/chain_1; post-transition V incl. rejections; h=0.01
dynamics_loss_trace,shallow_m0064_r0,2,stage_1,targets/shallow_m0064_r0/dynamics/h_0p01/chain_2/stage_1.h5,"scalars[:, 0] (V)",51200x26,float64,51846dcf99a4381673c2222cc620dd55f098ed320df28fc56ba94531cabffd3d,2001,53200,shallow_m0064_r0/chain_2; post-transition V incl. rejections; h=0.01
dynamics_loss_trace,shallow_m0064_r0,2,stage_2,targets/shallow_m0064_r0/dynamics/h_0p01/chain_2/stage_2.h5,"scalars[:, 0] (V)",51200x26,float64,36041cd8bfcdf217a5d3e4a6ba9f5eab03e57d5114a228663c8b95976825e093,53201,104400,shallow_m0064_r0/chain_2; post-transition V incl. rejections; h=0.01
dynamics_loss_trace,shallow_m0064_r0,3,stage_1,targets/shallow_m0064_r0/dynamics/h_0p01/chain_3/stage_1.h5,"scalars[:, 0] (V)",51200x26,float64,4ae304e08afb7ba56f03ac34bd30bf52b000c8559f8fa8b667f7cb79ab093ff8,2001,53200,shallow_m0064_r0/chain_3; post-transition V incl. rejections; h=0.01
dynamics_loss_trace,shallow_m0064_r0,3,stage_2,targets/shallow_m0064_r0/dynamics/h_0p01/chain_3/stage_2.h5,"scalars[:, 0] (V)",51200x26,float64,e9bc9851f5fa69c6b1aac1352467cc053999309fb1cab696dddd8db9c1d50553,53201,104400,shallow_m0064_r0/chain_3; post-transition V incl. rejections; h=0.01
dynamics_loss_trace,shallow_m0064_r1,0,stage_1,targets/shallow_m0064_r1/dynamics/h_0p01/chain_0/stage_1.h5,"scalars[:, 0] (V)",51200x26,float64,b03a34a5f18287ffa439a24c162260febb1bfeea23d3a446fc1dc920a2d58ab8,2001,53200,shallow_m0064_r1/chain_0; post-transition V incl. rejections; h=0.01
dynamics_loss_trace,shallow_m0064_r1,0,stage_2,targets/shallow_m0064_r1/dynamics/h_0p01/chain_0/stage_2.h5,"scalars[:, 0] (V)",51200x26,float64,f65132a6476343178cba76d69e69ebfba22f935ea5af771567027fdb474ab58e,53201,104400,shallow_m0064_r1/chain_0; post-transition V incl. rejections; h=0.01
dynamics_loss_trace,shallow_m0064_r1,0,stage_3,targets/shallow_m0064_r1/dynamics/h_0p01/chain_0/stage_3.h5,"scalars[:, 0] (V)",102400x26,float64,3f1ef2f6b61a41463bd616207830156d7806a1e0360a6d005e98f49429cfa7b9,104401,206800,shallow_m0064_r1/chain_0; post-transition V incl. rejections; h=0.01
dynamics_loss_trace,shallow_m0064_r1,1,stage_1,targets/shallow_m0064_r1/dynamics/h_0p01/chain_1/stage_1.h5,"scalars[:, 0] (V)",51200x26,float64,941928ddb8f31fbc3926cb2080f5f99e0b8d4907610b3b6d32cf11d10479ba8c,2001,53200,shallow_m0064_r1/chain_1; post-transition V incl. rejections; h=0.01
dynamics_loss_trace,shallow_m0064_r1,1,stage_2,targets/shallow_m0064_r1/dynamics/h_0p01/chain_1/stage_2.h5,"scalars[:, 0] (V)",51200x26,float64,62d717c96557ed24ad6491f3f95f813eb13ce57ad857183b8bc1848b5191f150,53201,104400,shallow_m0064_r1/chain_1; post-transition V incl. rejections; h=0.01
dynamics_loss_trace,shallow_m0064_r1,1,stage_3,targets/shallow_m0064_r1/dynamics/h_0p01/chain_1/stage_3.h5,"scalars[:, 0] (V)",102400x26,float64,7d5dc18b7bce677e024892f3ad8088666f30482dd63409dc4d4b1cbc94c30cfe,104401,206800,shallow_m0064_r1/chain_1; post-transition V incl. rejections; h=0.01
dynamics_loss_trace,shallow_m0064_r1,2,stage_1,targets/shallow_m0064_r1/dynamics/h_0p01/chain_2/stage_1.h5,"scalars[:, 0] (V)",51200x26,float64,d6d11348514b27eca3f163e15b74b05f7bafaef97d258620e730ccb3949b7fc7,2001,53200,shallow_m0064_r1/chain_2; post-transition V incl. rejections; h=0.01
dynamics_loss_trace,shallow_m0064_r1,2,stage_2,targets/shallow_m0064_r1/dynamics/h_0p01/chain_2/stage_2.h5,"scalars[:, 0] (V)",51200x26,float64,603255a5080a8992d496b3224a7db7a8156c4e0c9676eb8920c0ca0114749b28,53201,104400,shallow_m0064_r1/chain_2; post-transition V incl. rejections; h=0.01
dynamics_loss_trace,shallow_m0064_r1,2,stage_3,targets/shallow_m0064_r1/dynamics/h_0p01/chain_2/stage_3.h5,"scalars[:, 0] (V)",102400x26,float64,51ee8ad3139229d586d00cb58317233970681ad8760c79960fa42cb5ea5ca4de,104401,206800,shallow_m0064_r1/chain_2; post-transition V incl. rejections; h=0.01
dynamics_loss_trace,shallow_m0064_r1,3,stage_1,targets/shallow_m0064_r1/dynamics/h_0p01/chain_3/stage_1.h5,"scalars[:, 0] (V)",51200x26,float64,a599ed80b94c9bb3482d1f6b0588540bba62530fc2c672887036d4c7c8f008a9,2001,53200,shallow_m0064_r1/chain_3; post-transition V incl. rejections; h=0.01
dynamics_loss_trace,shallow_m0064_r1,3,stage_2,targets/shallow_m0064_r1/dynamics/h_0p01/chain_3/stage_2.h5,"scalars[:, 0] (V)",51200x26,float64,f1d6684920cc28a0b2be9e44752b6641939a2b3e8b05be678ce808a234156451,53201,104400,shallow_m0064_r1/chain_3; post-transition V incl. rejections; h=0.01
dynamics_loss_trace,shallow_m0064_r1,3,stage_3,targets/shallow_m0064_r1/dynamics/h_0p01/chain_3/stage_3.h5,"scalars[:, 0] (V)",102400x26,float64,911ea7b6ca1f8d93118af04a45b7abf4e6582775c436fb309105a0022679d4e3,104401,206800,shallow_m0064_r1/chain_3; post-transition V incl. rejections; h=0.01
dynamics_loss_trace,shallow_m0064_r2,0,stage_1,targets/shallow_m0064_r2/dynamics/h_0p01/chain_0/stage_1.h5,"scalars[:, 0] (V)",51200x26,float64,22798ef740035cc6895fe592d100e92264f875c98c5d05c53b96d2045b58c750,2001,53200,shallow_m0064_r2/chain_0; post-transition V incl. rejections; h=0.01
dynamics_loss_trace,shallow_m0064_r2,0,stage_2,targets/shallow_m0064_r2/dynamics/h_0p01/chain_0/stage_2.h5,"scalars[:, 0] (V)",51200x26,float64,52a1c22f521cac33f64b6342a2d01a1db677f6e86e8003ca30722b86ad4f5920,53201,104400,shallow_m0064_r2/chain_0; post-transition V incl. rejections; h=0.01
dynamics_loss_trace,shallow_m0064_r2,1,stage_1,targets/shallow_m0064_r2/dynamics/h_0p01/chain_1/stage_1.h5,"scalars[:, 0] (V)",51200x26,float64,424856b3a77a5b0169d8f2063f2c2e4decdfa3c93ec65a731a799d4623e483e0,2001,53200,shallow_m0064_r2/chain_1; post-transition V incl. rejections; h=0.01
dynamics_loss_trace,shallow_m0064_r2,1,stage_2,targets/shallow_m0064_r2/dynamics/h_0p01/chain_1/stage_2.h5,"scalars[:, 0] (V)",51200x26,float64,d0ccd18160b0642344d90e18d332bbf59aa158a7839c27e4449f83359bdcc546,53201,104400,shallow_m0064_r2/chain_1; post-transition V incl. rejections; h=0.01
dynamics_loss_trace,shallow_m0064_r2,2,stage_1,targets/shallow_m0064_r2/dynamics/h_0p01/chain_2/stage_1.h5,"scalars[:, 0] (V)",51200x26,float64,3fae208e3428032c9529366418c0f852fd22338bc5e0be6b8203a5b7f89dc34b,2001,53200,shallow_m0064_r2/chain_2; post-transition V incl. rejections; h=0.01
dynamics_loss_trace,shallow_m0064_r2,2,stage_2,targets/shallow_m0064_r2/dynamics/h_0p01/chain_2/stage_2.h5,"scalars[:, 0] (V)",51200x26,float64,0ea594667f4a59d36c32d230cb7f2767935fca63c37871c5ff9d48c15cbfb222,53201,104400,shallow_m0064_r2/chain_2; post-transition V incl. rejections; h=0.01
dynamics_loss_trace,shallow_m0064_r2,3,stage_1,targets/shallow_m0064_r2/dynamics/h_0p01/chain_3/stage_1.h5,"scalars[:, 0] (V)",51200x26,float64,3d62d2ef31d47c1fc951079c197e11712802e1ffca88dcabdff9d3a25f09ceae,2001,53200,shallow_m0064_r2/chain_3; post-transition V incl. rejections; h=0.01
dynamics_loss_trace,shallow_m0064_r2,3,stage_2,targets/shallow_m0064_r2/dynamics/h_0p01/chain_3/stage_2.h5,"scalars[:, 0] (V)",51200x26,float64,ec0da387739456be8f98e3f5f19b6f818914c610a507ec9260dc261988d3c66a,53201,104400,shallow_m0064_r2/chain_3; post-transition V incl. rejections; h=0.01
dynamics_loss_trace,shallow_m0256_r0,0,stage_1,targets/shallow_m0256_r0/dynamics/h_0p01/chain_0/stage_1.h5,"scalars[:, 0] (V)",51200x26,float64,431341491632f59a859dddc09ebfc7c2d8cc379ecda6ad4d98670f943c5632e8,2001,53200,shallow_m0256_r0/chain_0; post-transition V incl. rejections; h=0.01
dynamics_loss_trace,shallow_m0256_r0,0,stage_2,targets/shallow_m0256_r0/dynamics/h_0p01/chain_0/stage_2.h5,"scalars[:, 0] (V)",51200x26,float64,8e4ed57649967810bb77dcb5a4809cc4d6e99e7a8bc4b77f42f93b1413de497d,53201,104400,shallow_m0256_r0/chain_0; post-transition V incl. rejections; h=0.01
dynamics_loss_trace,shallow_m0256_r0,1,stage_1,targets/shallow_m0256_r0/dynamics/h_0p01/chain_1/stage_1.h5,"scalars[:, 0] (V)",51200x26,float64,548a2e9a2785a8900e042c6267736486b91ed6b4470504e7d378fa2060761d00,2001,53200,shallow_m0256_r0/chain_1; post-transition V incl. rejections; h=0.01
dynamics_loss_trace,shallow_m0256_r0,1,stage_2,targets/shallow_m0256_r0/dynamics/h_0p01/chain_1/stage_2.h5,"scalars[:, 0] (V)",51200x26,float64,08610c9d046df34efe88c5e3b7126198396d7c7aba6d1aa09fcc41ca5b650399,53201,104400,shallow_m0256_r0/chain_1; post-transition V incl. rejections; h=0.01
dynamics_loss_trace,shallow_m0256_r0,2,stage_1,targets/shallow_m0256_r0/dynamics/h_0p01/chain_2/stage_1.h5,"scalars[:, 0] (V)",51200x26,float64,826a0a5127e0773291cd65917586472a90e6a941898b8f1c77e0435060c67a03,2001,53200,shallow_m0256_r0/chain_2; post-transition V incl. rejections; h=0.01
dynamics_loss_trace,shallow_m0256_r0,2,stage_2,targets/shallow_m0256_r0/dynamics/h_0p01/chain_2/stage_2.h5,"scalars[:, 0] (V)",51200x26,float64,9c62d27035fa20fbc1acfa0b02f12db2eee8addf07116f9b77e44490fdd48518,53201,104400,shallow_m0256_r0/chain_2; post-transition V incl. rejections; h=0.01
dynamics_loss_trace,shallow_m0256_r0,3,stage_1,targets/shallow_m0256_r0/dynamics/h_0p01/chain_3/stage_1.h5,"scalars[:, 0] (V)",51200x26,float64,42ec493cea7c985ee6367ada69ed1835e556761c2cf0d02a5ea557d47e62f076,2001,53200,shallow_m0256_r0/chain_3; post-transition V incl. rejections; h=0.01
dynamics_loss_trace,shallow_m0256_r0,3,stage_2,targets/shallow_m0256_r0/dynamics/h_0p01/chain_3/stage_2.h5,"scalars[:, 0] (V)",51200x26,float64,a5abd5e2f50c5ea5a210ba5558f7ecdf6d84602fd8b0e8e5f794746f4288df2a,53201,104400,shallow_m0256_r0/chain_3; post-transition V incl. rejections; h=0.01
dynamics_loss_trace,shallow_m0256_r1,0,stage_1,targets/shallow_m0256_r1/dynamics/h_0p01/chain_0/stage_1.h5,"scalars[:, 0] (V)",51200x26,float64,6bbafaaf85110ddd797eec5dfb441d9ae0e2d202b2a4fa86843d38eb2b0e26bd,2001,53200,shallow_m0256_r1/chain_0; post-transition V incl. rejections; h=0.01
dynamics_loss_trace,shallow_m0256_r1,0,stage_2,targets/shallow_m0256_r1/dynamics/h_0p01/chain_0/stage_2.h5,"scalars[:, 0] (V)",51200x26,float64,3a2f4a7c65bca03e48a90630d04c592cd211863fa8e749c63af92d3871deac53,53201,104400,shallow_m0256_r1/chain_0; post-transition V incl. rejections; h=0.01
dynamics_loss_trace,shallow_m0256_r1,1,stage_1,targets/shallow_m0256_r1/dynamics/h_0p01/chain_1/stage_1.h5,"scalars[:, 0] (V)",51200x26,float64,d8e6e88fac4c64e07d22d97ad0b7dfd4e2edb15cfebd3e1f49042552bc6f4f64,2001,53200,shallow_m0256_r1/chain_1; post-transition V incl. rejections; h=0.01
dynamics_loss_trace,shallow_m0256_r1,1,stage_2,targets/shallow_m0256_r1/dynamics/h_0p01/chain_1/stage_2.h5,"scalars[:, 0] (V)",51200x26,float64,e6a4f5c29b203104c98f412d2d13840ac0e4846a6f0a5df00656292fd2f929ec,53201,104400,shallow_m0256_r1/chain_1; post-transition V incl. rejections; h=0.01
dynamics_loss_trace,shallow_m0256_r1,2,stage_1,targets/shallow_m0256_r1/dynamics/h_0p01/chain_2/stage_1.h5,"scalars[:, 0] (V)",51200x26,float64,30fd881090dae4aa16c9c5ca593c4b6190c57e982e1636a92038497055f9241a,2001,53200,shallow_m0256_r1/chain_2; post-transition V incl. rejections; h=0.01
dynamics_loss_trace,shallow_m0256_r1,2,stage_2,targets/shallow_m0256_r1/dynamics/h_0p01/chain_2/stage_2.h5,"scalars[:, 0] (V)",51200x26,float64,05cc12839486e8007c22acdea258f4ee4ca3f3221822824576bcb8ed277ae40a,53201,104400,shallow_m0256_r1/chain_2; post-transition V incl. rejections; h=0.01
dynamics_loss_trace,shallow_m0256_r1,3,stage_1,targets/shallow_m0256_r1/dynamics/h_0p01/chain_3/stage_1.h5,"scalars[:, 0] (V)",51200x26,float64,d7dc47d459b23d095e13a9f276e0bfcc128eba72ec86a9b6a5a4a038da334fac,2001,53200,shallow_m0256_r1/chain_3; post-transition V incl. rejections; h=0.01
dynamics_loss_trace,shallow_m0256_r1,3,stage_2,targets/shallow_m0256_r1/dynamics/h_0p01/chain_3/stage_2.h5,"scalars[:, 0] (V)",51200x26,float64,7360727c62b20885694ea838d5508d8537e699fa4cb61a476f5b80fffb250485,53201,104400,shallow_m0256_r1/chain_3; post-transition V incl. rejections; h=0.01
dynamics_loss_trace,shallow_m0256_r2,0,stage_1,targets/shallow_m0256_r2/dynamics/h_0p01/chain_0/stage_1.h5,"scalars[:, 0] (V)",51200x26,float64,f04870181214eb3bbad96f07d779f7f4a48de53b4c9793bea873eaeae9a8d672,2001,53200,shallow_m0256_r2/chain_0; post-transition V incl. rejections; h=0.01
dynamics_loss_trace,shallow_m0256_r2,0,stage_2,targets/shallow_m0256_r2/dynamics/h_0p01/chain_0/stage_2.h5,"scalars[:, 0] (V)",51200x26,float64,e6bc214b5ed0ce99dde62c1c88a20403ab92d4e61eeda60a0e3e75f26eb974ef,53201,104400,shallow_m0256_r2/chain_0; post-transition V incl. rejections; h=0.01
dynamics_loss_trace,shallow_m0256_r2,1,stage_1,targets/shallow_m0256_r2/dynamics/h_0p01/chain_1/stage_1.h5,"scalars[:, 0] (V)",51200x26,float64,4338acdd7726f1e1bf6d49a3d765b7c77750119ddb0080b907d88ce8849b70be,2001,53200,shallow_m0256_r2/chain_1; post-transition V incl. rejections; h=0.01
dynamics_loss_trace,shallow_m0256_r2,1,stage_2,targets/shallow_m0256_r2/dynamics/h_0p01/chain_1/stage_2.h5,"scalars[:, 0] (V)",51200x26,float64,25b51d36b8466e7760a84f4cf6d9f39cea966c2bdc2ecbe0467a5cf650021335,53201,104400,shallow_m0256_r2/chain_1; post-transition V incl. rejections; h=0.01
dynamics_loss_trace,shallow_m0256_r2,2,stage_1,targets/shallow_m0256_r2/dynamics/h_0p01/chain_2/stage_1.h5,"scalars[:, 0] (V)",51200x26,float64,dd6126020abf51af425521e658e36e654da3606e4c9f9e79224671f4c26556e3,2001,53200,shallow_m0256_r2/chain_2; post-transition V incl. rejections; h=0.01
dynamics_loss_trace,shallow_m0256_r2,2,stage_2,targets/shallow_m0256_r2/dynamics/h_0p01/chain_2/stage_2.h5,"scalars[:, 0] (V)",51200x26,float64,bc645427debcbf9afc310da9b17d8fca9577fe4c675704f71254e8f1aba1db84,53201,104400,shallow_m0256_r2/chain_2; post-transition V incl. rejections; h=0.01
dynamics_loss_trace,shallow_m0256_r2,3,stage_1,targets/shallow_m0256_r2/dynamics/h_0p01/chain_3/stage_1.h5,"scalars[:, 0] (V)",51200x26,float64,1b281aaa6570b3b6786ae308a08cdb458f7d2c3967fc068c47682a7f86b608f1,2001,53200,shallow_m0256_r2/chain_3; post-transition V incl. rejections; h=0.01
dynamics_loss_trace,shallow_m0256_r2,3,stage_2,targets/shallow_m0256_r2/dynamics/h_0p01/chain_3/stage_2.h5,"scalars[:, 0] (V)",51200x26,float64,ebfe6bcb362b89a4c52e3df9b3942412cc1f1af37bff7e7c148b47e506c924bf,53201,104400,shallow_m0256_r2/chain_3; post-transition V incl. rejections; h=0.01
dynamics_loss_trace,shallow_m1024_r0,0,stage_1,targets/shallow_m1024_r0/dynamics/h_0p01/chain_0/stage_1.h5,"scalars[:, 0] (V)",51200x26,float64,f305eb2bf82d98fe68432871c580993992fd9e46879cc88dd819fa94cce75b7c,2001,53200,shallow_m1024_r0/chain_0; post-transition V incl. rejections; h=0.01
dynamics_loss_trace,shallow_m1024_r0,0,stage_2,targets/shallow_m1024_r0/dynamics/h_0p01/chain_0/stage_2.h5,"scalars[:, 0] (V)",51200x26,float64,6cd0ed380f9050252055f93d6ca50b725485fae05df24f979e6953bb47083176,53201,104400,shallow_m1024_r0/chain_0; post-transition V incl. rejections; h=0.01
dynamics_loss_trace,shallow_m1024_r0,1,stage_1,targets/shallow_m1024_r0/dynamics/h_0p01/chain_1/stage_1.h5,"scalars[:, 0] (V)",51200x26,float64,e1424a7074ebe9013f2f4b93c423e2de1b30fa56e6fa6e0474e8372b637e0494,2001,53200,shallow_m1024_r0/chain_1; post-transition V incl. rejections; h=0.01
dynamics_loss_trace,shallow_m1024_r0,1,stage_2,targets/shallow_m1024_r0/dynamics/h_0p01/chain_1/stage_2.h5,"scalars[:, 0] (V)",51200x26,float64,515c3412bf3f26efb20533d05cf6e7d8b90a97edbac330f8a25f8597d489035d,53201,104400,shallow_m1024_r0/chain_1; post-transition V incl. rejections; h=0.01
dynamics_loss_trace,shallow_m1024_r0,2,stage_1,targets/shallow_m1024_r0/dynamics/h_0p01/chain_2/stage_1.h5,"scalars[:, 0] (V)",51200x26,float64,df47a501f85b7cc7c4a92d5621bad01b1e7ed02b82a2e6542776af36e41c7083,2001,53200,shallow_m1024_r0/chain_2; post-transition V incl. rejections; h=0.01
dynamics_loss_trace,shallow_m1024_r0,2,stage_2,targets/shallow_m1024_r0/dynamics/h_0p01/chain_2/stage_2.h5,"scalars[:, 0] (V)",51200x26,float64,5814aa6ad51e82231892c2ed2ff6c1d493d37701d088a96581c8aa2c6038e74b,53201,104400,shallow_m1024_r0/chain_2; post-transition V incl. rejections; h=0.01
dynamics_loss_trace,shallow_m1024_r0,3,stage_1,targets/shallow_m1024_r0/dynamics/h_0p01/chain_3/stage_1.h5,"scalars[:, 0] (V)",51200x26,float64,e86e6ff2049ce77ed51e9df76faf393846a1702943c38a06520c86e7353115d0,2001,53200,shallow_m1024_r0/chain_3; post-transition V incl. rejections; h=0.01
dynamics_loss_trace,shallow_m1024_r0,3,stage_2,targets/shallow_m1024_r0/dynamics/h_0p01/chain_3/stage_2.h5,"scalars[:, 0] (V)",51200x26,float64,39c24a922ca2a01f8588286b0e676ca7ccd9d59f02d29d4674b8f05799e6204e,53201,104400,shallow_m1024_r0/chain_3; post-transition V incl. rejections; h=0.01
dynamics_loss_trace,shallow_m1024_r1,0,stage_1,targets/shallow_m1024_r1/dynamics/h_0p01/chain_0/stage_1.h5,"scalars[:, 0] (V)",51200x26,float64,9e5093c3e858fd7e52467a0b1952ef28d8e3b0f321ed05b2862a074a21e88e3b,2001,53200,shallow_m1024_r1/chain_0; post-transition V incl. rejections; h=0.01
dynamics_loss_trace,shallow_m1024_r1,0,stage_2,targets/shallow_m1024_r1/dynamics/h_0p01/chain_0/stage_2.h5,"scalars[:, 0] (V)",51200x26,float64,eb1bb270056a29bc40f27d49f2a1bea2dd6ee2d64e1c778db0954e2a560b5e41,53201,104400,shallow_m1024_r1/chain_0; post-transition V incl. rejections; h=0.01
dynamics_loss_trace,shallow_m1024_r1,1,stage_1,targets/shallow_m1024_r1/dynamics/h_0p01/chain_1/stage_1.h5,"scalars[:, 0] (V)",51200x26,float64,85f08381708a0617a0833979e58bbd4a60ef17143afec82902521a4f5381a741,2001,53200,shallow_m1024_r1/chain_1; post-transition V incl. rejections; h=0.01
dynamics_loss_trace,shallow_m1024_r1,1,stage_2,targets/shallow_m1024_r1/dynamics/h_0p01/chain_1/stage_2.h5,"scalars[:, 0] (V)",51200x26,float64,143b4e56ed0f3544f3b87f5762fa674e77689d3608c192645fe5bb7d7cef960f,53201,104400,shallow_m1024_r1/chain_1; post-transition V incl. rejections; h=0.01
dynamics_loss_trace,shallow_m1024_r1,2,stage_1,targets/shallow_m1024_r1/dynamics/h_0p01/chain_2/stage_1.h5,"scalars[:, 0] (V)",51200x26,float64,103d894181871edcb6450e098f7efb15c54059511ff975a464e0f4ac6c73dd44,2001,53200,shallow_m1024_r1/chain_2; post-transition V incl. rejections; h=0.01
dynamics_loss_trace,shallow_m1024_r1,2,stage_2,targets/shallow_m1024_r1/dynamics/h_0p01/chain_2/stage_2.h5,"scalars[:, 0] (V)",51200x26,float64,786fc815c14ecccaae75c0ef53625f2473aeb46350d62879d27292cb513ce48e,53201,104400,shallow_m1024_r1/chain_2; post-transition V incl. rejections; h=0.01
dynamics_loss_trace,shallow_m1024_r1,3,stage_1,targets/shallow_m1024_r1/dynamics/h_0p01/chain_3/stage_1.h5,"scalars[:, 0] (V)",51200x26,float64,3fe1f4324aef8bd06440d2ca56a0b884bac17053e913b8f8220e8dd94923af45,2001,53200,shallow_m1024_r1/chain_3; post-transition V incl. rejections; h=0.01
dynamics_loss_trace,shallow_m1024_r1,3,stage_2,targets/shallow_m1024_r1/dynamics/h_0p01/chain_3/stage_2.h5,"scalars[:, 0] (V)",51200x26,float64,d51e999fdc83c15fe023f86f18f2e87ca8650d0da9801f87ce8ce0ec2dbe477b,53201,104400,shallow_m1024_r1/chain_3; post-transition V incl. rejections; h=0.01
dynamics_loss_trace,shallow_m1024_r2,0,stage_1,targets/shallow_m1024_r2/dynamics/h_0p01/chain_0/stage_1.h5,"scalars[:, 0] (V)",51200x26,float64,a6c568f13fd72fc524561fbf13ec55001c7448f8103e5357935ac534249e3de6,2001,53200,shallow_m1024_r2/chain_0; post-transition V incl. rejections; h=0.01
dynamics_loss_trace,shallow_m1024_r2,0,stage_2,targets/shallow_m1024_r2/dynamics/h_0p01/chain_0/stage_2.h5,"scalars[:, 0] (V)",51200x26,float64,63682a27a47bd683d32c2fda9770f2b19d428b6e5229c6a2017cc00ac07e1386,53201,104400,shallow_m1024_r2/chain_0; post-transition V incl. rejections; h=0.01
dynamics_loss_trace,shallow_m1024_r2,1,stage_1,targets/shallow_m1024_r2/dynamics/h_0p01/chain_1/stage_1.h5,"scalars[:, 0] (V)",51200x26,float64,29579b1be00bdfee763bc887024694d1bf9481b0888ac3aedc4e3ab7d0d76266,2001,53200,shallow_m1024_r2/chain_1; post-transition V incl. rejections; h=0.01
dynamics_loss_trace,shallow_m1024_r2,1,stage_2,targets/shallow_m1024_r2/dynamics/h_0p01/chain_1/stage_2.h5,"scalars[:, 0] (V)",51200x26,float64,2b0d546d79a10341607d936b5ca8d9ae76aec0d0f77cd456749952d68485b32e,53201,104400,shallow_m1024_r2/chain_1; post-transition V incl. rejections; h=0.01
dynamics_loss_trace,shallow_m1024_r2,2,stage_1,targets/shallow_m1024_r2/dynamics/h_0p01/chain_2/stage_1.h5,"scalars[:, 0] (V)",51200x26,float64,ecdfe1044eb909ac32d3d26bcbe98eee12f07e6cb6aab518f2ddcc4ecbd2649c,2001,53200,shallow_m1024_r2/chain_2; post-transition V incl. rejections; h=0.01
dynamics_loss_trace,shallow_m1024_r2,2,stage_2,targets/shallow_m1024_r2/dynamics/h_0p01/chain_2/stage_2.h5,"scalars[:, 0] (V)",51200x26,float64,78b8ad471a1fb0c16d7574ba29f92dacb91dc75010a0fd2208c9eb1775524fb6,53201,104400,shallow_m1024_r2/chain_2; post-transition V incl. rejections; h=0.01
dynamics_loss_trace,shallow_m1024_r2,3,stage_1,targets/shallow_m1024_r2/dynamics/h_0p01/chain_3/stage_1.h5,"scalars[:, 0] (V)",51200x26,float64,e82011128e1dd15d40db14b05e7262046119db1c70d21f2c4c45df457269ce8d,2001,53200,shallow_m1024_r2/chain_3; post-transition V incl. rejections; h=0.01
dynamics_loss_trace,shallow_m1024_r2,3,stage_2,targets/shallow_m1024_r2/dynamics/h_0p01/chain_3/stage_2.h5,"scalars[:, 0] (V)",51200x26,float64,32e6b0690a3c1a8fa2308b2d0b50a8f517e237fb4d3b72e3e035792a546006dd,53201,104400,shallow_m1024_r2/chain_3; post-transition V incl. rejections; h=0.01
dynamics_loss_trace,shallow_m4096_r0,0,stage_1,targets/shallow_m4096_r0/dynamics/h_0p01/chain_0/stage_1.h5,"scalars[:, 0] (V)",51200x26,float64,05604a9bf8a15f650bfbcc5d4baef1317f9bc4ad005e4194c92648521342d208,2001,53200,shallow_m4096_r0/chain_0; post-transition V incl. rejections; h=0.01
dynamics_loss_trace,shallow_m4096_r0,0,stage_2,targets/shallow_m4096_r0/dynamics/h_0p01/chain_0/stage_2.h5,"scalars[:, 0] (V)",51200x26,float64,d553ea0489709404d53de3a070a889c6b739601421d23bc9930620d68e77ca69,53201,104400,shallow_m4096_r0/chain_0; post-transition V incl. rejections; h=0.01
dynamics_loss_trace,shallow_m4096_r0,1,stage_1,targets/shallow_m4096_r0/dynamics/h_0p01/chain_1/stage_1.h5,"scalars[:, 0] (V)",51200x26,float64,69a255dbeb59469dfc367ef9b691736217e59ad927839a17f64c96a302757952,2001,53200,shallow_m4096_r0/chain_1; post-transition V incl. rejections; h=0.01
dynamics_loss_trace,shallow_m4096_r0,1,stage_2,targets/shallow_m4096_r0/dynamics/h_0p01/chain_1/stage_2.h5,"scalars[:, 0] (V)",51200x26,float64,e51f1608c995d17151f29984273ed7993adc586e40d136010b281de99451459a,53201,104400,shallow_m4096_r0/chain_1; post-transition V incl. rejections; h=0.01
dynamics_loss_trace,shallow_m4096_r0,2,stage_1,targets/shallow_m4096_r0/dynamics/h_0p01/chain_2/stage_1.h5,"scalars[:, 0] (V)",51200x26,float64,dd6d7c6f8bfbfa63466757fb6aa5181bdb7f30cf5b9a5b9f431fbcb34287d8fc,2001,53200,shallow_m4096_r0/chain_2; post-transition V incl. rejections; h=0.01
dynamics_loss_trace,shallow_m4096_r0,2,stage_2,targets/shallow_m4096_r0/dynamics/h_0p01/chain_2/stage_2.h5,"scalars[:, 0] (V)",51200x26,float64,135f51d5d68c1ac2d2498e035bfd4b67b7779dd5d1b2c5daf1f53241c5a10754,53201,104400,shallow_m4096_r0/chain_2; post-transition V incl. rejections; h=0.01
dynamics_loss_trace,shallow_m4096_r0,3,stage_1,targets/shallow_m4096_r0/dynamics/h_0p01/chain_3/stage_1.h5,"scalars[:, 0] (V)",51200x26,float64,4c219736b4c4b04ff6415439afeadad12b8c465184e24ab99e7098d3c17607e1,2001,53200,shallow_m4096_r0/chain_3; post-transition V incl. rejections; h=0.01
dynamics_loss_trace,shallow_m4096_r0,3,stage_2,targets/shallow_m4096_r0/dynamics/h_0p01/chain_3/stage_2.h5,"scalars[:, 0] (V)",51200x26,float64,ed97463ac97d63db71654103b6bf4c2a36decba4fb732a8a2aff9c522a3200b6,53201,104400,shallow_m4096_r0/chain_3; post-transition V incl. rejections; h=0.01
dynamics_loss_trace,shallow_m4096_r1,0,stage_1,targets/shallow_m4096_r1/dynamics/h_0p01/chain_0/stage_1.h5,"scalars[:, 0] (V)",51200x26,float64,97dd10285d569b950c9b31b23a405fe0153036786938e6bdcf21640800ed8632,2001,53200,shallow_m4096_r1/chain_0; post-transition V incl. rejections; h=0.01
dynamics_loss_trace,shallow_m4096_r1,0,stage_2,targets/shallow_m4096_r1/dynamics/h_0p01/chain_0/stage_2.h5,"scalars[:, 0] (V)",51200x26,float64,77413a4437a8226984ada2ff431fb681bb3dcfead5177cf66a30253559c5bc67,53201,104400,shallow_m4096_r1/chain_0; post-transition V incl. rejections; h=0.01
dynamics_loss_trace,shallow_m4096_r1,1,stage_1,targets/shallow_m4096_r1/dynamics/h_0p01/chain_1/stage_1.h5,"scalars[:, 0] (V)",51200x26,float64,e6d2c2954ebc7a81bee9cfd505a4fe3bb4985358f871f647aad8b516ae4b45a3,2001,53200,shallow_m4096_r1/chain_1; post-transition V incl. rejections; h=0.01
dynamics_loss_trace,shallow_m4096_r1,1,stage_2,targets/shallow_m4096_r1/dynamics/h_0p01/chain_1/stage_2.h5,"scalars[:, 0] (V)",51200x26,float64,27f87410f879b13baca1a7ef2e700ba51532479ecb4fd11bf7a747e005e9f81e,53201,104400,shallow_m4096_r1/chain_1; post-transition V incl. rejections; h=0.01
dynamics_loss_trace,shallow_m4096_r1,2,stage_1,targets/shallow_m4096_r1/dynamics/h_0p01/chain_2/stage_1.h5,"scalars[:, 0] (V)",51200x26,float64,f2c1d88f0cf11aaef92cdb6be84e1db391c56b825fd737ab3b49f3297d67f2e4,2001,53200,shallow_m4096_r1/chain_2; post-transition V incl. rejections; h=0.01
dynamics_loss_trace,shallow_m4096_r1,2,stage_2,targets/shallow_m4096_r1/dynamics/h_0p01/chain_2/stage_2.h5,"scalars[:, 0] (V)",51200x26,float64,19152b5dbcd6c601a7dff54b4328cca44a1a52210221f6e60cc7f47056b2710d,53201,104400,shallow_m4096_r1/chain_2; post-transition V incl. rejections; h=0.01
dynamics_loss_trace,shallow_m4096_r1,3,stage_1,targets/shallow_m4096_r1/dynamics/h_0p01/chain_3/stage_1.h5,"scalars[:, 0] (V)",51200x26,float64,fe4a7aac641d61c716d09b8de153cdc1299c07594910871cead4189b3dcdb89c,2001,53200,shallow_m4096_r1/chain_3; post-transition V incl. rejections; h=0.01
dynamics_loss_trace,shallow_m4096_r1,3,stage_2,targets/shallow_m4096_r1/dynamics/h_0p01/chain_3/stage_2.h5,"scalars[:, 0] (V)",51200x26,float64,753b3c16c9a97278e489c760d119ab4a029e24fb0eb3a948d2a4d86ceec41ea7,53201,104400,shallow_m4096_r1/chain_3; post-transition V incl. rejections; h=0.01
dynamics_loss_trace,shallow_m4096_r2,0,stage_1,targets/shallow_m4096_r2/dynamics/h_0p01/chain_0/stage_1.h5,"scalars[:, 0] (V)",51200x26,float64,4e2cb45598a1223de9c70f78882f546f6b4ddc2e539a6bd18c5f204ed6ebd011,2001,53200,shallow_m4096_r2/chain_0; post-transition V incl. rejections; h=0.01
dynamics_loss_trace,shallow_m4096_r2,0,stage_2,targets/shallow_m4096_r2/dynamics/h_0p01/chain_0/stage_2.h5,"scalars[:, 0] (V)",51200x26,float64,49d490d0ec24fef26a3ee5cfd60548b6b23a0d602264ea2dfbbdc5fa7663d6d7,53201,104400,shallow_m4096_r2/chain_0; post-transition V incl. rejections; h=0.01
dynamics_loss_trace,shallow_m4096_r2,1,stage_1,targets/shallow_m4096_r2/dynamics/h_0p01/chain_1/stage_1.h5,"scalars[:, 0] (V)",51200x26,float64,f740531300427fd9b0e4e9b6b7788e1fd554e85e21082d125e2c73214301addf,2001,53200,shallow_m4096_r2/chain_1; post-transition V incl. rejections; h=0.01
dynamics_loss_trace,shallow_m4096_r2,1,stage_2,targets/shallow_m4096_r2/dynamics/h_0p01/chain_1/stage_2.h5,"scalars[:, 0] (V)",51200x26,float64,6f73b681d43dec6ea61ebebaac52a4a650922888ed6328a1c7a238ced66ba5ef,53201,104400,shallow_m4096_r2/chain_1; post-transition V incl. rejections; h=0.01
dynamics_loss_trace,shallow_m4096_r2,2,stage_1,targets/shallow_m4096_r2/dynamics/h_0p01/chain_2/stage_1.h5,"scalars[:, 0] (V)",51200x26,float64,184fa09ec0ab35ad14bbd38f1104b08cf5d142672c14e739c960cff8c8c5a6e1,2001,53200,shallow_m4096_r2/chain_2; post-transition V incl. rejections; h=0.01
dynamics_loss_trace,shallow_m4096_r2,2,stage_2,targets/shallow_m4096_r2/dynamics/h_0p01/chain_2/stage_2.h5,"scalars[:, 0] (V)",51200x26,float64,802868358481a2bc1785d241df814fd5b3e6bf0011f2e23fe8512bb02a57a42f,53201,104400,shallow_m4096_r2/chain_2; post-transition V incl. rejections; h=0.01
dynamics_loss_trace,shallow_m4096_r2,3,stage_1,targets/shallow_m4096_r2/dynamics/h_0p01/chain_3/stage_1.h5,"scalars[:, 0] (V)",51200x26,float64,d2da000a0bc94a1a61a857a49f76c2608dfa06a0b490ec7313d90278db7aa03c,2001,53200,shallow_m4096_r2/chain_3; post-transition V incl. rejections; h=0.01
dynamics_loss_trace,shallow_m4096_r2,3,stage_2,targets/shallow_m4096_r2/dynamics/h_0p01/chain_3/stage_2.h5,"scalars[:, 0] (V)",51200x26,float64,20a8922cd8da5349f5aa4d79ba17b3ae9b6c97cfef205675ad915147e8faf9a0,53201,104400,shallow_m4096_r2/chain_3; post-transition V incl. rejections; h=0.01
dynamics_loss_trace,deep_m0032_r0,0,stage_1,targets/deep_m0032_r0/dynamics/h_0p01/chain_0/stage_1.h5,"scalars[:, 0] (V)",51200x27,float64,54ab50b3ea361e58b6228a1e4f7e0efaa55eaaa6a3b0ecc88e5e3b7595fa70fd,2001,53200,deep_m0032_r0/chain_0; post-transition V incl. rejections; h=0.01
dynamics_loss_trace,deep_m0032_r0,0,stage_2,targets/deep_m0032_r0/dynamics/h_0p01/chain_0/stage_2.h5,"scalars[:, 0] (V)",51200x27,float64,fcb82daae49be6ba4dee1dd625e1c39678bb396e10dbb0f11dd1762afaa8885e,53201,104400,deep_m0032_r0/chain_0; post-transition V incl. rejections; h=0.01
dynamics_loss_trace,deep_m0032_r0,1,stage_1,targets/deep_m0032_r0/dynamics/h_0p01/chain_1/stage_1.h5,"scalars[:, 0] (V)",51200x27,float64,3013866a60c73f1f8ae3b8a4170ac363bb8a7789ccc1ebf771a24d95149a283b,2001,53200,deep_m0032_r0/chain_1; post-transition V incl. rejections; h=0.01
dynamics_loss_trace,deep_m0032_r0,1,stage_2,targets/deep_m0032_r0/dynamics/h_0p01/chain_1/stage_2.h5,"scalars[:, 0] (V)",51200x27,float64,cf07501eb242a398c4e2e6ef1c7dc12fade158a86dd9a30ce51c681bed4531b0,53201,104400,deep_m0032_r0/chain_1; post-transition V incl. rejections; h=0.01
dynamics_loss_trace,deep_m0032_r0,2,stage_1,targets/deep_m0032_r0/dynamics/h_0p01/chain_2/stage_1.h5,"scalars[:, 0] (V)",51200x27,float64,01d51220227447caa6ba1d7b8dc8a69a1ac71d413cbc3a6cc2c180e1d28365fe,2001,53200,deep_m0032_r0/chain_2; post-transition V incl. rejections; h=0.01
dynamics_loss_trace,deep_m0032_r0,2,stage_2,targets/deep_m0032_r0/dynamics/h_0p01/chain_2/stage_2.h5,"scalars[:, 0] (V)",51200x27,float64,b3fb1d946c72e64c4016eecebb1b585ddbc13c1343f8fd8ba622c1f09595f552,53201,104400,deep_m0032_r0/chain_2; post-transition V incl. rejections; h=0.01
dynamics_loss_trace,deep_m0032_r0,3,stage_1,targets/deep_m0032_r0/dynamics/h_0p01/chain_3/stage_1.h5,"scalars[:, 0] (V)",51200x27,float64,d6e3ab2ea36f709c12a4c9b72a7c6aa0b1e3ab65f6331e3094230a72a98641ed,2001,53200,deep_m0032_r0/chain_3; post-transition V incl. rejections; h=0.01
dynamics_loss_trace,deep_m0032_r0,3,stage_2,targets/deep_m0032_r0/dynamics/h_0p01/chain_3/stage_2.h5,"scalars[:, 0] (V)",51200x27,float64,0a19987b8c9151225e2cc7cf69ba8ef1feb6a84e6ce44d20edba1b5efe39db33,53201,104400,deep_m0032_r0/chain_3; post-transition V incl. rejections; h=0.01
dynamics_loss_trace,deep_m0032_r1,0,stage_1,targets/deep_m0032_r1/dynamics/h_0p01/chain_0/stage_1.h5,"scalars[:, 0] (V)",51200x27,float64,1963b1158e6aa2debafe0f5a8090c462c4e69aa2c8b08e7a9f6a42489ae54420,2001,53200,deep_m0032_r1/chain_0; post-transition V incl. rejections; h=0.01
dynamics_loss_trace,deep_m0032_r1,0,stage_2,targets/deep_m0032_r1/dynamics/h_0p01/chain_0/stage_2.h5,"scalars[:, 0] (V)",51200x27,float64,06ae6a6a8a0c0d3bf072d8787f208292b4a14737637c5f0264bd473574401527,53201,104400,deep_m0032_r1/chain_0; post-transition V incl. rejections; h=0.01
dynamics_loss_trace,deep_m0032_r1,0,stage_3,targets/deep_m0032_r1/dynamics/h_0p01/chain_0/stage_3.h5,"scalars[:, 0] (V)",102400x27,float64,6a59449779279500b0ee9768631974d7f2c607ce2db5f5badd202b938b6fc662,104401,206800,deep_m0032_r1/chain_0; post-transition V incl. rejections; h=0.01
dynamics_loss_trace,deep_m0032_r1,1,stage_1,targets/deep_m0032_r1/dynamics/h_0p01/chain_1/stage_1.h5,"scalars[:, 0] (V)",51200x27,float64,20c237e701088f62d75ed454f1217019561d3b8eabdb2ccadb5c84da63f61650,2001,53200,deep_m0032_r1/chain_1; post-transition V incl. rejections; h=0.01
dynamics_loss_trace,deep_m0032_r1,1,stage_2,targets/deep_m0032_r1/dynamics/h_0p01/chain_1/stage_2.h5,"scalars[:, 0] (V)",51200x27,float64,001e8e8a1b3288716b5373694fa0d32e42a595718eddee4daf38220bdec121c7,53201,104400,deep_m0032_r1/chain_1; post-transition V incl. rejections; h=0.01
dynamics_loss_trace,deep_m0032_r1,1,stage_3,targets/deep_m0032_r1/dynamics/h_0p01/chain_1/stage_3.h5,"scalars[:, 0] (V)",102400x27,float64,72aa8b4829c8fa8ac9c10a82f15d20c14df7fe137fc1989e60d454cba19ccdf5,104401,206800,deep_m0032_r1/chain_1; post-transition V incl. rejections; h=0.01
dynamics_loss_trace,deep_m0032_r1,2,stage_1,targets/deep_m0032_r1/dynamics/h_0p01/chain_2/stage_1.h5,"scalars[:, 0] (V)",51200x27,float64,33059c15f492354d7c048ed3a95353879f7cd97accb518c98179628305da1680,2001,53200,deep_m0032_r1/chain_2; post-transition V incl. rejections; h=0.01
dynamics_loss_trace,deep_m0032_r1,2,stage_2,targets/deep_m0032_r1/dynamics/h_0p01/chain_2/stage_2.h5,"scalars[:, 0] (V)",51200x27,float64,0cc8e1195e41068923038307d335888909c7b85b479ab0052000c7137181ea51,53201,104400,deep_m0032_r1/chain_2; post-transition V incl. rejections; h=0.01
dynamics_loss_trace,deep_m0032_r1,2,stage_3,targets/deep_m0032_r1/dynamics/h_0p01/chain_2/stage_3.h5,"scalars[:, 0] (V)",102400x27,float64,8ab9c384258961fa5bdf36c5d4ae0054b623a13a7fe77d1903f5a01d3b5a75c4,104401,206800,deep_m0032_r1/chain_2; post-transition V incl. rejections; h=0.01
dynamics_loss_trace,deep_m0032_r1,3,stage_1,targets/deep_m0032_r1/dynamics/h_0p01/chain_3/stage_1.h5,"scalars[:, 0] (V)",51200x27,float64,f87649476ec66fd942f6432952ef0978cd5c3e4c10b8243cc4f8d6d21b24935f,2001,53200,deep_m0032_r1/chain_3; post-transition V incl. rejections; h=0.01
dynamics_loss_trace,deep_m0032_r1,3,stage_2,targets/deep_m0032_r1/dynamics/h_0p01/chain_3/stage_2.h5,"scalars[:, 0] (V)",51200x27,float64,83de6b0b20a7b5a12688a124ff6742ac401bb95cef3c23ccfe38a09e767d8294,53201,104400,deep_m0032_r1/chain_3; post-transition V incl. rejections; h=0.01
dynamics_loss_trace,deep_m0032_r1,3,stage_3,targets/deep_m0032_r1/dynamics/h_0p01/chain_3/stage_3.h5,"scalars[:, 0] (V)",102400x27,float64,d053679545676c702e33b3b267e742dfd5a516293046a518adae9191c6db66c5,104401,206800,deep_m0032_r1/chain_3; post-transition V incl. rejections; h=0.01
dynamics_loss_trace,deep_m0032_r2,0,stage_1,targets/deep_m0032_r2/dynamics/h_0p01/chain_0/stage_1.h5,"scalars[:, 0] (V)",51200x27,float64,c1abd1dfdbcb57ea4dee05fce4ce3cc0568b28a34d6b99c02fe047952026a908,2001,53200,deep_m0032_r2/chain_0; post-transition V incl. rejections; h=0.01
dynamics_loss_trace,deep_m0032_r2,0,stage_2,targets/deep_m0032_r2/dynamics/h_0p01/chain_0/stage_2.h5,"scalars[:, 0] (V)",51200x27,float64,e8324adca41c72c0946bb3285329d915a9a671284adc9f352c84d555909f1da4,53201,104400,deep_m0032_r2/chain_0; post-transition V incl. rejections; h=0.01
dynamics_loss_trace,deep_m0032_r2,1,stage_1,targets/deep_m0032_r2/dynamics/h_0p01/chain_1/stage_1.h5,"scalars[:, 0] (V)",51200x27,float64,859238633dc73ce8bdc85824451b71779d3ef7c012a971e80f016574b727dd82,2001,53200,deep_m0032_r2/chain_1; post-transition V incl. rejections; h=0.01
dynamics_loss_trace,deep_m0032_r2,1,stage_2,targets/deep_m0032_r2/dynamics/h_0p01/chain_1/stage_2.h5,"scalars[:, 0] (V)",51200x27,float64,367f6c9dd4ce0879dcc49c26b99408b6d2522e2fbb1eb7a3325f7c62e5dba6ae,53201,104400,deep_m0032_r2/chain_1; post-transition V incl. rejections; h=0.01
dynamics_loss_trace,deep_m0032_r2,2,stage_1,targets/deep_m0032_r2/dynamics/h_0p01/chain_2/stage_1.h5,"scalars[:, 0] (V)",51200x27,float64,0d49123a7a4b97d32e1eee341dc2a1156ce1c43f9bfe1a2fb9c3dc72033ae12f,2001,53200,deep_m0032_r2/chain_2; post-transition V incl. rejections; h=0.01
dynamics_loss_trace,deep_m0032_r2,2,stage_2,targets/deep_m0032_r2/dynamics/h_0p01/chain_2/stage_2.h5,"scalars[:, 0] (V)",51200x27,float64,6c4a4a73b0bb8502c5099ac83744e84f5c4fcbe531a016b186989a5a4bc4d3e0,53201,104400,deep_m0032_r2/chain_2; post-transition V incl. rejections; h=0.01
dynamics_loss_trace,deep_m0032_r2,3,stage_1,targets/deep_m0032_r2/dynamics/h_0p01/chain_3/stage_1.h5,"scalars[:, 0] (V)",51200x27,float64,e0f456027a0b638e8cc75212b0d34c7fb24a91e094378edfc36486089fd0b09f,2001,53200,deep_m0032_r2/chain_3; post-transition V incl. rejections; h=0.01
dynamics_loss_trace,deep_m0032_r2,3,stage_2,targets/deep_m0032_r2/dynamics/h_0p01/chain_3/stage_2.h5,"scalars[:, 0] (V)",51200x27,float64,e54c50c637bc63d46445861fe0e00d3085933f1ec35483ad9a41b5c0df8c96b6,53201,104400,deep_m0032_r2/chain_3; post-transition V incl. rejections; h=0.01
dynamics_loss_trace,deep_m0064_r0,0,stage_1,targets/deep_m0064_r0/dynamics/h_0p01/chain_0/stage_1.h5,"scalars[:, 0] (V)",51200x27,float64,789256a5749780d43658e9451542ae3220c468dfdcb0a6ab884e517773cef6bd,2001,53200,deep_m0064_r0/chain_0; post-transition V incl. rejections; h=0.01
dynamics_loss_trace,deep_m0064_r0,0,stage_2,targets/deep_m0064_r0/dynamics/h_0p01/chain_0/stage_2.h5,"scalars[:, 0] (V)",51200x27,float64,d798060aaa14589534c9283c5d9e2e90b68fe553fe2649d4020123e26978c8b9,53201,104400,deep_m0064_r0/chain_0; post-transition V incl. rejections; h=0.01
dynamics_loss_trace,deep_m0064_r0,1,stage_1,targets/deep_m0064_r0/dynamics/h_0p01/chain_1/stage_1.h5,"scalars[:, 0] (V)",51200x27,float64,4c91d4a9b97163274df7a3a0f4d7958dd9f217bb4e5db69fe033486d156edcef,2001,53200,deep_m0064_r0/chain_1; post-transition V incl. rejections; h=0.01
dynamics_loss_trace,deep_m0064_r0,1,stage_2,targets/deep_m0064_r0/dynamics/h_0p01/chain_1/stage_2.h5,"scalars[:, 0] (V)",51200x27,float64,56843edc3c375d523a0e761b66e123e6e3bd8ca38d39131e816afa95a1a0534e,53201,104400,deep_m0064_r0/chain_1; post-transition V incl. rejections; h=0.01
dynamics_loss_trace,deep_m0064_r0,2,stage_1,targets/deep_m0064_r0/dynamics/h_0p01/chain_2/stage_1.h5,"scalars[:, 0] (V)",51200x27,float64,f113b3f4ce35d84d6fa5abc871783d82785cd17a3fe36be0d56767e3b7d755df,2001,53200,deep_m0064_r0/chain_2; post-transition V incl. rejections; h=0.01
dynamics_loss_trace,deep_m0064_r0,2,stage_2,targets/deep_m0064_r0/dynamics/h_0p01/chain_2/stage_2.h5,"scalars[:, 0] (V)",51200x27,float64,e3724b693ac3142cb6b080f4ca12192b29f83696bc6d648ccee4e896ebd899ac,53201,104400,deep_m0064_r0/chain_2; post-transition V incl. rejections; h=0.01
dynamics_loss_trace,deep_m0064_r0,3,stage_1,targets/deep_m0064_r0/dynamics/h_0p01/chain_3/stage_1.h5,"scalars[:, 0] (V)",51200x27,float64,2853433066f36d40789dff6a761f2ca7f28901ea2a38d5c1fa231b46c38ac633,2001,53200,deep_m0064_r0/chain_3; post-transition V incl. rejections; h=0.01
dynamics_loss_trace,deep_m0064_r0,3,stage_2,targets/deep_m0064_r0/dynamics/h_0p01/chain_3/stage_2.h5,"scalars[:, 0] (V)",51200x27,float64,4f4ffcc9d24873d10af6a40fdca08bfc4a229f3d5e0be6362201c014dff9b956,53201,104400,deep_m0064_r0/chain_3; post-transition V incl. rejections; h=0.01
dynamics_loss_trace,deep_m0064_r1,0,stage_1,targets/deep_m0064_r1/dynamics/h_0p01/chain_0/stage_1.h5,"scalars[:, 0] (V)",51200x27,float64,e7429c626ffb45a6b507f063a454166d989d1ad91063522103431369f3e3f873,2001,53200,deep_m0064_r1/chain_0; post-transition V incl. rejections; h=0.01
dynamics_loss_trace,deep_m0064_r1,0,stage_2,targets/deep_m0064_r1/dynamics/h_0p01/chain_0/stage_2.h5,"scalars[:, 0] (V)",51200x27,float64,5437ad2827d345c6a5c754f41962eb129b8d3dfafe3eeedf0a876c96cfe98c13,53201,104400,deep_m0064_r1/chain_0; post-transition V incl. rejections; h=0.01
dynamics_loss_trace,deep_m0064_r1,1,stage_1,targets/deep_m0064_r1/dynamics/h_0p01/chain_1/stage_1.h5,"scalars[:, 0] (V)",51200x27,float64,2fa647026739624a5f0c34f17168cf22283bcb1623e8868523d43329b94667f5,2001,53200,deep_m0064_r1/chain_1; post-transition V incl. rejections; h=0.01
dynamics_loss_trace,deep_m0064_r1,1,stage_2,targets/deep_m0064_r1/dynamics/h_0p01/chain_1/stage_2.h5,"scalars[:, 0] (V)",51200x27,float64,096269ad31f446b10a432ab41c005cca4e1813fb171c91a6cd66728b3a750e01,53201,104400,deep_m0064_r1/chain_1; post-transition V incl. rejections; h=0.01
dynamics_loss_trace,deep_m0064_r1,2,stage_1,targets/deep_m0064_r1/dynamics/h_0p01/chain_2/stage_1.h5,"scalars[:, 0] (V)",51200x27,float64,6b006aa63e72ed74f3892d518017c22bc4ab155ab6e6b6683719d535b36fb8ec,2001,53200,deep_m0064_r1/chain_2; post-transition V incl. rejections; h=0.01
dynamics_loss_trace,deep_m0064_r1,2,stage_2,targets/deep_m0064_r1/dynamics/h_0p01/chain_2/stage_2.h5,"scalars[:, 0] (V)",51200x27,float64,e55753c7578c1d6ee6ef3ae890df8d0b34c8e19e85062b1f1ee62d535280e1ee,53201,104400,deep_m0064_r1/chain_2; post-transition V incl. rejections; h=0.01
dynamics_loss_trace,deep_m0064_r1,3,stage_1,targets/deep_m0064_r1/dynamics/h_0p01/chain_3/stage_1.h5,"scalars[:, 0] (V)",51200x27,float64,ae47fe2d7a17886a2c5c34aec7158e515606d1352dfd61c89b04d534d937eb1c,2001,53200,deep_m0064_r1/chain_3; post-transition V incl. rejections; h=0.01
dynamics_loss_trace,deep_m0064_r1,3,stage_2,targets/deep_m0064_r1/dynamics/h_0p01/chain_3/stage_2.h5,"scalars[:, 0] (V)",51200x27,float64,43b5ff0a202f2928f97c56f9f7e859b8a6a98427d3a15bb9a0789c328a3850c1,53201,104400,deep_m0064_r1/chain_3; post-transition V incl. rejections; h=0.01
dynamics_loss_trace,deep_m0064_r2,0,stage_1,targets/deep_m0064_r2/dynamics/h_0p01/chain_0/stage_1.h5,"scalars[:, 0] (V)",51200x27,float64,bad1f2262ae7f539df1244575eeb36c58dbff3609cea75c0b054b01bf277c953,2001,53200,deep_m0064_r2/chain_0; post-transition V incl. rejections; h=0.01
dynamics_loss_trace,deep_m0064_r2,0,stage_2,targets/deep_m0064_r2/dynamics/h_0p01/chain_0/stage_2.h5,"scalars[:, 0] (V)",51200x27,float64,81cf626769c6947a7a64e79e419fd8d2d76ccfd048d834915baed5360840d5f9,53201,104400,deep_m0064_r2/chain_0; post-transition V incl. rejections; h=0.01
dynamics_loss_trace,deep_m0064_r2,1,stage_1,targets/deep_m0064_r2/dynamics/h_0p01/chain_1/stage_1.h5,"scalars[:, 0] (V)",51200x27,float64,e486511c0412b27ea5346f5b844393c1ebfa3bb6287adb865e1231bff49425c0,2001,53200,deep_m0064_r2/chain_1; post-transition V incl. rejections; h=0.01
dynamics_loss_trace,deep_m0064_r2,1,stage_2,targets/deep_m0064_r2/dynamics/h_0p01/chain_1/stage_2.h5,"scalars[:, 0] (V)",51200x27,float64,09b3961324ca0cf4f1c33ac508c6cf9b3063f8c760a390c37a1d56617e685a23,53201,104400,deep_m0064_r2/chain_1; post-transition V incl. rejections; h=0.01
dynamics_loss_trace,deep_m0064_r2,2,stage_1,targets/deep_m0064_r2/dynamics/h_0p01/chain_2/stage_1.h5,"scalars[:, 0] (V)",51200x27,float64,976b122a6001054711a3970befc1bb023539c1e1a61eb29382dab5a9cb5aad84,2001,53200,deep_m0064_r2/chain_2; post-transition V incl. rejections; h=0.01
dynamics_loss_trace,deep_m0064_r2,2,stage_2,targets/deep_m0064_r2/dynamics/h_0p01/chain_2/stage_2.h5,"scalars[:, 0] (V)",51200x27,float64,e9a5852b45c42d78611feda3b4958be3b2c7b599bf1a67844da4f3d51e1b444b,53201,104400,deep_m0064_r2/chain_2; post-transition V incl. rejections; h=0.01
dynamics_loss_trace,deep_m0064_r2,3,stage_1,targets/deep_m0064_r2/dynamics/h_0p01/chain_3/stage_1.h5,"scalars[:, 0] (V)",51200x27,float64,c3fe9c3da35d9881dbe03ade0da519ab82aa5e901b35ece6ec3557cc2f3bfec8,2001,53200,deep_m0064_r2/chain_3; post-transition V incl. rejections; h=0.01
dynamics_loss_trace,deep_m0064_r2,3,stage_2,targets/deep_m0064_r2/dynamics/h_0p01/chain_3/stage_2.h5,"scalars[:, 0] (V)",51200x27,float64,f35b06e52a4370d1782a43d38327023485a4ccef2b4d5980be35d8fba63b52e3,53201,104400,deep_m0064_r2/chain_3; post-transition V incl. rejections; h=0.01
dynamics_loss_trace,deep_m0128_r0,0,stage_1,targets/deep_m0128_r0/dynamics/h_0p01/chain_0/stage_1.h5,"scalars[:, 0] (V)",51200x27,float64,4bede1b30c222928a410fcae2298f770f8676f7de1da9677f2cfb1d5dc39842d,2001,53200,deep_m0128_r0/chain_0; post-transition V incl. rejections; h=0.01
dynamics_loss_trace,deep_m0128_r0,0,stage_2,targets/deep_m0128_r0/dynamics/h_0p01/chain_0/stage_2.h5,"scalars[:, 0] (V)",51200x27,float64,8fdf26327b3b9cb0f16d5676a54215f3646883c37249f8cd3d7f8a13b49d872a,53201,104400,deep_m0128_r0/chain_0; post-transition V incl. rejections; h=0.01
dynamics_loss_trace,deep_m0128_r0,0,stage_3,targets/deep_m0128_r0/dynamics/h_0p01/chain_0/stage_3.h5,"scalars[:, 0] (V)",102400x27,float64,efa6feb0be40c3b9d881c5203394a92f61ce1f336181a175d09eca98e3ab7c94,104401,206800,deep_m0128_r0/chain_0; post-transition V incl. rejections; h=0.01
dynamics_loss_trace,deep_m0128_r0,1,stage_1,targets/deep_m0128_r0/dynamics/h_0p01/chain_1/stage_1.h5,"scalars[:, 0] (V)",51200x27,float64,8cd156025e9f45381e35baf007599b3b66acb76a2d3c82ef0883fe3a5c612a23,2001,53200,deep_m0128_r0/chain_1; post-transition V incl. rejections; h=0.01
dynamics_loss_trace,deep_m0128_r0,1,stage_2,targets/deep_m0128_r0/dynamics/h_0p01/chain_1/stage_2.h5,"scalars[:, 0] (V)",51200x27,float64,a52fe9c0715f9c94f43597909b0b0b47054a7e578015bdb17b5428661e516c96,53201,104400,deep_m0128_r0/chain_1; post-transition V incl. rejections; h=0.01
dynamics_loss_trace,deep_m0128_r0,1,stage_3,targets/deep_m0128_r0/dynamics/h_0p01/chain_1/stage_3.h5,"scalars[:, 0] (V)",102400x27,float64,46e13d94b9bd28442e59cb481f1bceafcc85082c7fce74641fb5f1aa4e398943,104401,206800,deep_m0128_r0/chain_1; post-transition V incl. rejections; h=0.01
dynamics_loss_trace,deep_m0128_r0,2,stage_1,targets/deep_m0128_r0/dynamics/h_0p01/chain_2/stage_1.h5,"scalars[:, 0] (V)",51200x27,float64,d8f445ac358edb1e2043736c20a7eb5036ae1a7f8072519f0d9a5b2e236a01fd,2001,53200,deep_m0128_r0/chain_2; post-transition V incl. rejections; h=0.01
dynamics_loss_trace,deep_m0128_r0,2,stage_2,targets/deep_m0128_r0/dynamics/h_0p01/chain_2/stage_2.h5,"scalars[:, 0] (V)",51200x27,float64,8fd0c9ee40029a930e4c5ce48ecbecfcc09b5232490148b92dcc6ddb007fe3f9,53201,104400,deep_m0128_r0/chain_2; post-transition V incl. rejections; h=0.01
dynamics_loss_trace,deep_m0128_r0,2,stage_3,targets/deep_m0128_r0/dynamics/h_0p01/chain_2/stage_3.h5,"scalars[:, 0] (V)",102400x27,float64,c549462139325501da191d663ed0d135e5654eb4c92a96753a83b3f4f8c8270b,104401,206800,deep_m0128_r0/chain_2; post-transition V incl. rejections; h=0.01
dynamics_loss_trace,deep_m0128_r0,3,stage_1,targets/deep_m0128_r0/dynamics/h_0p01/chain_3/stage_1.h5,"scalars[:, 0] (V)",51200x27,float64,d6157d08697e6e8188c1233aa0ebb87b03ee4e45c578560c7c394d6adf2f1a5f,2001,53200,deep_m0128_r0/chain_3; post-transition V incl. rejections; h=0.01
dynamics_loss_trace,deep_m0128_r0,3,stage_2,targets/deep_m0128_r0/dynamics/h_0p01/chain_3/stage_2.h5,"scalars[:, 0] (V)",51200x27,float64,101559a9a33c06ddad5ec06d4abcdcc227b0c53296c5afd7ed974401d30f8d47,53201,104400,deep_m0128_r0/chain_3; post-transition V incl. rejections; h=0.01
dynamics_loss_trace,deep_m0128_r0,3,stage_3,targets/deep_m0128_r0/dynamics/h_0p01/chain_3/stage_3.h5,"scalars[:, 0] (V)",102400x27,float64,a4a5bbb4338082bbca46f0aeb481c95d5940fba5682e28346b5d5e88769a470a,104401,206800,deep_m0128_r0/chain_3; post-transition V incl. rejections; h=0.01
dynamics_loss_trace,deep_m0128_r1,0,stage_1,targets/deep_m0128_r1/dynamics/h_0p01/chain_0/stage_1.h5,"scalars[:, 0] (V)",51200x27,float64,76452297f305a8e91e265cc8a0e0ec5615c59270619e180269a299c597cfb316,2001,53200,deep_m0128_r1/chain_0; post-transition V incl. rejections; h=0.01
dynamics_loss_trace,deep_m0128_r1,0,stage_2,targets/deep_m0128_r1/dynamics/h_0p01/chain_0/stage_2.h5,"scalars[:, 0] (V)",51200x27,float64,811437a1eb4f1bd0465f7642f29ac95e4db6392f605284b50211f7e2bbd36245,53201,104400,deep_m0128_r1/chain_0; post-transition V incl. rejections; h=0.01
dynamics_loss_trace,deep_m0128_r1,1,stage_1,targets/deep_m0128_r1/dynamics/h_0p01/chain_1/stage_1.h5,"scalars[:, 0] (V)",51200x27,float64,513983748207318083ae6bbceb1ed1219e6de2cd626c63fc8e52bdf8b690a2fd,2001,53200,deep_m0128_r1/chain_1; post-transition V incl. rejections; h=0.01
dynamics_loss_trace,deep_m0128_r1,1,stage_2,targets/deep_m0128_r1/dynamics/h_0p01/chain_1/stage_2.h5,"scalars[:, 0] (V)",51200x27,float64,bfe01f79698c75e78af49242a87bf448faa5b775e280e8b4e7dfed7ec682e5f7,53201,104400,deep_m0128_r1/chain_1; post-transition V incl. rejections; h=0.01
dynamics_loss_trace,deep_m0128_r1,2,stage_1,targets/deep_m0128_r1/dynamics/h_0p01/chain_2/stage_1.h5,"scalars[:, 0] (V)",51200x27,float64,5ec061ac1922ff6de4a112a2ffcec86748489e3bd14a1ce74a17042c40b57979,2001,53200,deep_m0128_r1/chain_2; post-transition V incl. rejections; h=0.01
dynamics_loss_trace,deep_m0128_r1,2,stage_2,targets/deep_m0128_r1/dynamics/h_0p01/chain_2/stage_2.h5,"scalars[:, 0] (V)",51200x27,float64,d02396e7811604e295ebea0f856931ed9e43cd69d00d50bdf2b845c817ea6e63,53201,104400,deep_m0128_r1/chain_2; post-transition V incl. rejections; h=0.01
dynamics_loss_trace,deep_m0128_r1,3,stage_1,targets/deep_m0128_r1/dynamics/h_0p01/chain_3/stage_1.h5,"scalars[:, 0] (V)",51200x27,float64,87f661a642e675b980d9f708deab9fe6ce15bf998349817da028d5eaf24dc955,2001,53200,deep_m0128_r1/chain_3; post-transition V incl. rejections; h=0.01
dynamics_loss_trace,deep_m0128_r1,3,stage_2,targets/deep_m0128_r1/dynamics/h_0p01/chain_3/stage_2.h5,"scalars[:, 0] (V)",51200x27,float64,ceb01c885179af2b44ab7253e730aca865fac40c05bb232f6a56f99fdf0bd04b,53201,104400,deep_m0128_r1/chain_3; post-transition V incl. rejections; h=0.01
dynamics_loss_trace,deep_m0128_r2,0,stage_1,targets/deep_m0128_r2/dynamics/h_0p01/chain_0/stage_1.h5,"scalars[:, 0] (V)",51200x27,float64,4e6e91e8f70b899c0bb65f09bd08a3d7e111794f8a1b7636f34c808f2ac124b9,2001,53200,deep_m0128_r2/chain_0; post-transition V incl. rejections; h=0.01
dynamics_loss_trace,deep_m0128_r2,0,stage_2,targets/deep_m0128_r2/dynamics/h_0p01/chain_0/stage_2.h5,"scalars[:, 0] (V)",51200x27,float64,ab2ab0d7993c60fd0048ffd6895f0d1addbf3ea5297f098705d6734b4035be0b,53201,104400,deep_m0128_r2/chain_0; post-transition V incl. rejections; h=0.01
dynamics_loss_trace,deep_m0128_r2,1,stage_1,targets/deep_m0128_r2/dynamics/h_0p01/chain_1/stage_1.h5,"scalars[:, 0] (V)",51200x27,float64,87abb42e8833af75eae770ab8a1d1da6154098fa55ab9377fc95dd76fb8e83f7,2001,53200,deep_m0128_r2/chain_1; post-transition V incl. rejections; h=0.01
dynamics_loss_trace,deep_m0128_r2,1,stage_2,targets/deep_m0128_r2/dynamics/h_0p01/chain_1/stage_2.h5,"scalars[:, 0] (V)",51200x27,float64,571d68919c95d42a4de43cd757e6410e05e1bb4c5448807e5993f5ba736e2281,53201,104400,deep_m0128_r2/chain_1; post-transition V incl. rejections; h=0.01
dynamics_loss_trace,deep_m0128_r2,2,stage_1,targets/deep_m0128_r2/dynamics/h_0p01/chain_2/stage_1.h5,"scalars[:, 0] (V)",51200x27,float64,b6d4bfd6bb351eb3e0c7c051d202e6f090ad54610a3f96ebb9989aa454b9bfc9,2001,53200,deep_m0128_r2/chain_2; post-transition V incl. rejections; h=0.01
dynamics_loss_trace,deep_m0128_r2,2,stage_2,targets/deep_m0128_r2/dynamics/h_0p01/chain_2/stage_2.h5,"scalars[:, 0] (V)",51200x27,float64,a7f1525b9af8c963d516a6621f140db19e726428054207d2dc547d0cc9b55f28,53201,104400,deep_m0128_r2/chain_2; post-transition V incl. rejections; h=0.01
dynamics_loss_trace,deep_m0128_r2,3,stage_1,targets/deep_m0128_r2/dynamics/h_0p01/chain_3/stage_1.h5,"scalars[:, 0] (V)",51200x27,float64,c4f531a208ea605c9e61aecb5434a4e1953ea5126594abf102e07dd6b8ecef68,2001,53200,deep_m0128_r2/chain_3; post-transition V incl. rejections; h=0.01
dynamics_loss_trace,deep_m0128_r2,3,stage_2,targets/deep_m0128_r2/dynamics/h_0p01/chain_3/stage_2.h5,"scalars[:, 0] (V)",51200x27,float64,2e4787657952fa8edfb6208139f12ecfe8730f45b1db02f3c5798acc8d9299f9,53201,104400,deep_m0128_r2/chain_3; post-transition V incl. rejections; h=0.01
dynamics_loss_trace,deep_m0256_r0,0,stage_1,targets/deep_m0256_r0/dynamics/h_0p01/chain_0/stage_1.h5,"scalars[:, 0] (V)",51200x27,float64,045da2ac0dcc1ad5276e34a0f6cefee1bcf4bcb4e557703ca5d2b38b597b5ded,2001,53200,deep_m0256_r0/chain_0; post-transition V incl. rejections; h=0.01
dynamics_loss_trace,deep_m0256_r0,0,stage_2,targets/deep_m0256_r0/dynamics/h_0p01/chain_0/stage_2.h5,"scalars[:, 0] (V)",51200x27,float64,4f500739b8fc757b61a1944b21cffefea967249886204506c03e545fa8d99400,53201,104400,deep_m0256_r0/chain_0; post-transition V incl. rejections; h=0.01
dynamics_loss_trace,deep_m0256_r0,1,stage_1,targets/deep_m0256_r0/dynamics/h_0p01/chain_1/stage_1.h5,"scalars[:, 0] (V)",51200x27,float64,11bdb4e6520189287e9128e2024f7990dff007484431b3b87fc155013148b48b,2001,53200,deep_m0256_r0/chain_1; post-transition V incl. rejections; h=0.01
dynamics_loss_trace,deep_m0256_r0,1,stage_2,targets/deep_m0256_r0/dynamics/h_0p01/chain_1/stage_2.h5,"scalars[:, 0] (V)",51200x27,float64,b115c3d2f853d3b0788b856493b87162e982dac942305676b9bb12f292d215fc,53201,104400,deep_m0256_r0/chain_1; post-transition V incl. rejections; h=0.01
dynamics_loss_trace,deep_m0256_r0,2,stage_1,targets/deep_m0256_r0/dynamics/h_0p01/chain_2/stage_1.h5,"scalars[:, 0] (V)",51200x27,float64,8e1c68369e9eb50b968236573b87c9590455837ff95d53878523291917beefa9,2001,53200,deep_m0256_r0/chain_2; post-transition V incl. rejections; h=0.01
dynamics_loss_trace,deep_m0256_r0,2,stage_2,targets/deep_m0256_r0/dynamics/h_0p01/chain_2/stage_2.h5,"scalars[:, 0] (V)",51200x27,float64,ba71842934a4813e5e407eb77ed5e080de3d33dea1a269057f3f9aed5e97f111,53201,104400,deep_m0256_r0/chain_2; post-transition V incl. rejections; h=0.01
dynamics_loss_trace,deep_m0256_r0,3,stage_1,targets/deep_m0256_r0/dynamics/h_0p01/chain_3/stage_1.h5,"scalars[:, 0] (V)",51200x27,float64,f376b1ace4cf9661c89220b995a05949df14a68e37e6dae3253d094e5f195a39,2001,53200,deep_m0256_r0/chain_3; post-transition V incl. rejections; h=0.01
dynamics_loss_trace,deep_m0256_r0,3,stage_2,targets/deep_m0256_r0/dynamics/h_0p01/chain_3/stage_2.h5,"scalars[:, 0] (V)",51200x27,float64,5a305a1eb75ddbf94acdba34e86c24388b02c9118be00eb56e709564490f5838,53201,104400,deep_m0256_r0/chain_3; post-transition V incl. rejections; h=0.01
dynamics_loss_trace,deep_m0256_r1,0,stage_1,targets/deep_m0256_r1/dynamics/h_0p01/chain_0/stage_1.h5,"scalars[:, 0] (V)",51200x27,float64,c95eb06d2c660a5ed2e9a2218fcd2c84839a8ed3f522242b38ffe5cce8d46288,2001,53200,deep_m0256_r1/chain_0; post-transition V incl. rejections; h=0.01
dynamics_loss_trace,deep_m0256_r1,0,stage_2,targets/deep_m0256_r1/dynamics/h_0p01/chain_0/stage_2.h5,"scalars[:, 0] (V)",51200x27,float64,8e4b427c523b6634234ec26a3e6af344f8034c6c278cbc317cf4c1134950e02f,53201,104400,deep_m0256_r1/chain_0; post-transition V incl. rejections; h=0.01
dynamics_loss_trace,deep_m0256_r1,1,stage_1,targets/deep_m0256_r1/dynamics/h_0p01/chain_1/stage_1.h5,"scalars[:, 0] (V)",51200x27,float64,7d56dd2d19b04ad1d4f64dfdee7d23164f1213aad347c9f188536ca3c65678f6,2001,53200,deep_m0256_r1/chain_1; post-transition V incl. rejections; h=0.01
dynamics_loss_trace,deep_m0256_r1,1,stage_2,targets/deep_m0256_r1/dynamics/h_0p01/chain_1/stage_2.h5,"scalars[:, 0] (V)",51200x27,float64,b3805703394291bff4cf7bebd854b26da5a606c57adeaf376440cb1df61f31e6,53201,104400,deep_m0256_r1/chain_1; post-transition V incl. rejections; h=0.01
dynamics_loss_trace,deep_m0256_r1,2,stage_1,targets/deep_m0256_r1/dynamics/h_0p01/chain_2/stage_1.h5,"scalars[:, 0] (V)",51200x27,float64,a831b9f9579a11e082d0c4427d4178d1788407e77f6eb11df17dddfa81ea44ef,2001,53200,deep_m0256_r1/chain_2; post-transition V incl. rejections; h=0.01
dynamics_loss_trace,deep_m0256_r1,2,stage_2,targets/deep_m0256_r1/dynamics/h_0p01/chain_2/stage_2.h5,"scalars[:, 0] (V)",51200x27,float64,3fdef271906bf529b0753a3efdc69d0c885c5861b7f74cc8955ffc6ac563eb4c,53201,104400,deep_m0256_r1/chain_2; post-transition V incl. rejections; h=0.01
dynamics_loss_trace,deep_m0256_r1,3,stage_1,targets/deep_m0256_r1/dynamics/h_0p01/chain_3/stage_1.h5,"scalars[:, 0] (V)",51200x27,float64,f0f54718cb9971721b1e0e3afdf15b4fd704bb2eed7d0b79e33f4c1dfb15c222,2001,53200,deep_m0256_r1/chain_3; post-transition V incl. rejections; h=0.01
dynamics_loss_trace,deep_m0256_r1,3,stage_2,targets/deep_m0256_r1/dynamics/h_0p01/chain_3/stage_2.h5,"scalars[:, 0] (V)",51200x27,float64,2477517b479be1657a02cb7dea1a32082325e6165931b9863e59b3d98cf350fe,53201,104400,deep_m0256_r1/chain_3; post-transition V incl. rejections; h=0.01
dynamics_loss_trace,deep_m0256_r2,0,stage_1,targets/deep_m0256_r2/dynamics/h_0p01/chain_0/stage_1.h5,"scalars[:, 0] (V)",51200x27,float64,3ff56e0234fde4cb214bf37b2dec69a8ac4ae7fbfc7487908c94e3f403fea744,2001,53200,deep_m0256_r2/chain_0; post-transition V incl. rejections; h=0.01
dynamics_loss_trace,deep_m0256_r2,0,stage_2,targets/deep_m0256_r2/dynamics/h_0p01/chain_0/stage_2.h5,"scalars[:, 0] (V)",51200x27,float64,43dd6ecc85fd4b4b70716a117be9bd1983ad561ee50336ef1094c2b7f17720a7,53201,104400,deep_m0256_r2/chain_0; post-transition V incl. rejections; h=0.01
dynamics_loss_trace,deep_m0256_r2,1,stage_1,targets/deep_m0256_r2/dynamics/h_0p01/chain_1/stage_1.h5,"scalars[:, 0] (V)",51200x27,float64,7ce5fe13d15aaef2f7a33cdfb5a2ee46642b80b4aa5d399f1e5a85eb16ca15c5,2001,53200,deep_m0256_r2/chain_1; post-transition V incl. rejections; h=0.01
dynamics_loss_trace,deep_m0256_r2,1,stage_2,targets/deep_m0256_r2/dynamics/h_0p01/chain_1/stage_2.h5,"scalars[:, 0] (V)",51200x27,float64,e5cecf4c459e1ec50a2ce485f83870b9da84f82ebe3433ac33513a65184fb391,53201,104400,deep_m0256_r2/chain_1; post-transition V incl. rejections; h=0.01
dynamics_loss_trace,deep_m0256_r2,2,stage_1,targets/deep_m0256_r2/dynamics/h_0p01/chain_2/stage_1.h5,"scalars[:, 0] (V)",51200x27,float64,04d86b07ea4ddb27efaeaf4545b00a2871131b4fe767b8bba6102bb6571c69b2,2001,53200,deep_m0256_r2/chain_2; post-transition V incl. rejections; h=0.01
dynamics_loss_trace,deep_m0256_r2,2,stage_2,targets/deep_m0256_r2/dynamics/h_0p01/chain_2/stage_2.h5,"scalars[:, 0] (V)",51200x27,float64,a26002e9452c8804668cf750981efd1a05af4d24ad466d46dfeb19fdcd176eb7,53201,104400,deep_m0256_r2/chain_2; post-transition V incl. rejections; h=0.01
dynamics_loss_trace,deep_m0256_r2,3,stage_1,targets/deep_m0256_r2/dynamics/h_0p01/chain_3/stage_1.h5,"scalars[:, 0] (V)",51200x27,float64,38999f4532599787df457e3ede8466641982074799af3f155e4acdeac2284033,2001,53200,deep_m0256_r2/chain_3; post-transition V incl. rejections; h=0.01
dynamics_loss_trace,deep_m0256_r2,3,stage_2,targets/deep_m0256_r2/dynamics/h_0p01/chain_3/stage_2.h5,"scalars[:, 0] (V)",51200x27,float64,d83b9f723d79a3989d9701716c508b0f373c2c988eb2789ec38c9843e0a7d6e7,53201,104400,deep_m0256_r2/chain_3; post-transition V incl. rejections; h=0.01
