chain,j,t,H,inside,ell,u,d_minus,d_plus,max_eigen_residual
0,0,125,2.791766551,1,-0.04727082272,-0.04676113662,0.01169028416,0.01181770568,2.573585081e-17
0,1,375,2.889345955,1,-0.04551008084,-0.04513480925,0.01128370231,0.01137752021,3.055230515e-17
0,2,625,2.915487624,1,-0.04349155389,-0.0430060493,0.01075151233,0.01087288847,2.866757151e-17
0,3,875,2.943766283,1,-0.04493495333,-0.04443399497,0.01110849874,0.01123373833,2.451958297e-17
0,4,1125,3.011211321,1,-0.04556760231,-0.04504388804,0.01126097201,0.01139190058,2.465323057e-17
0,5,1375,2.938046325,1,-0.04436867453,-0.04386003573,0.01096500893,0.01109216863,2.460208979e-17
0,6,1625,3.090716591,1,-0.04550256402,-0.04500378959,0.0112509474,0.01137564101,2.45534056e-17
0,7,1875,2.911818773,1,-0.04579166435,-0.04532255845,0.01133063961,0.01144791609,2.457165303e-17
0,8,2125,2.880590855,1,-0.04557600021,-0.04508933074,0.01127233268,0.01139400005,2.453139217e-17
0,9,2375,3.516089592,1,-0.04427837566,-0.04382791235,0.01095697809,0.01106959392,2.501836157e-17
0,10,2625,3.028457562,1,-0.04768889166,-0.04716328024,0.01179082006,0.01192222291,2.804234756e-17
0,11,2875,2.951537358,1,-0.04881405969,-0.04822781558,0.0120569539,0.01220351492,2.462847423e-17
0,12,3125,2.911656997,1,-0.04481337915,-0.04426802736,0.01106700684,0.01120334479,2.148255214e-17
0,13,3375,3.075785776,1,-0.0446436035,-0.04406898371,0.01101724593,0.01116090088,2.1408971e-17
0,14,3625,2.922463894,1,-0.04534286778,-0.04482238354,0.01120559588,0.01133571695,2.978923158e-17
0,15,3875,3.357787812,1,-0.04388270097,-0.04348623643,0.01087155911,0.01097067524,2.142366931e-17
0,16,4125,2.966310009,1,-0.04646577344,-0.04594728326,0.01148682082,0.01161644336,2.454379973e-17
0,17,4375,2.862631242,1,-0.04432055418,-0.04381224213,0.01095306053,0.01108013854,2.881241775e-17
0,18,4625,2.740716758,1,-0.04526603697,-0.04475075943,0.01118768986,0.01131650924,2.45889495e-17
0,19,4875,3.179224806,1,-0.04497201052,-0.0445140892,0.0111285223,0.01124300263,2.457319492e-17
0,20,5125,3.135894426,1,-0.04551932546,-0.04492550098,0.01123137525,0.01137983136,2.463009902e-17
0,21,5375,3.263367563,1,-0.0471385375,-0.0466817525,0.01167043813,0.01178463438,2.456736393e-17
0,22,5625,2.924928541,1,-0.04682336406,-0.04627209183,0.01156802296,0.01170584102,2.457544182e-17
0,23,5875,3.169537249,1,-0.04304812514,-0.04245256821,0.01061314205,0.01076203129,2.156598076e-17
0,24,6125,3.266646759,1,-0.04568139308,-0.0451136181,0.01127840452,0.01142034827,2.444224104e-17
0,25,6375,3.210158553,1,-0.04476860598,-0.04427455523,0.01106863881,0.0111921515,2.656154348e-17
0,26,6625,2.809076366,1,-0.04741098852,-0.04688836455,0.01172209114,0.01185274713,2.804963325e-17
0,27,6875,3.224376287,1,-0.04409200256,-0.04357694929,0.01089423732,0.01102300064,2.142550229e-17
0,28,7125,2.928721827,1,-0.04446169516,-0.04400097263,0.01100024316,0.01111542379,2.139949188e-17
0,29,7375,3.023456213,1,-0.04392904907,-0.04341090216,0.01085272554,0.01098226227,2.124916553e-17
0,30,7625,3.014206347,1,-0.04636873666,-0.04589521921,0.0114738048,0.01159218417,2.476596689e-17
0,31,7875,3.139639895,1,-0.04316271765,-0.04267742292,0.01066935573,0.01079067941,4.282534249e-17
0,32,8125,3.076762494,1,-0.0467804731,-0.04633877231,0.01158469308,0.01169511828,2.450138742e-17
0,33,8375,2.907734928,1,-0.04490829018,-0.04441798187,0.01110449547,0.01122707255,2.144666869e-17
0,34,8625,2.889415898,1,-0.04544288624,-0.04491313265,0.01122828316,0.01136072156,2.455143722e-17
0,35,8875,2.951549636,1,-0.04562780219,-0.04507459332,0.01126864833,0.01140695055,2.456523311e-17
0,36,9125,3.173764048,1,-0.04787708264,-0.04733610076,0.01183402519,0.01196927066,2.483619946e-17
0,37,9375,2.877982283,1,-0.04556589502,-0.04503371391,0.01125842848,0.01139147375,2.461981063e-17
0,38,9625,3.286724084,1,-0.04679418089,-0.0462372881,0.01155932202,0.01169854522,2.458830524e-17
0,39,9875,2.829875295,1,-0.04558902291,-0.0451236275,0.01128090688,0.01139725573,2.456337691e-17
0,40,10125,3.274577939,1,-0.0470959915,-0.04658002897,0.01164500724,0.01177399788,2.468648158e-17
0,41,10375,2.971336657,1,-0.04456757243,-0.04408490589,0.01102122647,0.01114189311,3.118635542e-17
0,42,10625,2.954347266,1,-0.04598014542,-0.04543067923,0.01135766981,0.01149503635,2.456297126e-17
0,43,10875,3.078411478,1,-0.04562553666,-0.04504561559,0.0112614039,0.01140638416,2.461999247e-17
0,44,11125,2.802908188,1,-0.04480959108,-0.04428210286,0.01107052572,0.01120239777,2.460099604e-17
0,45,11375,3.015731408,1,-0.04604224095,-0.04554328296,0.01138582074,0.01151056024,2.456044371e-17
0,46,11625,2.864199081,1,-0.04725141616,-0.04673933228,0.01168483307,0.01181285404,2.45887861e-17
0,47,11875,2.781928808,1,-0.04642305879,-0.04592648957,0.01148162239,0.0116057647,3.009002078e-17
0,48,12125,2.967695346,1,-0.04325267878,-0.04273491995,0.01068372999,0.01081316969,2.456675554e-17
0,49,12375,2.820561666,1,-0.04389208627,-0.04342415808,0.01085603952,0.01097302157,2.44493459e-17
0,50,12625,2.985281406,1,-0.04288439385,-0.04233840957,0.01058460239,0.01072109846,3.000269423e-17
0,51,12875,2.911891569,1,-0.04522866625,-0.04476922778,0.01119230695,0.01130716656,2.802274625e-17
0,52,13125,3.276981684,1,-0.04482623046,-0.04431042566,0.01107760641,0.01120655761,2.456281049e-17
0,53,13375,2.942475293,1,-0.04384217787,-0.04336486666,0.01084121667,0.01096054447,2.455346568e-17
0,54,13625,2.959319455,1,-0.04571389298,-0.04519518652,0.01129879663,0.01142847324,2.470369951e-17
0,55,13875,3.226502418,1,-0.04392927873,-0.04346704,0.01086676,0.01098231968,2.805666744e-17
0,56,14125,2.964746126,1,-0.04530492379,-0.04477438062,0.01119359516,0.01132623095,2.830760569e-17
0,57,14375,3.000774568,1,-0.045064759,-0.04458714303,0.01114678576,0.01126618975,3.955549938e-17
0,58,14625,3.015685166,1,-0.04618702555,-0.04565187416,0.01141296854,0.01154675639,2.79579438e-17
0,59,14875,2.92292781,1,-0.04457267002,-0.04404570361,0.0110114259,0.01114316751,2.452612905e-17
0,60,15125,2.946756657,1,-0.04597660605,-0.04541722061,0.01135430515,0.01149415151,2.456044769e-17
0,61,15375,3.135358339,1,-0.04384556352,-0.04336440413,0.01084110103,0.01096139088,2.153003994e-17
0,62,15625,2.742874389,1,-0.04419306741,-0.0437702774,0.01094256935,0.01104826685,2.255960627e-17
0,63,15875,3.060290737,1,-0.04347956941,-0.04302482217,0.01075620554,0.01086989235,2.457949974e-17
1,0,125,3.063225443,1,-0.04347375994,-0.04298659378,0.01074664844,0.01086843999,2.136221284e-17
1,1,375,3.098404872,1,-0.04543145023,-0.04501468054,0.01125367014,0.01135786256,2.44650885e-17
1,2,625,3.150573378,1,-0.04454129377,-0.04404305937,0.01101076484,0.01113532344,2.304830683e-17
1,3,875,2.954092563,1,-0.04510336622,-0.04457675715,0.01114418929,0.01127584156,3.602547493e-17
1,4,1125,3.283824418,1,-0.04298765202,-0.04253598866,0.01063399717,0.010746913,2.129500572e-17
1,5,1375,2.970674357,1,-0.04602795209,-0.04560397996,0.01140099499,0.01150698802,2.794380585e-17
1,6,1625,2.930529416,1,-0.04192893573,-0.04145373862,0.01036343466,0.01048223393,2.129452366e-17
1,7,1875,3.134956657,1,-0.04606339079,-0.04552887123,0.01138221781,0.0115158477,2.450859152e-17
1,8,2125,3.124792372,1,-0.04612288168,-0.04561573524,0.01140393381,0.01153072042,2.463125579e-17
1,9,2375,2.976686015,1,-0.04567770054,-0.0451680068,0.0112920017,0.01141942514,2.454955286e-17
1,10,2625,2.745224771,1,-0.04464445918,-0.0441753588,0.0110438397,0.0111611148,2.465909433e-17
1,11,2875,3.058742577,1,-0.04697680366,-0.04642141403,0.01160535351,0.01174420092,3.050844544e-17
1,12,3125,3.015867363,1,-0.04562511085,-0.04515259959,0.0112881499,0.01140627771,2.138897517e-17
1,13,3375,3.249073761,1,-0.04456616489,-0.04408855926,0.01102213982,0.01114154122,3.27142554e-17
1,14,3625,3.144820603,1,-0.04524886754,-0.04474181526,0.01118545382,0.01131221689,2.457658131e-17
1,15,3875,2.932964471,1,-0.04507683083,-0.04460241428,0.01115060357,0.01126920771,2.48224034e-17
1,16,4125,2.984590824,1,-0.04666490153,-0.04612293204,0.01153073301,0.01166622538,2.458765372e-17
1,17,4375,2.741156415,1,-0.04526624654,-0.04479860895,0.01119965224,0.01131656163,2.138460062e-17
1,18,4625,3.005410851,1,-0.04347643808,-0.04294659665,0.01073664916,0.01086910952,2.151029855e-17
1,19,4875,2.95119416,1,-0.04437849517,-0.04409285137,0.01102321284,0.01109462379,2.135439354e-17
1,20,5125,3.106045187,1,-0.04415999612,-0.04362440705,0.01090610176,0.01103999903,2.141791585e-17
1,21,5375,3.332103939,1,-0.04532008973,-0.04475814197,0.01118953549,0.01133002243,2.445528389e-17
1,22,5625,3.179677042,1,-0.04422496833,-0.04370625455,0.01092656364,0.01105624208,2.483739192e-17
1,23,5875,3.414322333,1,-0.04683063819,-0.04632773105,0.01158193276,0.01170765955,2.457896522e-17
1,24,6125,2.758465565,1,-0.0463742403,-0.04593603217,0.01148400804,0.01159356008,2.57867414e-17
1,25,6375,2.874700616,1,-0.04531942728,-0.04483050044,0.01120762511,0.01132985682,2.462364026e-17
1,26,6625,3.251923051,1,-0.0443275862,-0.04377651799,0.0109441295,0.01108189655,2.452479484e-17
1,27,6875,2.795118141,1,-0.04573458239,-0.04515249764,0.01128812441,0.0114336456,2.4567006e-17
1,28,7125,2.926961561,1,-0.04531859397,-0.04480637276,0.01120159319,0.01132964849,2.45130677e-17
1,29,7375,3.032537506,1,-0.04617496298,-0.04584360872,0.01146090218,0.01154374074,2.804522195e-17
1,30,7625,2.826060054,1,-0.04495423554,-0.04454861907,0.01113715477,0.01123855888,2.46396461e-17
1,31,7875,2.899740623,1,-0.0463501997,-0.04584988907,0.01146247227,0.01158754992,2.446270758e-17
1,32,8125,3.049416871,1,-0.04606867759,-0.04551974727,0.01137993682,0.0115171694,2.473528162e-17
1,33,8375,3.073997275,1,-0.04602833036,-0.04553744894,0.01138436224,0.01150708259,2.45928969e-17
1,34,8625,3.055558579,1,-0.04642634361,-0.04590140764,0.01147535191,0.0116065859,2.460233522e-17
1,35,8875,3.010507123,1,-0.04477916096,-0.04417377457,0.01104344364,0.01119479024,2.453853834e-17
1,36,9125,3.013340774,1,-0.04588480481,-0.04540795497,0.01135198874,0.0114712012,2.45921323e-17
1,37,9375,2.868146063,1,-0.04439798962,-0.04383196585,0.01095799146,0.01109949741,2.450552224e-17
1,38,9625,2.803865476,1,-0.04604503392,-0.04549138329,0.01137284582,0.01151125848,2.852188505e-17
1,39,9875,2.907032293,1,-0.04532199402,-0.04486305491,0.01121576373,0.0113304985,2.457437656e-17
1,40,10125,2.878490331,1,-0.04452809659,-0.04395680029,0.01098920007,0.01113202415,2.452180787e-17
1,41,10375,3.107931363,1,-0.04665521372,-0.04611989106,0.01152997277,0.01166380343,2.7925249e-17
1,42,10625,2.802705048,1,-0.04556553086,-0.04505055791,0.01126263948,0.01139138271,2.452122621e-17
1,43,10875,3.199322844,1,-0.04418300076,-0.04362785438,0.0109069636,0.01104575019,2.133799727e-17
1,44,11125,3.129947498,1,-0.04482135152,-0.04434568675,0.01108642169,0.01120533788,2.481090021e-17
1,45,11375,2.778725479,1,-0.04256178937,-0.04203215761,0.0105080394,0.01064044734,2.455708501e-17
1,46,11625,2.899933436,1,-0.04657402488,-0.04605542543,0.01151385636,0.01164350622,2.455326277e-17
1,47,11875,3.053740067,1,-0.04582881362,-0.04533662233,0.01133415558,0.01145720341,2.450969197e-17
1,48,12125,2.946959017,1,-0.04449575523,-0.04399339081,0.0109983477,0.01112393881,2.936191837e-17
1,49,12375,3.074455727,1,-0.04459846037,-0.04408307655,0.01102076914,0.01114961509,2.474653142e-17
1,50,12625,2.996518678,1,-0.04561644698,-0.04509338212,0.01127334553,0.01140411175,2.450101383e-17
1,51,12875,3.686269007,1,-0.04429518061,-0.04375271333,0.01093817833,0.01107379515,2.467246037e-17
1,52,13125,3.184609493,1,-0.04344942918,-0.04295192317,0.01073798079,0.0108623573,2.451513287e-17
1,53,13375,3.145789711,1,-0.0454066169,-0.04486163164,0.01121540791,0.01135165423,2.877182125e-17
1,54,13625,3.132881905,1,-0.04393433317,-0.04354510754,0.01088627688,0.01098358329,2.871976606e-17
1,55,13875,2.809818926,1,-0.04678664479,-0.04628275842,0.01157068961,0.0116966612,2.885744623e-17
1,56,14125,2.975612531,1,-0.04352129593,-0.04301188382,0.01075297095,0.01088032398,2.927712577e-17
1,57,14375,3.160646577,1,-0.04633476895,-0.04589592044,0.01147398011,0.01158369224,3.120973694e-17
1,58,14625,2.909253805,1,-0.04469964023,-0.04412992044,0.01103248011,0.01117491006,2.143295749e-17
1,59,14875,3.018169258,1,-0.04901127742,-0.04850233759,0.0121255844,0.01225281936,2.456509578e-17
1,60,15125,2.939954307,1,-0.04739832008,-0.04681888889,0.01170472222,0.01184958002,2.149819253e-17
1,61,15375,2.882349137,1,-0.04442916499,-0.04422694181,0.01105673545,0.01110729125,2.134142339e-17
1,62,15625,3.099151838,1,-0.04646019265,-0.04593092282,0.01148273071,0.01161504816,2.452576209e-17
1,63,15875,2.895435131,1,-0.04633830665,-0.04585242125,0.01146310531,0.01158457666,3.568176823e-17
2,0,125,2.950593303,1,-0.04484233058,-0.04429347972,0.01107336993,0.01121058264,2.149468939e-17
2,1,375,3.089196584,1,-0.04652564003,-0.04594559492,0.01148639873,0.01163141001,2.452533037e-17
2,2,625,2.890473808,1,-0.04668136226,-0.04618383065,0.01154595766,0.01167034057,2.454331331e-17
2,3,875,3.028903228,1,-0.04536833257,-0.04481559133,0.01120389783,0.01134208314,2.452391859e-17
2,4,1125,3.077945012,1,-0.04562518081,-0.04509334798,0.011273337,0.0114062952,2.44976652e-17
2,5,1375,2.959079385,1,-0.0447889774,-0.0442713704,0.0110678426,0.01119724435,2.471529556e-17
2,6,1625,2.940917042,1,-0.0457016722,-0.04515229589,0.01128807397,0.01142541805,2.446866837e-17
2,7,1875,3.110969093,1,-0.04539246931,-0.04488187928,0.01122046982,0.01134811733,3.10949202e-17
2,8,2125,2.859495907,1,-0.04493032713,-0.04440964411,0.01110241103,0.01123258178,2.45472674e-17
2,9,2375,2.862860505,1,-0.04493493518,-0.04443489624,0.01110872406,0.0112337338,2.45814535e-17
2,10,2625,3.35841278,1,-0.04542648757,-0.04491274264,0.01122818566,0.01135662189,2.45381669e-17
2,11,2875,2.993901373,1,-0.04680964518,-0.04626480934,0.01156620234,0.01170241129,2.46400747e-17
2,12,3125,2.97656375,1,-0.04575200248,-0.04524906724,0.01131226681,0.01143800062,2.459230128e-17
2,13,3375,3.225570452,1,-0.04365005839,-0.04313143061,0.01078285765,0.0109125146,2.160024982e-17
2,14,3625,2.953790156,1,-0.04509257766,-0.04452800461,0.01113200115,0.01127314442,2.456977512e-17
2,15,3875,2.998302768,1,-0.04576797939,-0.04527523532,0.01131880883,0.01144199485,3.179542233e-17
2,16,4125,2.920992183,1,-0.04568176877,-0.045129633,0.01128240825,0.01142044219,2.798505098e-17
2,17,4375,2.982903192,1,-0.04790375555,-0.04739931528,0.01184982882,0.01197593889,2.461772096e-17
2,18,4625,2.991260302,1,-0.04384658882,-0.04335946638,0.0108398666,0.0109616472,2.459630065e-17
2,19,4875,2.929260794,1,-0.04625602165,-0.04574162395,0.01143540599,0.01156400541,2.467514415e-17
2,20,5125,3.09060805,1,-0.04596094135,-0.0455090635,0.01137726587,0.01149023534,2.234091249e-17
2,21,5375,2.928749179,1,-0.04586260119,-0.04529546333,0.01132386583,0.0114656503,2.459819987e-17
2,22,5625,3.046486555,1,-0.04569453157,-0.04514650592,0.01128662648,0.01142363289,2.457078803e-17
2,23,5875,3.088194328,1,-0.04627752559,-0.04583225653,0.01145806413,0.0115693814,2.809586381e-17
2,24,6125,2.845886241,1,-0.0428662629,-0.04233240404,0.01058310101,0.01071656573,2.133676149e-17
2,25,6375,2.921603785,1,-0.04705544349,-0.04652899501,0.01163224875,0.01176386087,2.45387657e-17
2,26,6625,3.038763656,1,-0.045475329,-0.04513172349,0.01128293087,0.01136883225,2.67015328e-17
2,27,6875,2.985992873,1,-0.04339924173,-0.04283554211,0.01070888553,0.01084981043,2.156724492e-17
2,28,7125,3.371607272,1,-0.04415998975,-0.04368139629,0.01092034907,0.01103999744,2.465812695e-17
2,29,7375,2.954040427,1,-0.04775589331,-0.04723821663,0.01180955416,0.01193897333,3.63214662e-17
2,30,7625,3.061365141,1,-0.04403433997,-0.04356115397,0.01089028849,0.01100858499,2.462874644e-17
2,31,7875,3.066579909,1,-0.04551115192,-0.04498770266,0.01124692567,0.01137778798,2.457772752e-17
2,32,8125,2.790197327,1,-0.04596607473,-0.04543775482,0.0113594387,0.01149151868,2.135055193e-17
2,33,8375,3.207608582,1,-0.04609608294,-0.04555738454,0.01138934613,0.01152402073,2.454491006e-17
2,34,8625,2.893668119,1,-0.04373300381,-0.04339383539,0.01084845885,0.01093325095,2.878643623e-17
2,35,8875,3.038152963,1,-0.04682996398,-0.04632034277,0.01158008569,0.01170749099,2.162282271e-17
2,36,9125,3.232331873,1,-0.04311912667,-0.04262632438,0.0106565811,0.01077978167,2.452001369e-17
2,37,9375,2.990922355,1,-0.04761313233,-0.04704022648,0.01176005662,0.01190328308,2.462003822e-17
2,38,9625,3.283394692,1,-0.0463497812,-0.04582698228,0.01145674557,0.0115874453,2.472078379e-17
2,39,9875,3.002866508,1,-0.04600075469,-0.04567656722,0.0114191418,0.01150018867,2.474553429e-17
2,40,10125,3.30335627,1,-0.04403612566,-0.04353705876,0.01088426469,0.01100903141,2.45544678e-17
2,41,10375,3.109871383,1,-0.04502753521,-0.04452784485,0.01113196121,0.0112568838,2.45278128e-17
2,42,10625,2.878806467,1,-0.04559836456,-0.04508665191,0.01127166298,0.01139959114,2.148574872e-17
2,43,10875,2.815267299,1,-0.04526761101,-0.04475775369,0.01118943842,0.01131690275,2.846309484e-17
2,44,11125,3.275528472,1,-0.04443545042,-0.04397029534,0.01099257384,0.01110886261,2.909988583e-17
2,45,11375,2.921255543,1,-0.04640227822,-0.0458660417,0.01146651042,0.01160056955,2.469295831e-17
2,46,11625,2.911369438,1,-0.04365482929,-0.04320544949,0.01080136237,0.01091370732,2.129191328e-17
2,47,11875,2.891796232,1,-0.04527301377,-0.0447411443,0.01118528608,0.01131825344,2.453807339e-17
2,48,12125,3.177959438,1,-0.04572815842,-0.04515009974,0.01128752494,0.0114320396,2.452037581e-17
2,49,12375,2.994211367,1,-0.04563798061,-0.04512519368,0.01128129842,0.01140949515,2.739747194e-17
2,50,12625,3.006784706,1,-0.04362992194,-0.04312645087,0.01078161272,0.01090748048,3.230029839e-17
2,51,12875,2.940115929,1,-0.04265975715,-0.04230989854,0.01057747464,0.01066493929,2.445639847e-17
2,52,13125,2.936736141,1,-0.04750309428,-0.04701827472,0.01175456868,0.01187577357,2.462812186e-17
2,53,13375,2.971281153,1,-0.04447621126,-0.04402069929,0.01100517482,0.01111905282,2.455108655e-17
2,54,13625,3.185915733,1,-0.04442728793,-0.04393354706,0.01098338677,0.01110682198,2.862126329e-17
2,55,13875,2.836156152,1,-0.04681376779,-0.04634985296,0.01158746324,0.01170344195,2.44571199e-17
2,56,14125,3.261759382,1,-0.04482892655,-0.0442726743,0.01106816858,0.01120723164,2.823075743e-17
2,57,14375,3.245959249,1,-0.04443067587,-0.043911512,0.010977878,0.01110766897,2.142543746e-17
2,58,14625,3.050750574,1,-0.04588781123,-0.04536069278,0.01134017319,0.01147195281,2.45437698e-17
2,59,14875,2.987892266,1,-0.04741421187,-0.04694873114,0.01173718278,0.01185355297,2.469322515e-17
2,60,15125,2.916386714,1,-0.04565758628,-0.04511083002,0.0112777075,0.01141439657,2.464901527e-17
2,61,15375,2.791710013,1,-0.04642795752,-0.04594581529,0.01148645382,0.01160698938,2.453241414e-17
2,62,15625,2.926454553,1,-0.04634265798,-0.04581511708,0.01145377927,0.01158566449,2.462974107e-17
2,63,15875,2.902182602,1,-0.04590035489,-0.045396029,0.01134900725,0.01147508872,2.471558237e-17
3,0,125,2.911980516,1,-0.04788539214,-0.04731478459,0.01182869615,0.01197134803,2.458784117e-17
3,1,375,2.956945492,1,-0.04603798989,-0.04546643493,0.01136660873,0.01150949747,2.456455645e-17
3,2,625,2.832956829,1,-0.04633218102,-0.04582670737,0.01145667684,0.01158304525,2.804704029e-17
3,3,875,2.798828583,1,-0.04598501172,-0.04546267504,0.01136566876,0.01149625293,2.460097464e-17
3,4,1125,2.973500417,1,-0.04307756225,-0.04263971366,0.01065992841,0.01076939056,2.534017537e-17
3,5,1375,2.918175134,1,-0.04526306542,-0.04474940106,0.01118735027,0.01131576636,2.465977213e-17
3,6,1625,3.121890688,1,-0.04384761462,-0.04330799198,0.010826998,0.01096190365,2.165023033e-17
3,7,1875,2.888625924,1,-0.04841918441,-0.04785530447,0.01196382612,0.0121047961,2.459339541e-17
3,8,2125,2.921542852,1,-0.04491537277,-0.04437234875,0.01109308719,0.01122884319,2.458890469e-17
3,9,2375,3.292689289,1,-0.04508463418,-0.04457462445,0.01114365611,0.01127115854,2.794584752e-17
3,10,2625,2.827560365,1,-0.04537239684,-0.0449228535,0.01123071338,0.01134309921,2.356627043e-17
3,11,2875,2.946516742,1,-0.04711774549,-0.04667372842,0.0116684321,0.01177943637,2.451303498e-17
3,12,3125,3.045795567,1,-0.04670325027,-0.04617896576,0.01154474144,0.01167581257,2.463110572e-17
3,13,3375,2.886055497,1,-0.04684812209,-0.04625325164,0.01156331291,0.01171203052,2.449368793e-17
3,14,3625,2.900035136,1,-0.04711754831,-0.0465983961,0.01164959903,0.01177938708,2.468028409e-17
3,15,3875,3.201139507,1,-0.04579312363,-0.04535589142,0.01133897286,0.01144828091,2.458900179e-17
3,16,4125,2.817763494,1,-0.04610352198,-0.04573337798,0.01143334449,0.0115258805,3.106479947e-17
3,17,4375,2.916968834,1,-0.04715430549,-0.04662262848,0.01165565712,0.01178857637,2.4571027e-17
3,18,4625,3.364035865,1,-0.04510122014,-0.0445539633,0.01113849083,0.01127530503,2.453564808e-17
3,19,4875,3.016083208,1,-0.04390770489,-0.04336996028,0.01084249007,0.01097692622,2.123697978e-17
3,20,5125,2.978402815,1,-0.04528956459,-0.04474914625,0.01118728656,0.01132239115,2.45815058e-17
3,21,5375,2.981924557,1,-0.04454414184,-0.04397509086,0.01099377271,0.01113603546,2.891237482e-17
3,22,5625,3.071867983,1,-0.04277859421,-0.04233707939,0.01058426985,0.01069464855,2.156369577e-17
3,23,5875,3.29794303,1,-0.04588560012,-0.04535159282,0.0113378982,0.01147140003,2.45487149e-17
3,24,6125,3.132486397,1,-0.04447555934,-0.04393119006,0.01098279752,0.01111888983,2.460607053e-17
3,25,6375,2.837539954,1,-0.04552531083,-0.0449601246,0.01124003115,0.01138132771,2.459017917e-17
3,26,6625,3.16594205,1,-0.04428683635,-0.04372541624,0.01093135406,0.01107170909,2.462404771e-17
3,27,6875,2.990905029,1,-0.04592443163,-0.04535349103,0.01133837276,0.01148110791,2.458846514e-17
3,28,7125,3.13904844,1,-0.04690397116,-0.04639394023,0.01159848506,0.01172599279,2.461326994e-17
3,29,7375,3.058499726,1,-0.04435990426,-0.04386235284,0.01096558821,0.01108997606,2.162506932e-17
3,30,7625,3.07024638,1,-0.04408945776,-0.04364322625,0.01091080656,0.01102236444,2.445255344e-17
3,31,7875,2.968078621,1,-0.0448527098,-0.04432203078,0.01108050769,0.01121317745,2.145888936e-17
3,32,8125,2.877102773,1,-0.04660629542,-0.04608256008,0.01152064002,0.01165157385,2.475354268e-17
3,33,8375,3.01236617,1,-0.04548787874,-0.04502048562,0.01125512141,0.01137196968,2.461703059e-17
3,34,8625,3.137609923,1,-0.04515650792,-0.04461773662,0.01115443415,0.01128912698,2.446402335e-17
3,35,8875,3.051902219,1,-0.0470883208,-0.04657023858,0.01164255964,0.0117720802,2.488242925e-17
3,36,9125,3.014170638,1,-0.04665518103,-0.04614229916,0.01153557479,0.01166379526,2.45994965e-17
3,37,9375,2.94188718,1,-0.04567480559,-0.04523278089,0.01130819522,0.0114187014,2.470916087e-17
3,38,9625,2.893056077,1,-0.04516288457,-0.0446538226,0.01116345565,0.01129072114,2.454312903e-17
3,39,9875,3.023261483,1,-0.04769365652,-0.04715698379,0.01178924595,0.01192341413,3.087501535e-17
3,40,10125,2.87298664,1,-0.04605176074,-0.04548935477,0.01137233869,0.01151294018,2.165429775e-17
3,41,10375,2.86472823,1,-0.04600541219,-0.04556811707,0.01139202927,0.01150135305,2.455216942e-17
3,42,10625,2.702951328,1,-0.04518925388,-0.04469542012,0.01117385503,0.01129731347,2.453619075e-17
3,43,10875,3.139249862,1,-0.04597547054,-0.0455848925,0.01139622312,0.01149386764,2.453513992e-17
3,44,11125,3.054574217,1,-0.04596683398,-0.04554468963,0.01138617241,0.0114917085,2.4571326e-17
3,45,11375,2.755220549,1,-0.04515978948,-0.04465515536,0.01116378884,0.01128994737,2.146482542e-17
3,46,11625,2.957535581,1,-0.04808735856,-0.04755706798,0.01188926699,0.01202183964,2.469303548e-17
3,47,11875,2.869269698,1,-0.04332556441,-0.0428031352,0.0107007838,0.0108313911,2.227373815e-17
3,48,12125,2.902479856,1,-0.04600474611,-0.04551608945,0.01137902236,0.01150118653,2.455631533e-17
3,49,12375,3.150048756,1,-0.04578055181,-0.04538241854,0.01134560464,0.01144513795,2.797866961e-17
3,50,12625,3.108111586,1,-0.04489488106,-0.0444764478,0.01111911195,0.01122372027,2.454124028e-17
3,51,12875,3.019047262,1,-0.04300069321,-0.04246395166,0.01061598792,0.0107501733,2.453807333e-17
3,52,13125,2.887967813,1,-0.04565488572,-0.04524064406,0.01131016101,0.01141372143,2.45553993e-17
3,53,13375,3.034326279,1,-0.04484770629,-0.04433800244,0.01108450061,0.01121192657,3.250315333e-17
3,54,13625,2.984814688,1,-0.04524982438,-0.04470220377,0.01117555094,0.0113124561,2.812403769e-17
3,55,13875,2.89311321,1,-0.0473035496,-0.04691033848,0.01172758462,0.0118258874,2.446918536e-17
3,56,14125,2.778544869,1,-0.04667228584,-0.04622404335,0.01155601084,0.01166807146,2.133671011e-17
3,57,14375,3.186700086,1,-0.04641919722,-0.04595599366,0.01148899841,0.0116047993,2.165737728e-17
3,58,14625,3.186437324,1,-0.04197314874,-0.04145693711,0.01036423428,0.01049328719,2.128637526e-17
3,59,14875,3.223397192,1,-0.04676175597,-0.04622866821,0.01155716705,0.01169043899,2.479043219e-17
3,60,15125,2.856168011,1,-0.04803578538,-0.0475074398,0.01187685995,0.01200894634,2.461112532e-17
3,61,15375,3.176185088,1,-0.04673757952,-0.0462065285,0.01155163212,0.01168439488,2.457220524e-17
3,62,15625,3.327794736,1,-0.04510041395,-0.04457013902,0.01114253476,0.01127510349,2.451979997e-17
3,63,15875,3.091070229,1,-0.04396012081,-0.04361426966,0.01090356742,0.0109900302,3.885914389e-17
