width,replicate,threshold,n,n_above,n_at_or_below,fraction_above,n_near_threshold,n_definitely_above,n_possibly_above,maximum
32,0,2.0,16384,2217,14167,0.13531494140625,0,2217,2217,2.249702521974046
32,1,2.0,16384,2436,13948,0.148681640625,0,2436,2436,2.2598871577951116
32,2,2.0,16384,2131,14253,0.13006591796875,0,2131,2131,2.2241640856510645
64,0,2.0,16384,2238,14146,0.1365966796875,0,2238,2238,2.17906542963068
64,1,2.0,16384,2398,13986,0.1463623046875,0,2398,2398,2.18237585013913
64,2,2.0,16384,2206,14178,0.1346435546875,0,2206,2206,2.176570693708025
128,0,2.0,16384,2302,14082,0.1405029296875,0,2302,2302,2.1143015029385843
128,1,2.0,16384,2327,14057,0.14202880859375,0,2327,2327,2.1190844341290442
128,2,2.0,16384,2330,14054,0.1422119140625,0,2330,2330,2.111897765377921
256,0,2.0,16384,2391,13993,0.14593505859375,0,2391,2391,2.077395045479144
256,1,2.0,16384,2318,14066,0.1414794921875,0,2318,2318,2.0770871580825974
256,2,2.0,16384,2329,14055,0.14215087890625,0,2329,2329,2.082289697612485
