target,kind,n,m,rep,B,D_th,n_over_sqrt_m,coverage,exit_count,all_inside,coverage_mcse,H_over_B_q99,coverage_floor
orth_n128_m4096_r0,orth,128,4096,0,15.492409952632977,0.8078789213790573,2.0,1.0,0,True,nan,0.21172572163723113,0.999755859375
orth_n128_m4096_r1,orth,128,4096,1,15.492409952632977,0.8078789213790573,2.0,1.0,0,True,nan,0.21210991149214894,0.999755859375
orth_n128_m4096_r2,orth,128,4096,2,15.492409952632977,0.8078789213790573,2.0,1.0,0,True,nan,0.21169738251998418,0.999755859375
orth_n128_m1024_r0,orth,128,1024,0,15.442784582766187,1.6109826393162434,4.0,1.0,0,True,nan,0.202471504438387,0.9990234375
orth_n128_m1024_r1,orth,128,1024,1,15.442784582766187,1.6109826393162434,4.0,1.0,0,True,nan,0.2020928448897742,0.9990234375
orth_n128_m1024_r2,orth,128,1024,2,15.442784582766187,1.6109826393162434,4.0,1.0,0,True,nan,0.2022067144781218,0.9990234375
orth_n128_m16384_r0,orth,128,16384,0,15.541859942459983,0.4051290425619472,1.0,1.0,0,True,nan,0.22127321826904472,0.99993896484375
orth_n128_m16384_r1,orth,128,16384,1,15.541859942459983,0.4051290425619472,1.0,1.0,0,True,nan,0.22020092830632138,0.99993896484375
orth_n128_m16384_r2,orth,128,16384,2,15.541859942459983,0.4051290425619472,1.0,1.0,0,True,nan,0.22105473900097553,0.99993896484375
orth_n64_m1024_r0,orth,64,1024,0,11.533262523402394,0.8731274657566463,2.0,1.0,0,True,nan,0.27062029677514265,0.9990234375
orth_n64_m1024_r1,orth,64,1024,1,11.533262523402394,0.8731274657566463,2.0,1.0,0,True,nan,0.2723194766153368,0.9990234375
orth_n64_m1024_r2,orth,64,1024,2,11.533262523402394,0.8731274657566463,2.0,1.0,0,True,nan,0.2710689316509915,0.9990234375
orth_n64_m4096_r0,orth,64,4096,0,11.602111226106693,0.43890601330996354,1.0,1.0,0,True,nan,0.28292879300320084,0.999755859375
orth_n64_m4096_r1,orth,64,4096,1,11.602111226106693,0.43890601330996354,1.0,1.0,0,True,nan,0.28390546059977373,0.999755859375
orth_n64_m4096_r2,orth,64,4096,2,11.602111226106693,0.43890601330996354,1.0,1.0,0,True,nan,0.28244345182134933,0.999755859375
orth_n256_m4096_r0,orth,256,4096,0,21.07695855842693,1.5224937309242321,4.0,1.0,0,True,nan,0.1552131380556609,0.999755859375
orth_n256_m4096_r1,orth,256,4096,1,21.07695855842693,1.5224937309242321,4.0,1.0,0,True,nan,0.1562614921892211,0.999755859375
orth_n256_m4096_r2,orth,256,4096,2,21.07695855842693,1.5224937309242321,4.0,1.0,0,True,nan,0.15644299015334748,0.999755859375
orth_n256_m16384_r0,orth,256,16384,0,21.112332873972065,0.7624503241160853,2.0,1.0,0,True,nan,0.16194528884605947,0.99993896484375
orth_n256_m16384_r1,orth,256,16384,1,21.112332873972065,0.7624503241160853,2.0,1.0,0,True,nan,0.1624074039593853,0.99993896484375
orth_n256_m16384_r2,orth,256,16384,2,21.112332873972065,0.7624503241160853,2.0,1.0,0,True,nan,0.16222061847277117,0.99993896484375
