n,m,rep,z,ecdf_posterior,cdf_prior
128,4096,0,0.0,0.0,0.0
128,4096,0,0.005,0.0,0.0
128,4096,0,0.01,0.0,0.0
128,4096,0,0.015,0.0,0.0
128,4096,0,0.02,0.0,0.0
128,4096,0,0.025,0.0,0.0
128,4096,0,0.03,0.0,0.0
128,4096,0,0.035,0.0,0.0
128,4096,0,0.04,0.0,0.0
128,4096,0,0.045,0.0,0.0
128,4096,0,0.05,0.0,0.0
128,4096,0,0.055,0.0,0.0
128,4096,0,0.06,0.0,0.0
128,4096,0,0.065,0.0,0.0
128,4096,0,0.07,0.0,0.0
128,4096,0,0.075,0.0,0.0
128,4096,0,0.08,0.0,0.0
128,4096,0,0.085,0.0,0.0
128,4096,0,0.09,0.0,0.0
128,4096,0,0.095,0.0,0.0
128,4096,0,0.1,0.0,9.247696665090773e-261
128,4096,0,0.105,0.0,4.068248173860703e-198
128,4096,0,0.11,0.0,4.066286780654957e-148
128,4096,0,0.115,0.0,6.75899912042936e-109
128,4096,0,0.12,0.0,1.082768132713524e-78
128,4096,0,0.125,0.0,7.0808290582069295e-56
128,4096,0,0.13,0.0,5.4866106469796604e-39
128,4096,0,0.135,0.0,9.592965479843091e-27
128,4096,0,0.14,0.0,4.638153008345023e-18
128,4096,0,0.145,0.0,4.913326683160874e-12
128,4096,0,0.15,0.0,5.994340103133483e-08
128,4096,0,0.155,4.6875e-05,3.063143825209944e-05
128,4096,0,0.16,0.001875,0.001737642874104196
128,4096,0,0.165,0.022953125,0.022346871944283406
128,4096,0,0.17,0.10696875,0.10824539108708423
128,4096,0,0.17500000000000002,0.2800625,0.2803618390815315
128,4096,0,0.18,0.495328125,0.4910855374777543
128,4096,0,0.185,0.68528125,0.6778889565040925
128,4096,0,0.19,0.817359375,0.812402596341296
128,4096,0,0.195,0.900109375,0.8971597789246701
128,4096,0,0.2,0.94828125,0.9461045072874684
128,4096,0,0.20500000000000002,0.974015625,0.9727365617092296
128,4096,0,0.21,0.98709375,0.986612745322733
128,4096,0,0.215,0.99346875,0.9935990075180662
128,4096,0,0.22,0.9964375,0.997014775985071
128,4096,0,0.225,0.998453125,0.9986408900832506
128,4096,0,0.23,0.999328125,0.9993956854973571
128,4096,0,0.23500000000000001,0.999734375,0.999737526754661
128,4096,0,0.24,0.999953125,0.9998886338859295
128,4096,0,0.245,0.999984375,0.9999538390185896
128,4096,0,0.25,0.999984375,0.9999813083532244
128,4096,0,0.255,1.0,0.999992606290149
128,4096,0,0.26,1.0,0.9999971430051904
128,4096,0,0.265,1.0,0.9999989216040733
128,4096,0,0.27,1.0,0.9999996023885496
128,4096,0,0.275,1.0,0.999999856800979
128,4096,0,0.28,1.0,0.9999999496249088
128,4096,0,0.28500000000000003,1.0,0.9999999826909518
128,4096,0,0.29,1.0,0.9999999941910575
128,4096,0,0.295,1.0,0.999999998095973
128,4096,0,0.3,1.0,0.9999999993901838
128,4096,0,0.305,1.0,0.999999999809461
128,4096,0,0.31,1.0,0.9999999999417925
128,4096,0,0.315,1.0,0.9999999999827196
128,4096,0,0.32,1.0,0.9999999999949978
128,4096,0,0.325,1.0,0.9999999999986359
128,4096,0,0.33,1.0,0.9999999999995453
128,4096,0,0.335,1.0,1.0
128,4096,0,0.34,1.0,1.0
128,4096,0,0.34500000000000003,1.0,1.0
128,4096,0,0.35000000000000003,1.0,1.0
128,4096,0,0.355,1.0,1.0
128,4096,0,0.36,1.0,1.0
128,4096,0,0.365,1.0,1.0
128,4096,0,0.37,1.0,1.0
128,4096,0,0.375,1.0,1.0
128,4096,0,0.38,1.0,1.0
128,4096,0,0.385,1.0,1.0
128,4096,0,0.39,1.0,1.0
128,4096,0,0.395,1.0,1.0
128,4096,0,0.4,1.0,1.0
128,4096,0,0.405,1.0,1.0
128,4096,0,0.41000000000000003,1.0,1.0
128,4096,0,0.41500000000000004,1.0,1.0
128,4096,0,0.42,1.0,1.0
128,4096,0,0.425,1.0,1.0
128,4096,0,0.43,1.0,1.0
128,4096,0,0.435,1.0,1.0
128,4096,0,0.44,1.0,1.0
128,4096,0,0.445,1.0,1.0
128,4096,0,0.45,1.0,1.0
128,4096,0,0.455,1.0,1.0
128,4096,0,0.46,1.0,1.0
128,4096,0,0.465,1.0,1.0
128,4096,0,0.47000000000000003,1.0,1.0
128,4096,0,0.47500000000000003,1.0,1.0
128,4096,0,0.48,1.0,1.0
128,4096,0,0.485,1.0,1.0
128,4096,0,0.49,1.0,1.0
128,4096,0,0.495,1.0,1.0
128,4096,0,0.5,1.0,1.0
128,4096,0,0.505,1.0,1.0
128,4096,0,0.51,1.0,1.0
128,4096,0,0.515,1.0,1.0
128,4096,0,0.52,1.0,1.0
128,4096,0,0.525,1.0,1.0
128,4096,0,0.53,1.0,1.0
128,4096,0,0.535,1.0,1.0
128,4096,0,0.54,1.0,1.0
128,4096,0,0.545,1.0,1.0
128,4096,0,0.55,1.0,1.0
128,4096,0,0.555,1.0,1.0
128,4096,0,0.56,1.0,1.0
128,4096,0,0.5650000000000001,1.0,1.0
128,4096,0,0.5700000000000001,1.0,1.0
128,4096,0,0.5750000000000001,1.0,1.0
128,4096,0,0.58,1.0,1.0
128,4096,0,0.585,1.0,1.0
128,4096,0,0.59,1.0,1.0
128,4096,0,0.595,1.0,1.0
128,4096,0,0.6,1.0,1.0
128,4096,0,0.605,1.0,1.0
128,4096,0,0.61,1.0,1.0
128,4096,0,0.615,1.0,1.0
128,4096,0,0.62,1.0,1.0
128,4096,0,0.625,1.0,1.0
128,4096,0,0.63,1.0,1.0
128,4096,0,0.635,1.0,1.0
128,4096,0,0.64,1.0,1.0
128,4096,0,0.645,1.0,1.0
128,4096,0,0.65,1.0,1.0
128,4096,0,0.655,1.0,1.0
128,4096,0,0.66,1.0,1.0
128,4096,0,0.665,1.0,1.0
128,4096,0,0.67,1.0,1.0
128,4096,0,0.675,1.0,1.0
128,4096,0,0.68,1.0,1.0
128,4096,0,0.685,1.0,1.0
128,4096,0,0.6900000000000001,1.0,1.0
128,4096,0,0.6950000000000001,1.0,1.0
128,4096,0,0.7000000000000001,1.0,1.0
128,4096,0,0.705,1.0,1.0
128,4096,0,0.71,1.0,1.0
128,4096,0,0.715,1.0,1.0
128,4096,0,0.72,1.0,1.0
128,4096,0,0.725,1.0,1.0
128,4096,0,0.73,1.0,1.0
128,4096,0,0.735,1.0,1.0
128,4096,0,0.74,1.0,1.0
128,4096,0,0.745,1.0,1.0
128,4096,0,0.75,1.0,1.0
128,4096,0,0.755,1.0,1.0
128,4096,0,0.76,1.0,1.0
128,4096,0,0.765,1.0,1.0
128,4096,0,0.77,1.0,1.0
128,4096,0,0.775,1.0,1.0
128,4096,0,0.78,1.0,1.0
128,4096,0,0.785,1.0,1.0
128,4096,0,0.79,1.0,1.0
128,4096,0,0.795,1.0,1.0
128,4096,0,0.8,1.0,1.0
128,4096,0,0.805,1.0,1.0
128,4096,0,0.81,1.0,1.0
128,4096,0,0.8150000000000001,1.0,1.0
128,4096,0,0.8200000000000001,1.0,1.0
128,4096,0,0.8250000000000001,1.0,1.0
128,4096,0,0.8300000000000001,1.0,1.0
128,4096,0,0.835,1.0,1.0
128,4096,0,0.84,1.0,1.0
128,4096,0,0.845,1.0,1.0
128,4096,0,0.85,1.0,1.0
128,4096,0,0.855,1.0,1.0
128,4096,0,0.86,1.0,1.0
128,4096,0,0.865,1.0,1.0
128,4096,0,0.87,1.0,1.0
128,4096,0,0.875,1.0,1.0
128,4096,0,0.88,1.0,1.0
128,4096,0,0.885,1.0,1.0
128,4096,0,0.89,1.0,1.0
128,4096,0,0.895,1.0,1.0
128,4096,0,0.9,1.0,1.0
128,4096,0,0.905,1.0,1.0
128,4096,0,0.91,1.0,1.0
128,4096,0,0.915,1.0,1.0
128,4096,0,0.92,1.0,1.0
128,4096,0,0.925,1.0,1.0
128,4096,0,0.93,1.0,1.0
128,4096,0,0.935,1.0,1.0
128,4096,0,0.9400000000000001,1.0,1.0
128,4096,0,0.9450000000000001,1.0,1.0
128,4096,0,0.9500000000000001,1.0,1.0
128,4096,0,0.9550000000000001,1.0,1.0
128,4096,0,0.96,1.0,1.0
128,4096,0,0.965,1.0,1.0
128,4096,0,0.97,1.0,1.0
128,4096,0,0.975,1.0,1.0
128,4096,0,0.98,1.0,1.0
128,4096,0,0.985,1.0,1.0
128,4096,0,0.99,1.0,1.0
128,4096,0,0.995,1.0,1.0
128,4096,0,1.0,1.0,1.0
128,4096,0,1.0050000000000001,1.0,1.0
128,4096,0,1.01,1.0,1.0
128,4096,0,1.0150000000000001,1.0,1.0
128,4096,0,1.02,1.0,1.0
128,4096,0,1.025,1.0,1.0
128,4096,0,1.03,1.0,1.0
128,4096,0,1.035,1.0,1.0
128,4096,0,1.04,1.0,1.0
128,4096,0,1.045,1.0,1.0
128,4096,0,1.05,1.0,1.0
128,4096,1,0.0,0.0,0.0
128,4096,1,0.005,0.0,0.0
128,4096,1,0.01,0.0,0.0
128,4096,1,0.015,0.0,0.0
128,4096,1,0.02,0.0,0.0
128,4096,1,0.025,0.0,0.0
128,4096,1,0.03,0.0,0.0
128,4096,1,0.035,0.0,0.0
128,4096,1,0.04,0.0,0.0
128,4096,1,0.045,0.0,0.0
128,4096,1,0.05,0.0,0.0
128,4096,1,0.055,0.0,0.0
128,4096,1,0.06,0.0,0.0
128,4096,1,0.065,0.0,0.0
128,4096,1,0.07,0.0,0.0
128,4096,1,0.075,0.0,0.0
128,4096,1,0.08,0.0,0.0
128,4096,1,0.085,0.0,0.0
128,4096,1,0.09,0.0,0.0
128,4096,1,0.095,0.0,0.0
128,4096,1,0.1,0.0,9.247696665090773e-261
128,4096,1,0.105,0.0,4.068248173860703e-198
128,4096,1,0.11,0.0,4.066286780654957e-148
128,4096,1,0.115,0.0,6.75899912042936e-109
128,4096,1,0.12,0.0,1.082768132713524e-78
128,4096,1,0.125,0.0,7.0808290582069295e-56
128,4096,1,0.13,0.0,5.4866106469796604e-39
128,4096,1,0.135,0.0,9.592965479843091e-27
128,4096,1,0.14,0.0,4.638153008345023e-18
128,4096,1,0.145,0.0,4.913326683160874e-12
128,4096,1,0.15,0.0,5.994340103133483e-08
128,4096,1,0.155,3.125e-05,3.063143825209944e-05
128,4096,1,0.16,0.00166875,0.001737642874104196
128,4096,1,0.165,0.02284375,0.022346871944283406
128,4096,1,0.17,0.108975,0.10824539108708423
128,4096,1,0.17500000000000002,0.278125,0.2803618390815315
128,4096,1,0.18,0.48581875,0.4910855374777543
128,4096,1,0.185,0.67370625,0.6778889565040925
128,4096,1,0.19,0.8107625,0.812402596341296
128,4096,1,0.195,0.89664375,0.8971597789246701
128,4096,1,0.2,0.94518125,0.9461045072874684
128,4096,1,0.20500000000000002,0.9718875,0.9727365617092296
128,4096,1,0.21,0.98595,0.986612745322733
128,4096,1,0.215,0.9931125,0.9935990075180662
128,4096,1,0.22,0.9966625,0.997014775985071
128,4096,1,0.225,0.99838125,0.9986408900832506
128,4096,1,0.23,0.9994125,0.9993956854973571
128,4096,1,0.23500000000000001,0.99974375,0.999737526754661
128,4096,1,0.24,0.9998875,0.9998886338859295
128,4096,1,0.245,0.9999625,0.9999538390185896
128,4096,1,0.25,1.0,0.9999813083532244
128,4096,1,0.255,1.0,0.999992606290149
128,4096,1,0.26,1.0,0.9999971430051904
128,4096,1,0.265,1.0,0.9999989216040733
128,4096,1,0.27,1.0,0.9999996023885496
128,4096,1,0.275,1.0,0.999999856800979
128,4096,1,0.28,1.0,0.9999999496249088
128,4096,1,0.28500000000000003,1.0,0.9999999826909518
128,4096,1,0.29,1.0,0.9999999941910575
128,4096,1,0.295,1.0,0.999999998095973
128,4096,1,0.3,1.0,0.9999999993901838
128,4096,1,0.305,1.0,0.999999999809461
128,4096,1,0.31,1.0,0.9999999999417925
128,4096,1,0.315,1.0,0.9999999999827196
128,4096,1,0.32,1.0,0.9999999999949978
128,4096,1,0.325,1.0,0.9999999999986359
128,4096,1,0.33,1.0,0.9999999999995453
128,4096,1,0.335,1.0,1.0
128,4096,1,0.34,1.0,1.0
128,4096,1,0.34500000000000003,1.0,1.0
128,4096,1,0.35000000000000003,1.0,1.0
128,4096,1,0.355,1.0,1.0
128,4096,1,0.36,1.0,1.0
128,4096,1,0.365,1.0,1.0
128,4096,1,0.37,1.0,1.0
128,4096,1,0.375,1.0,1.0
128,4096,1,0.38,1.0,1.0
128,4096,1,0.385,1.0,1.0
128,4096,1,0.39,1.0,1.0
128,4096,1,0.395,1.0,1.0
128,4096,1,0.4,1.0,1.0
128,4096,1,0.405,1.0,1.0
128,4096,1,0.41000000000000003,1.0,1.0
128,4096,1,0.41500000000000004,1.0,1.0
128,4096,1,0.42,1.0,1.0
128,4096,1,0.425,1.0,1.0
128,4096,1,0.43,1.0,1.0
128,4096,1,0.435,1.0,1.0
128,4096,1,0.44,1.0,1.0
128,4096,1,0.445,1.0,1.0
128,4096,1,0.45,1.0,1.0
128,4096,1,0.455,1.0,1.0
128,4096,1,0.46,1.0,1.0
128,4096,1,0.465,1.0,1.0
128,4096,1,0.47000000000000003,1.0,1.0
128,4096,1,0.47500000000000003,1.0,1.0
128,4096,1,0.48,1.0,1.0
128,4096,1,0.485,1.0,1.0
128,4096,1,0.49,1.0,1.0
128,4096,1,0.495,1.0,1.0
128,4096,1,0.5,1.0,1.0
128,4096,1,0.505,1.0,1.0
128,4096,1,0.51,1.0,1.0
128,4096,1,0.515,1.0,1.0
128,4096,1,0.52,1.0,1.0
128,4096,1,0.525,1.0,1.0
128,4096,1,0.53,1.0,1.0
128,4096,1,0.535,1.0,1.0
128,4096,1,0.54,1.0,1.0
128,4096,1,0.545,1.0,1.0
128,4096,1,0.55,1.0,1.0
128,4096,1,0.555,1.0,1.0
128,4096,1,0.56,1.0,1.0
128,4096,1,0.5650000000000001,1.0,1.0
128,4096,1,0.5700000000000001,1.0,1.0
128,4096,1,0.5750000000000001,1.0,1.0
128,4096,1,0.58,1.0,1.0
128,4096,1,0.585,1.0,1.0
128,4096,1,0.59,1.0,1.0
128,4096,1,0.595,1.0,1.0
128,4096,1,0.6,1.0,1.0
128,4096,1,0.605,1.0,1.0
128,4096,1,0.61,1.0,1.0
128,4096,1,0.615,1.0,1.0
128,4096,1,0.62,1.0,1.0
128,4096,1,0.625,1.0,1.0
128,4096,1,0.63,1.0,1.0
128,4096,1,0.635,1.0,1.0
128,4096,1,0.64,1.0,1.0
128,4096,1,0.645,1.0,1.0
128,4096,1,0.65,1.0,1.0
128,4096,1,0.655,1.0,1.0
128,4096,1,0.66,1.0,1.0
128,4096,1,0.665,1.0,1.0
128,4096,1,0.67,1.0,1.0
128,4096,1,0.675,1.0,1.0
128,4096,1,0.68,1.0,1.0
128,4096,1,0.685,1.0,1.0
128,4096,1,0.6900000000000001,1.0,1.0
128,4096,1,0.6950000000000001,1.0,1.0
128,4096,1,0.7000000000000001,1.0,1.0
128,4096,1,0.705,1.0,1.0
128,4096,1,0.71,1.0,1.0
128,4096,1,0.715,1.0,1.0
128,4096,1,0.72,1.0,1.0
128,4096,1,0.725,1.0,1.0
128,4096,1,0.73,1.0,1.0
128,4096,1,0.735,1.0,1.0
128,4096,1,0.74,1.0,1.0
128,4096,1,0.745,1.0,1.0
128,4096,1,0.75,1.0,1.0
128,4096,1,0.755,1.0,1.0
128,4096,1,0.76,1.0,1.0
128,4096,1,0.765,1.0,1.0
128,4096,1,0.77,1.0,1.0
128,4096,1,0.775,1.0,1.0
128,4096,1,0.78,1.0,1.0
128,4096,1,0.785,1.0,1.0
128,4096,1,0.79,1.0,1.0
128,4096,1,0.795,1.0,1.0
128,4096,1,0.8,1.0,1.0
128,4096,1,0.805,1.0,1.0
128,4096,1,0.81,1.0,1.0
128,4096,1,0.8150000000000001,1.0,1.0
128,4096,1,0.8200000000000001,1.0,1.0
128,4096,1,0.8250000000000001,1.0,1.0
128,4096,1,0.8300000000000001,1.0,1.0
128,4096,1,0.835,1.0,1.0
128,4096,1,0.84,1.0,1.0
128,4096,1,0.845,1.0,1.0
128,4096,1,0.85,1.0,1.0
128,4096,1,0.855,1.0,1.0
128,4096,1,0.86,1.0,1.0
128,4096,1,0.865,1.0,1.0
128,4096,1,0.87,1.0,1.0
128,4096,1,0.875,1.0,1.0
128,4096,1,0.88,1.0,1.0
128,4096,1,0.885,1.0,1.0
128,4096,1,0.89,1.0,1.0
128,4096,1,0.895,1.0,1.0
128,4096,1,0.9,1.0,1.0
128,4096,1,0.905,1.0,1.0
128,4096,1,0.91,1.0,1.0
128,4096,1,0.915,1.0,1.0
128,4096,1,0.92,1.0,1.0
128,4096,1,0.925,1.0,1.0
128,4096,1,0.93,1.0,1.0
128,4096,1,0.935,1.0,1.0
128,4096,1,0.9400000000000001,1.0,1.0
128,4096,1,0.9450000000000001,1.0,1.0
128,4096,1,0.9500000000000001,1.0,1.0
128,4096,1,0.9550000000000001,1.0,1.0
128,4096,1,0.96,1.0,1.0
128,4096,1,0.965,1.0,1.0
128,4096,1,0.97,1.0,1.0
128,4096,1,0.975,1.0,1.0
128,4096,1,0.98,1.0,1.0
128,4096,1,0.985,1.0,1.0
128,4096,1,0.99,1.0,1.0
128,4096,1,0.995,1.0,1.0
128,4096,1,1.0,1.0,1.0
128,4096,1,1.0050000000000001,1.0,1.0
128,4096,1,1.01,1.0,1.0
128,4096,1,1.0150000000000001,1.0,1.0
128,4096,1,1.02,1.0,1.0
128,4096,1,1.025,1.0,1.0
128,4096,1,1.03,1.0,1.0
128,4096,1,1.035,1.0,1.0
128,4096,1,1.04,1.0,1.0
128,4096,1,1.045,1.0,1.0
128,4096,1,1.05,1.0,1.0
128,4096,2,0.0,0.0,0.0
128,4096,2,0.005,0.0,0.0
128,4096,2,0.01,0.0,0.0
128,4096,2,0.015,0.0,0.0
128,4096,2,0.02,0.0,0.0
128,4096,2,0.025,0.0,0.0
128,4096,2,0.03,0.0,0.0
128,4096,2,0.035,0.0,0.0
128,4096,2,0.04,0.0,0.0
128,4096,2,0.045,0.0,0.0
128,4096,2,0.05,0.0,0.0
128,4096,2,0.055,0.0,0.0
128,4096,2,0.06,0.0,0.0
128,4096,2,0.065,0.0,0.0
128,4096,2,0.07,0.0,0.0
128,4096,2,0.075,0.0,0.0
128,4096,2,0.08,0.0,0.0
128,4096,2,0.085,0.0,0.0
128,4096,2,0.09,0.0,0.0
128,4096,2,0.095,0.0,0.0
128,4096,2,0.1,0.0,9.247696665090773e-261
128,4096,2,0.105,0.0,4.068248173860703e-198
128,4096,2,0.11,0.0,4.066286780654957e-148
128,4096,2,0.115,0.0,6.75899912042936e-109
128,4096,2,0.12,0.0,1.082768132713524e-78
128,4096,2,0.125,0.0,7.0808290582069295e-56
128,4096,2,0.13,0.0,5.4866106469796604e-39
128,4096,2,0.135,0.0,9.592965479843091e-27
128,4096,2,0.14,0.0,4.638153008345023e-18
128,4096,2,0.145,0.0,4.913326683160874e-12
128,4096,2,0.15,0.0,5.994340103133483e-08
128,4096,2,0.155,3.125e-05,3.063143825209944e-05
128,4096,2,0.16,0.001734375,0.001737642874104196
128,4096,2,0.165,0.0220625,0.022346871944283406
128,4096,2,0.17,0.108515625,0.10824539108708423
128,4096,2,0.17500000000000002,0.285375,0.2803618390815315
128,4096,2,0.18,0.496265625,0.4910855374777543
128,4096,2,0.185,0.682609375,0.6778889565040925
128,4096,2,0.19,0.81309375,0.812402596341296
128,4096,2,0.195,0.895984375,0.8971597789246701
128,4096,2,0.2,0.946,0.9461045072874684
128,4096,2,0.20500000000000002,0.973296875,0.9727365617092296
128,4096,2,0.21,0.98696875,0.986612745322733
128,4096,2,0.215,0.994234375,0.9935990075180662
128,4096,2,0.22,0.997796875,0.997014775985071
128,4096,2,0.225,0.999046875,0.9986408900832506
128,4096,2,0.23,0.999578125,0.9993956854973571
128,4096,2,0.23500000000000001,0.999765625,0.999737526754661
128,4096,2,0.24,0.99990625,0.9998886338859295
128,4096,2,0.245,1.0,0.9999538390185896
128,4096,2,0.25,1.0,0.9999813083532244
128,4096,2,0.255,1.0,0.999992606290149
128,4096,2,0.26,1.0,0.9999971430051904
128,4096,2,0.265,1.0,0.9999989216040733
128,4096,2,0.27,1.0,0.9999996023885496
128,4096,2,0.275,1.0,0.999999856800979
128,4096,2,0.28,1.0,0.9999999496249088
128,4096,2,0.28500000000000003,1.0,0.9999999826909518
128,4096,2,0.29,1.0,0.9999999941910575
128,4096,2,0.295,1.0,0.999999998095973
128,4096,2,0.3,1.0,0.9999999993901838
128,4096,2,0.305,1.0,0.999999999809461
128,4096,2,0.31,1.0,0.9999999999417925
128,4096,2,0.315,1.0,0.9999999999827196
128,4096,2,0.32,1.0,0.9999999999949978
128,4096,2,0.325,1.0,0.9999999999986359
128,4096,2,0.33,1.0,0.9999999999995453
128,4096,2,0.335,1.0,1.0
128,4096,2,0.34,1.0,1.0
128,4096,2,0.34500000000000003,1.0,1.0
128,4096,2,0.35000000000000003,1.0,1.0
128,4096,2,0.355,1.0,1.0
128,4096,2,0.36,1.0,1.0
128,4096,2,0.365,1.0,1.0
128,4096,2,0.37,1.0,1.0
128,4096,2,0.375,1.0,1.0
128,4096,2,0.38,1.0,1.0
128,4096,2,0.385,1.0,1.0
128,4096,2,0.39,1.0,1.0
128,4096,2,0.395,1.0,1.0
128,4096,2,0.4,1.0,1.0
128,4096,2,0.405,1.0,1.0
128,4096,2,0.41000000000000003,1.0,1.0
128,4096,2,0.41500000000000004,1.0,1.0
128,4096,2,0.42,1.0,1.0
128,4096,2,0.425,1.0,1.0
128,4096,2,0.43,1.0,1.0
128,4096,2,0.435,1.0,1.0
128,4096,2,0.44,1.0,1.0
128,4096,2,0.445,1.0,1.0
128,4096,2,0.45,1.0,1.0
128,4096,2,0.455,1.0,1.0
128,4096,2,0.46,1.0,1.0
128,4096,2,0.465,1.0,1.0
128,4096,2,0.47000000000000003,1.0,1.0
128,4096,2,0.47500000000000003,1.0,1.0
128,4096,2,0.48,1.0,1.0
128,4096,2,0.485,1.0,1.0
128,4096,2,0.49,1.0,1.0
128,4096,2,0.495,1.0,1.0
128,4096,2,0.5,1.0,1.0
128,4096,2,0.505,1.0,1.0
128,4096,2,0.51,1.0,1.0
128,4096,2,0.515,1.0,1.0
128,4096,2,0.52,1.0,1.0
128,4096,2,0.525,1.0,1.0
128,4096,2,0.53,1.0,1.0
128,4096,2,0.535,1.0,1.0
128,4096,2,0.54,1.0,1.0
128,4096,2,0.545,1.0,1.0
128,4096,2,0.55,1.0,1.0
128,4096,2,0.555,1.0,1.0
128,4096,2,0.56,1.0,1.0
128,4096,2,0.5650000000000001,1.0,1.0
128,4096,2,0.5700000000000001,1.0,1.0
128,4096,2,0.5750000000000001,1.0,1.0
128,4096,2,0.58,1.0,1.0
128,4096,2,0.585,1.0,1.0
128,4096,2,0.59,1.0,1.0
128,4096,2,0.595,1.0,1.0
128,4096,2,0.6,1.0,1.0
128,4096,2,0.605,1.0,1.0
128,4096,2,0.61,1.0,1.0
128,4096,2,0.615,1.0,1.0
128,4096,2,0.62,1.0,1.0
128,4096,2,0.625,1.0,1.0
128,4096,2,0.63,1.0,1.0
128,4096,2,0.635,1.0,1.0
128,4096,2,0.64,1.0,1.0
128,4096,2,0.645,1.0,1.0
128,4096,2,0.65,1.0,1.0
128,4096,2,0.655,1.0,1.0
128,4096,2,0.66,1.0,1.0
128,4096,2,0.665,1.0,1.0
128,4096,2,0.67,1.0,1.0
128,4096,2,0.675,1.0,1.0
128,4096,2,0.68,1.0,1.0
128,4096,2,0.685,1.0,1.0
128,4096,2,0.6900000000000001,1.0,1.0
128,4096,2,0.6950000000000001,1.0,1.0
128,4096,2,0.7000000000000001,1.0,1.0
128,4096,2,0.705,1.0,1.0
128,4096,2,0.71,1.0,1.0
128,4096,2,0.715,1.0,1.0
128,4096,2,0.72,1.0,1.0
128,4096,2,0.725,1.0,1.0
128,4096,2,0.73,1.0,1.0
128,4096,2,0.735,1.0,1.0
128,4096,2,0.74,1.0,1.0
128,4096,2,0.745,1.0,1.0
128,4096,2,0.75,1.0,1.0
128,4096,2,0.755,1.0,1.0
128,4096,2,0.76,1.0,1.0
128,4096,2,0.765,1.0,1.0
128,4096,2,0.77,1.0,1.0
128,4096,2,0.775,1.0,1.0
128,4096,2,0.78,1.0,1.0
128,4096,2,0.785,1.0,1.0
128,4096,2,0.79,1.0,1.0
128,4096,2,0.795,1.0,1.0
128,4096,2,0.8,1.0,1.0
128,4096,2,0.805,1.0,1.0
128,4096,2,0.81,1.0,1.0
128,4096,2,0.8150000000000001,1.0,1.0
128,4096,2,0.8200000000000001,1.0,1.0
128,4096,2,0.8250000000000001,1.0,1.0
128,4096,2,0.8300000000000001,1.0,1.0
128,4096,2,0.835,1.0,1.0
128,4096,2,0.84,1.0,1.0
128,4096,2,0.845,1.0,1.0
128,4096,2,0.85,1.0,1.0
128,4096,2,0.855,1.0,1.0
128,4096,2,0.86,1.0,1.0
128,4096,2,0.865,1.0,1.0
128,4096,2,0.87,1.0,1.0
128,4096,2,0.875,1.0,1.0
128,4096,2,0.88,1.0,1.0
128,4096,2,0.885,1.0,1.0
128,4096,2,0.89,1.0,1.0
128,4096,2,0.895,1.0,1.0
128,4096,2,0.9,1.0,1.0
128,4096,2,0.905,1.0,1.0
128,4096,2,0.91,1.0,1.0
128,4096,2,0.915,1.0,1.0
128,4096,2,0.92,1.0,1.0
128,4096,2,0.925,1.0,1.0
128,4096,2,0.93,1.0,1.0
128,4096,2,0.935,1.0,1.0
128,4096,2,0.9400000000000001,1.0,1.0
128,4096,2,0.9450000000000001,1.0,1.0
128,4096,2,0.9500000000000001,1.0,1.0
128,4096,2,0.9550000000000001,1.0,1.0
128,4096,2,0.96,1.0,1.0
128,4096,2,0.965,1.0,1.0
128,4096,2,0.97,1.0,1.0
128,4096,2,0.975,1.0,1.0
128,4096,2,0.98,1.0,1.0
128,4096,2,0.985,1.0,1.0
128,4096,2,0.99,1.0,1.0
128,4096,2,0.995,1.0,1.0
128,4096,2,1.0,1.0,1.0
128,4096,2,1.0050000000000001,1.0,1.0
128,4096,2,1.01,1.0,1.0
128,4096,2,1.0150000000000001,1.0,1.0
128,4096,2,1.02,1.0,1.0
128,4096,2,1.025,1.0,1.0
128,4096,2,1.03,1.0,1.0
128,4096,2,1.035,1.0,1.0
128,4096,2,1.04,1.0,1.0
128,4096,2,1.045,1.0,1.0
128,4096,2,1.05,1.0,1.0
64,4096,0,0.0,0.0,0.0
64,4096,0,0.005,0.0,0.0
64,4096,0,0.01,0.0,0.0
64,4096,0,0.015,0.0,0.0
64,4096,0,0.02,0.0,0.0
64,4096,0,0.025,0.0,0.0
64,4096,0,0.03,0.0,0.0
64,4096,0,0.035,0.0,0.0
64,4096,0,0.04,0.0,0.0
64,4096,0,0.045,0.0,0.0
64,4096,0,0.05,0.0,0.0
64,4096,0,0.055,0.0,0.0
64,4096,0,0.06,0.0,0.0
64,4096,0,0.065,0.0,0.0
64,4096,0,0.07,0.0,0.0
64,4096,0,0.075,0.0,0.0
64,4096,0,0.08,0.0,0.0
64,4096,0,0.085,0.0,0.0
64,4096,0,0.09,0.0,0.0
64,4096,0,0.095,0.0,0.0
64,4096,0,0.1,0.0,0.0
64,4096,0,0.105,0.0,0.0
64,4096,0,0.11,0.0,0.0
64,4096,0,0.115,0.0,0.0
64,4096,0,0.12,0.0,0.0
64,4096,0,0.125,0.0,0.0
64,4096,0,0.13,0.0,1.173729563018175e-299
64,4096,0,0.135,0.0,8.548936187940579e-246
64,4096,0,0.14,0.0,7.289792780951586e-200
64,4096,0,0.145,0.0,4.684118181449674e-161
64,4096,0,0.15,0.0,1.3959524099875476e-128
64,4096,0,0.155,0.0,1.1118426799161556e-101
64,4096,0,0.16,0.0,1.2514821838720688e-79
64,4096,0,0.165,0.0,9.488338843047533e-62
64,4096,0,0.17,0.0,2.0508737088662075e-47
64,4096,0,0.17500000000000002,0.0,4.6972184672418674e-36
64,4096,0,0.18,0.0,3.6949455651363896e-27
64,4096,0,0.185,0.0,2.8142660668453486e-20
64,4096,0,0.19,0.0,5.097482703979258e-15
64,4096,0,0.195,0.0,4.72394031124306e-11
64,4096,0,0.2,0.0,4.257468388806151e-08
64,4096,0,0.20500000000000002,0.0,6.336033298192047e-06
64,4096,0,0.21,0.00034375,0.0002391269828004149
64,4096,0,0.215,0.003171875,0.0032214056094398195
64,4096,0,0.22,0.020203125,0.020247851961697334
64,4096,0,0.225,0.073421875,0.07298565939001074
64,4096,0,0.23,0.1796875,0.17640786954711302
64,4096,0,0.23500000000000001,0.323171875,0.32123620434164357
64,4096,0,0.24,0.48421875,0.48002277489544376
64,4096,0,0.245,0.63040625,0.6260366646078086
64,4096,0,0.25,0.7468125,0.7444657526832743
64,4096,0,0.255,0.836140625,0.8322979626464168
64,4096,0,0.26,0.8964375,0.893386061691666
64,4096,0,0.265,0.93665625,0.9339297316225212
64,4096,0,0.27,0.961109375,0.9599111982032918
64,4096,0,0.275,0.976125,0.9761135029701702
64,4096,0,0.28,0.986125,0.9859964333660399
64,4096,0,0.28500000000000003,0.99228125,0.9919123509036422
64,4096,0,0.29,0.995484375,0.995394870809098
64,4096,0,0.295,0.9976875,0.9974135486294957
64,4096,0,0.3,0.9986875,0.9985667123192021
64,4096,0,0.305,0.999328125,0.9992162086918112
64,4096,0,0.31,0.999609375,0.9995769953640206
64,4096,0,0.315,0.99975,0.9997746861667648
64,4096,0,0.32,0.999828125,0.9998815492541492
64,4096,0,0.325,0.99990625,0.9999385392791162
64,4096,0,0.33,0.9999375,0.9999685249463346
64,4096,0,0.335,0.99996875,0.999984091053291
64,4096,0,0.34,0.999984375,0.9999920636893131
64,4096,0,0.34500000000000003,0.999984375,0.9999960925459999
64,4096,0,0.35000000000000003,1.0,0.9999981012724507
64,4096,0,0.355,1.0,0.9999990894143191
64,4096,0,0.36,1.0,0.9999995690132911
64,4096,0,0.365,1.0,0.9999997986797301
64,4096,0,0.37,1.0,0.999999907191527
64,4096,0,0.375,1.0,0.9999999577758
64,4096,0,0.38,1.0,0.9999999810415832
64,4096,0,0.385,1.0,0.9999999915994523
64,4096,0,0.39,1.0,0.999999996326551
64,4096,0,0.395,1.0,0.9999999984147507
64,4096,0,0.4,1.0,0.9999999993247002
64,4096,0,0.405,1.0,0.9999999997162378
64,4096,0,0.41000000000000003,1.0,0.9999999998822204
64,4096,0,0.41500000000000004,1.0,0.9999999999517968
64,4096,0,0.42,1.0,0.999999999980446
64,4096,0,0.425,1.0,0.9999999999922693
64,4096,0,0.43,1.0,0.9999999999968168
64,4096,0,0.435,1.0,0.9999999999986359
64,4096,0,0.44,1.0,0.9999999999995453
64,4096,0,0.445,1.0,1.0
64,4096,0,0.45,1.0,1.0
64,4096,0,0.455,1.0,1.0
64,4096,0,0.46,1.0,1.0
64,4096,0,0.465,1.0,1.0
64,4096,0,0.47000000000000003,1.0,1.0
64,4096,0,0.47500000000000003,1.0,1.0
64,4096,0,0.48,1.0,1.0
64,4096,0,0.485,1.0,1.0
64,4096,0,0.49,1.0,1.0
64,4096,0,0.495,1.0,1.0
64,4096,0,0.5,1.0,1.0
64,4096,0,0.505,1.0,1.0
64,4096,0,0.51,1.0,1.0
64,4096,0,0.515,1.0,1.0
64,4096,0,0.52,1.0,1.0
64,4096,0,0.525,1.0,1.0
64,4096,0,0.53,1.0,1.0
64,4096,0,0.535,1.0,1.0
64,4096,0,0.54,1.0,1.0
64,4096,0,0.545,1.0,1.0
64,4096,0,0.55,1.0,1.0
64,4096,0,0.555,1.0,1.0
64,4096,0,0.56,1.0,1.0
64,4096,0,0.5650000000000001,1.0,1.0
64,4096,0,0.5700000000000001,1.0,1.0
64,4096,0,0.5750000000000001,1.0,1.0
64,4096,0,0.58,1.0,1.0
64,4096,0,0.585,1.0,1.0
64,4096,0,0.59,1.0,1.0
64,4096,0,0.595,1.0,1.0
64,4096,0,0.6,1.0,1.0
64,4096,0,0.605,1.0,1.0
64,4096,0,0.61,1.0,1.0
64,4096,0,0.615,1.0,1.0
64,4096,0,0.62,1.0,1.0
64,4096,0,0.625,1.0,1.0
64,4096,0,0.63,1.0,1.0
64,4096,0,0.635,1.0,1.0
64,4096,0,0.64,1.0,1.0
64,4096,0,0.645,1.0,1.0
64,4096,0,0.65,1.0,1.0
64,4096,0,0.655,1.0,1.0
64,4096,0,0.66,1.0,1.0
64,4096,0,0.665,1.0,1.0
64,4096,0,0.67,1.0,1.0
64,4096,0,0.675,1.0,1.0
64,4096,0,0.68,1.0,1.0
64,4096,0,0.685,1.0,1.0
64,4096,0,0.6900000000000001,1.0,1.0
64,4096,0,0.6950000000000001,1.0,1.0
64,4096,0,0.7000000000000001,1.0,1.0
64,4096,0,0.705,1.0,1.0
64,4096,0,0.71,1.0,1.0
64,4096,0,0.715,1.0,1.0
64,4096,0,0.72,1.0,1.0
64,4096,0,0.725,1.0,1.0
64,4096,0,0.73,1.0,1.0
64,4096,0,0.735,1.0,1.0
64,4096,0,0.74,1.0,1.0
64,4096,0,0.745,1.0,1.0
64,4096,0,0.75,1.0,1.0
64,4096,0,0.755,1.0,1.0
64,4096,0,0.76,1.0,1.0
64,4096,0,0.765,1.0,1.0
64,4096,0,0.77,1.0,1.0
64,4096,0,0.775,1.0,1.0
64,4096,0,0.78,1.0,1.0
64,4096,0,0.785,1.0,1.0
64,4096,0,0.79,1.0,1.0
64,4096,0,0.795,1.0,1.0
64,4096,0,0.8,1.0,1.0
64,4096,0,0.805,1.0,1.0
64,4096,0,0.81,1.0,1.0
64,4096,0,0.8150000000000001,1.0,1.0
64,4096,0,0.8200000000000001,1.0,1.0
64,4096,0,0.8250000000000001,1.0,1.0
64,4096,0,0.8300000000000001,1.0,1.0
64,4096,0,0.835,1.0,1.0
64,4096,0,0.84,1.0,1.0
64,4096,0,0.845,1.0,1.0
64,4096,0,0.85,1.0,1.0
64,4096,0,0.855,1.0,1.0
64,4096,0,0.86,1.0,1.0
64,4096,0,0.865,1.0,1.0
64,4096,0,0.87,1.0,1.0
64,4096,0,0.875,1.0,1.0
64,4096,0,0.88,1.0,1.0
64,4096,0,0.885,1.0,1.0
64,4096,0,0.89,1.0,1.0
64,4096,0,0.895,1.0,1.0
64,4096,0,0.9,1.0,1.0
64,4096,0,0.905,1.0,1.0
64,4096,0,0.91,1.0,1.0
64,4096,0,0.915,1.0,1.0
64,4096,0,0.92,1.0,1.0
64,4096,0,0.925,1.0,1.0
64,4096,0,0.93,1.0,1.0
64,4096,0,0.935,1.0,1.0
64,4096,0,0.9400000000000001,1.0,1.0
64,4096,0,0.9450000000000001,1.0,1.0
64,4096,0,0.9500000000000001,1.0,1.0
64,4096,0,0.9550000000000001,1.0,1.0
64,4096,0,0.96,1.0,1.0
64,4096,0,0.965,1.0,1.0
64,4096,0,0.97,1.0,1.0
64,4096,0,0.975,1.0,1.0
64,4096,0,0.98,1.0,1.0
64,4096,0,0.985,1.0,1.0
64,4096,0,0.99,1.0,1.0
64,4096,0,0.995,1.0,1.0
64,4096,0,1.0,1.0,1.0
64,4096,0,1.0050000000000001,1.0,1.0
64,4096,0,1.01,1.0,1.0
64,4096,0,1.0150000000000001,1.0,1.0
64,4096,0,1.02,1.0,1.0
64,4096,0,1.025,1.0,1.0
64,4096,0,1.03,1.0,1.0
64,4096,0,1.035,1.0,1.0
64,4096,0,1.04,1.0,1.0
64,4096,0,1.045,1.0,1.0
64,4096,0,1.05,1.0,1.0
64,4096,1,0.0,0.0,0.0
64,4096,1,0.005,0.0,0.0
64,4096,1,0.01,0.0,0.0
64,4096,1,0.015,0.0,0.0
64,4096,1,0.02,0.0,0.0
64,4096,1,0.025,0.0,0.0
64,4096,1,0.03,0.0,0.0
64,4096,1,0.035,0.0,0.0
64,4096,1,0.04,0.0,0.0
64,4096,1,0.045,0.0,0.0
64,4096,1,0.05,0.0,0.0
64,4096,1,0.055,0.0,0.0
64,4096,1,0.06,0.0,0.0
64,4096,1,0.065,0.0,0.0
64,4096,1,0.07,0.0,0.0
64,4096,1,0.075,0.0,0.0
64,4096,1,0.08,0.0,0.0
64,4096,1,0.085,0.0,0.0
64,4096,1,0.09,0.0,0.0
64,4096,1,0.095,0.0,0.0
64,4096,1,0.1,0.0,0.0
64,4096,1,0.105,0.0,0.0
64,4096,1,0.11,0.0,0.0
64,4096,1,0.115,0.0,0.0
64,4096,1,0.12,0.0,0.0
64,4096,1,0.125,0.0,0.0
64,4096,1,0.13,0.0,1.173729563018175e-299
64,4096,1,0.135,0.0,8.548936187940579e-246
64,4096,1,0.14,0.0,7.289792780951586e-200
64,4096,1,0.145,0.0,4.684118181449674e-161
64,4096,1,0.15,0.0,1.3959524099875476e-128
64,4096,1,0.155,0.0,1.1118426799161556e-101
64,4096,1,0.16,0.0,1.2514821838720688e-79
64,4096,1,0.165,0.0,9.488338843047533e-62
64,4096,1,0.17,0.0,2.0508737088662075e-47
64,4096,1,0.17500000000000002,0.0,4.6972184672418674e-36
64,4096,1,0.18,0.0,3.6949455651363896e-27
64,4096,1,0.185,0.0,2.8142660668453486e-20
64,4096,1,0.19,0.0,5.097482703979258e-15
64,4096,1,0.195,0.0,4.72394031124306e-11
64,4096,1,0.2,0.0,4.257468388806151e-08
64,4096,1,0.20500000000000002,0.0,6.336033298192047e-06
64,4096,1,0.21,0.00028125,0.0002391269828004149
64,4096,1,0.215,0.00290625,0.0032214056094398195
64,4096,1,0.22,0.019828125,0.020247851961697334
64,4096,1,0.225,0.0716875,0.07298565939001074
64,4096,1,0.23,0.17528125,0.17640786954711302
64,4096,1,0.23500000000000001,0.320390625,0.32123620434164357
64,4096,1,0.24,0.481125,0.48002277489544376
64,4096,1,0.245,0.626,0.6260366646078086
64,4096,1,0.25,0.743421875,0.7444657526832743
64,4096,1,0.255,0.8310625,0.8322979626464168
64,4096,1,0.26,0.892140625,0.893386061691666
64,4096,1,0.265,0.932015625,0.9339297316225212
64,4096,1,0.27,0.957859375,0.9599111982032918
64,4096,1,0.275,0.974578125,0.9761135029701702
64,4096,1,0.28,0.984796875,0.9859964333660399
64,4096,1,0.28500000000000003,0.9913125,0.9919123509036422
64,4096,1,0.29,0.995375,0.995394870809098
64,4096,1,0.295,0.997640625,0.9974135486294957
64,4096,1,0.3,0.998578125,0.9985667123192021
64,4096,1,0.305,0.999234375,0.9992162086918112
64,4096,1,0.31,0.999484375,0.9995769953640206
64,4096,1,0.315,0.99971875,0.9997746861667648
64,4096,1,0.32,0.99990625,0.9998815492541492
64,4096,1,0.325,0.99996875,0.9999385392791162
64,4096,1,0.33,0.999984375,0.9999685249463346
64,4096,1,0.335,1.0,0.999984091053291
64,4096,1,0.34,1.0,0.9999920636893131
64,4096,1,0.34500000000000003,1.0,0.9999960925459999
64,4096,1,0.35000000000000003,1.0,0.9999981012724507
64,4096,1,0.355,1.0,0.9999990894143191
64,4096,1,0.36,1.0,0.9999995690132911
64,4096,1,0.365,1.0,0.9999997986797301
64,4096,1,0.37,1.0,0.999999907191527
64,4096,1,0.375,1.0,0.9999999577758
64,4096,1,0.38,1.0,0.9999999810415832
64,4096,1,0.385,1.0,0.9999999915994523
64,4096,1,0.39,1.0,0.999999996326551
64,4096,1,0.395,1.0,0.9999999984147507
64,4096,1,0.4,1.0,0.9999999993247002
64,4096,1,0.405,1.0,0.9999999997162378
64,4096,1,0.41000000000000003,1.0,0.9999999998822204
64,4096,1,0.41500000000000004,1.0,0.9999999999517968
64,4096,1,0.42,1.0,0.999999999980446
64,4096,1,0.425,1.0,0.9999999999922693
64,4096,1,0.43,1.0,0.9999999999968168
64,4096,1,0.435,1.0,0.9999999999986359
64,4096,1,0.44,1.0,0.9999999999995453
64,4096,1,0.445,1.0,1.0
64,4096,1,0.45,1.0,1.0
64,4096,1,0.455,1.0,1.0
64,4096,1,0.46,1.0,1.0
64,4096,1,0.465,1.0,1.0
64,4096,1,0.47000000000000003,1.0,1.0
64,4096,1,0.47500000000000003,1.0,1.0
64,4096,1,0.48,1.0,1.0
64,4096,1,0.485,1.0,1.0
64,4096,1,0.49,1.0,1.0
64,4096,1,0.495,1.0,1.0
64,4096,1,0.5,1.0,1.0
64,4096,1,0.505,1.0,1.0
64,4096,1,0.51,1.0,1.0
64,4096,1,0.515,1.0,1.0
64,4096,1,0.52,1.0,1.0
64,4096,1,0.525,1.0,1.0
64,4096,1,0.53,1.0,1.0
64,4096,1,0.535,1.0,1.0
64,4096,1,0.54,1.0,1.0
64,4096,1,0.545,1.0,1.0
64,4096,1,0.55,1.0,1.0
64,4096,1,0.555,1.0,1.0
64,4096,1,0.56,1.0,1.0
64,4096,1,0.5650000000000001,1.0,1.0
64,4096,1,0.5700000000000001,1.0,1.0
64,4096,1,0.5750000000000001,1.0,1.0
64,4096,1,0.58,1.0,1.0
64,4096,1,0.585,1.0,1.0
64,4096,1,0.59,1.0,1.0
64,4096,1,0.595,1.0,1.0
64,4096,1,0.6,1.0,1.0
64,4096,1,0.605,1.0,1.0
64,4096,1,0.61,1.0,1.0
64,4096,1,0.615,1.0,1.0
64,4096,1,0.62,1.0,1.0
64,4096,1,0.625,1.0,1.0
64,4096,1,0.63,1.0,1.0
64,4096,1,0.635,1.0,1.0
64,4096,1,0.64,1.0,1.0
64,4096,1,0.645,1.0,1.0
64,4096,1,0.65,1.0,1.0
64,4096,1,0.655,1.0,1.0
64,4096,1,0.66,1.0,1.0
64,4096,1,0.665,1.0,1.0
64,4096,1,0.67,1.0,1.0
64,4096,1,0.675,1.0,1.0
64,4096,1,0.68,1.0,1.0
64,4096,1,0.685,1.0,1.0
64,4096,1,0.6900000000000001,1.0,1.0
64,4096,1,0.6950000000000001,1.0,1.0
64,4096,1,0.7000000000000001,1.0,1.0
64,4096,1,0.705,1.0,1.0
64,4096,1,0.71,1.0,1.0
64,4096,1,0.715,1.0,1.0
64,4096,1,0.72,1.0,1.0
64,4096,1,0.725,1.0,1.0
64,4096,1,0.73,1.0,1.0
64,4096,1,0.735,1.0,1.0
64,4096,1,0.74,1.0,1.0
64,4096,1,0.745,1.0,1.0
64,4096,1,0.75,1.0,1.0
64,4096,1,0.755,1.0,1.0
64,4096,1,0.76,1.0,1.0
64,4096,1,0.765,1.0,1.0
64,4096,1,0.77,1.0,1.0
64,4096,1,0.775,1.0,1.0
64,4096,1,0.78,1.0,1.0
64,4096,1,0.785,1.0,1.0
64,4096,1,0.79,1.0,1.0
64,4096,1,0.795,1.0,1.0
64,4096,1,0.8,1.0,1.0
64,4096,1,0.805,1.0,1.0
64,4096,1,0.81,1.0,1.0
64,4096,1,0.8150000000000001,1.0,1.0
64,4096,1,0.8200000000000001,1.0,1.0
64,4096,1,0.8250000000000001,1.0,1.0
64,4096,1,0.8300000000000001,1.0,1.0
64,4096,1,0.835,1.0,1.0
64,4096,1,0.84,1.0,1.0
64,4096,1,0.845,1.0,1.0
64,4096,1,0.85,1.0,1.0
64,4096,1,0.855,1.0,1.0
64,4096,1,0.86,1.0,1.0
64,4096,1,0.865,1.0,1.0
64,4096,1,0.87,1.0,1.0
64,4096,1,0.875,1.0,1.0
64,4096,1,0.88,1.0,1.0
64,4096,1,0.885,1.0,1.0
64,4096,1,0.89,1.0,1.0
64,4096,1,0.895,1.0,1.0
64,4096,1,0.9,1.0,1.0
64,4096,1,0.905,1.0,1.0
64,4096,1,0.91,1.0,1.0
64,4096,1,0.915,1.0,1.0
64,4096,1,0.92,1.0,1.0
64,4096,1,0.925,1.0,1.0
64,4096,1,0.93,1.0,1.0
64,4096,1,0.935,1.0,1.0
64,4096,1,0.9400000000000001,1.0,1.0
64,4096,1,0.9450000000000001,1.0,1.0
64,4096,1,0.9500000000000001,1.0,1.0
64,4096,1,0.9550000000000001,1.0,1.0
64,4096,1,0.96,1.0,1.0
64,4096,1,0.965,1.0,1.0
64,4096,1,0.97,1.0,1.0
64,4096,1,0.975,1.0,1.0
64,4096,1,0.98,1.0,1.0
64,4096,1,0.985,1.0,1.0
64,4096,1,0.99,1.0,1.0
64,4096,1,0.995,1.0,1.0
64,4096,1,1.0,1.0,1.0
64,4096,1,1.0050000000000001,1.0,1.0
64,4096,1,1.01,1.0,1.0
64,4096,1,1.0150000000000001,1.0,1.0
64,4096,1,1.02,1.0,1.0
64,4096,1,1.025,1.0,1.0
64,4096,1,1.03,1.0,1.0
64,4096,1,1.035,1.0,1.0
64,4096,1,1.04,1.0,1.0
64,4096,1,1.045,1.0,1.0
64,4096,1,1.05,1.0,1.0
64,4096,2,0.0,0.0,0.0
64,4096,2,0.005,0.0,0.0
64,4096,2,0.01,0.0,0.0
64,4096,2,0.015,0.0,0.0
64,4096,2,0.02,0.0,0.0
64,4096,2,0.025,0.0,0.0
64,4096,2,0.03,0.0,0.0
64,4096,2,0.035,0.0,0.0
64,4096,2,0.04,0.0,0.0
64,4096,2,0.045,0.0,0.0
64,4096,2,0.05,0.0,0.0
64,4096,2,0.055,0.0,0.0
64,4096,2,0.06,0.0,0.0
64,4096,2,0.065,0.0,0.0
64,4096,2,0.07,0.0,0.0
64,4096,2,0.075,0.0,0.0
64,4096,2,0.08,0.0,0.0
64,4096,2,0.085,0.0,0.0
64,4096,2,0.09,0.0,0.0
64,4096,2,0.095,0.0,0.0
64,4096,2,0.1,0.0,0.0
64,4096,2,0.105,0.0,0.0
64,4096,2,0.11,0.0,0.0
64,4096,2,0.115,0.0,0.0
64,4096,2,0.12,0.0,0.0
64,4096,2,0.125,0.0,0.0
64,4096,2,0.13,0.0,1.173729563018175e-299
64,4096,2,0.135,0.0,8.548936187940579e-246
64,4096,2,0.14,0.0,7.289792780951586e-200
64,4096,2,0.145,0.0,4.684118181449674e-161
64,4096,2,0.15,0.0,1.3959524099875476e-128
64,4096,2,0.155,0.0,1.1118426799161556e-101
64,4096,2,0.16,0.0,1.2514821838720688e-79
64,4096,2,0.165,0.0,9.488338843047533e-62
64,4096,2,0.17,0.0,2.0508737088662075e-47
64,4096,2,0.17500000000000002,0.0,4.6972184672418674e-36
64,4096,2,0.18,0.0,3.6949455651363896e-27
64,4096,2,0.185,0.0,2.8142660668453486e-20
64,4096,2,0.19,0.0,5.097482703979258e-15
64,4096,2,0.195,0.0,4.72394031124306e-11
64,4096,2,0.2,0.0,4.257468388806151e-08
64,4096,2,0.20500000000000002,0.0,6.336033298192047e-06
64,4096,2,0.21,0.00021875,0.0002391269828004149
64,4096,2,0.215,0.003328125,0.0032214056094398195
64,4096,2,0.22,0.020578125,0.020247851961697334
64,4096,2,0.225,0.07428125,0.07298565939001074
64,4096,2,0.23,0.179859375,0.17640786954711302
64,4096,2,0.23500000000000001,0.32740625,0.32123620434164357
64,4096,2,0.24,0.486140625,0.48002277489544376
64,4096,2,0.245,0.629328125,0.6260366646078086
64,4096,2,0.25,0.748078125,0.7444657526832743
64,4096,2,0.255,0.832546875,0.8322979626464168
64,4096,2,0.26,0.892671875,0.893386061691666
64,4096,2,0.265,0.933296875,0.9339297316225212
64,4096,2,0.27,0.960296875,0.9599111982032918
64,4096,2,0.275,0.97671875,0.9761135029701702
64,4096,2,0.28,0.986734375,0.9859964333660399
64,4096,2,0.28500000000000003,0.992953125,0.9919123509036422
64,4096,2,0.29,0.995890625,0.995394870809098
64,4096,2,0.295,0.99765625,0.9974135486294957
64,4096,2,0.3,0.998859375,0.9985667123192021
64,4096,2,0.305,0.99925,0.9992162086918112
64,4096,2,0.31,0.999578125,0.9995769953640206
64,4096,2,0.315,0.999734375,0.9997746861667648
64,4096,2,0.32,0.999890625,0.9998815492541492
64,4096,2,0.325,0.99996875,0.9999385392791162
64,4096,2,0.33,0.999984375,0.9999685249463346
64,4096,2,0.335,0.999984375,0.999984091053291
64,4096,2,0.34,0.999984375,0.9999920636893131
64,4096,2,0.34500000000000003,0.999984375,0.9999960925459999
64,4096,2,0.35000000000000003,1.0,0.9999981012724507
64,4096,2,0.355,1.0,0.9999990894143191
64,4096,2,0.36,1.0,0.9999995690132911
64,4096,2,0.365,1.0,0.9999997986797301
64,4096,2,0.37,1.0,0.999999907191527
64,4096,2,0.375,1.0,0.9999999577758
64,4096,2,0.38,1.0,0.9999999810415832
64,4096,2,0.385,1.0,0.9999999915994523
64,4096,2,0.39,1.0,0.999999996326551
64,4096,2,0.395,1.0,0.9999999984147507
64,4096,2,0.4,1.0,0.9999999993247002
64,4096,2,0.405,1.0,0.9999999997162378
64,4096,2,0.41000000000000003,1.0,0.9999999998822204
64,4096,2,0.41500000000000004,1.0,0.9999999999517968
64,4096,2,0.42,1.0,0.999999999980446
64,4096,2,0.425,1.0,0.9999999999922693
64,4096,2,0.43,1.0,0.9999999999968168
64,4096,2,0.435,1.0,0.9999999999986359
64,4096,2,0.44,1.0,0.9999999999995453
64,4096,2,0.445,1.0,1.0
64,4096,2,0.45,1.0,1.0
64,4096,2,0.455,1.0,1.0
64,4096,2,0.46,1.0,1.0
64,4096,2,0.465,1.0,1.0
64,4096,2,0.47000000000000003,1.0,1.0
64,4096,2,0.47500000000000003,1.0,1.0
64,4096,2,0.48,1.0,1.0
64,4096,2,0.485,1.0,1.0
64,4096,2,0.49,1.0,1.0
64,4096,2,0.495,1.0,1.0
64,4096,2,0.5,1.0,1.0
64,4096,2,0.505,1.0,1.0
64,4096,2,0.51,1.0,1.0
64,4096,2,0.515,1.0,1.0
64,4096,2,0.52,1.0,1.0
64,4096,2,0.525,1.0,1.0
64,4096,2,0.53,1.0,1.0
64,4096,2,0.535,1.0,1.0
64,4096,2,0.54,1.0,1.0
64,4096,2,0.545,1.0,1.0
64,4096,2,0.55,1.0,1.0
64,4096,2,0.555,1.0,1.0
64,4096,2,0.56,1.0,1.0
64,4096,2,0.5650000000000001,1.0,1.0
64,4096,2,0.5700000000000001,1.0,1.0
64,4096,2,0.5750000000000001,1.0,1.0
64,4096,2,0.58,1.0,1.0
64,4096,2,0.585,1.0,1.0
64,4096,2,0.59,1.0,1.0
64,4096,2,0.595,1.0,1.0
64,4096,2,0.6,1.0,1.0
64,4096,2,0.605,1.0,1.0
64,4096,2,0.61,1.0,1.0
64,4096,2,0.615,1.0,1.0
64,4096,2,0.62,1.0,1.0
64,4096,2,0.625,1.0,1.0
64,4096,2,0.63,1.0,1.0
64,4096,2,0.635,1.0,1.0
64,4096,2,0.64,1.0,1.0
64,4096,2,0.645,1.0,1.0
64,4096,2,0.65,1.0,1.0
64,4096,2,0.655,1.0,1.0
64,4096,2,0.66,1.0,1.0
64,4096,2,0.665,1.0,1.0
64,4096,2,0.67,1.0,1.0
64,4096,2,0.675,1.0,1.0
64,4096,2,0.68,1.0,1.0
64,4096,2,0.685,1.0,1.0
64,4096,2,0.6900000000000001,1.0,1.0
64,4096,2,0.6950000000000001,1.0,1.0
64,4096,2,0.7000000000000001,1.0,1.0
64,4096,2,0.705,1.0,1.0
64,4096,2,0.71,1.0,1.0
64,4096,2,0.715,1.0,1.0
64,4096,2,0.72,1.0,1.0
64,4096,2,0.725,1.0,1.0
64,4096,2,0.73,1.0,1.0
64,4096,2,0.735,1.0,1.0
64,4096,2,0.74,1.0,1.0
64,4096,2,0.745,1.0,1.0
64,4096,2,0.75,1.0,1.0
64,4096,2,0.755,1.0,1.0
64,4096,2,0.76,1.0,1.0
64,4096,2,0.765,1.0,1.0
64,4096,2,0.77,1.0,1.0
64,4096,2,0.775,1.0,1.0
64,4096,2,0.78,1.0,1.0
64,4096,2,0.785,1.0,1.0
64,4096,2,0.79,1.0,1.0
64,4096,2,0.795,1.0,1.0
64,4096,2,0.8,1.0,1.0
64,4096,2,0.805,1.0,1.0
64,4096,2,0.81,1.0,1.0
64,4096,2,0.8150000000000001,1.0,1.0
64,4096,2,0.8200000000000001,1.0,1.0
64,4096,2,0.8250000000000001,1.0,1.0
64,4096,2,0.8300000000000001,1.0,1.0
64,4096,2,0.835,1.0,1.0
64,4096,2,0.84,1.0,1.0
64,4096,2,0.845,1.0,1.0
64,4096,2,0.85,1.0,1.0
64,4096,2,0.855,1.0,1.0
64,4096,2,0.86,1.0,1.0
64,4096,2,0.865,1.0,1.0
64,4096,2,0.87,1.0,1.0
64,4096,2,0.875,1.0,1.0
64,4096,2,0.88,1.0,1.0
64,4096,2,0.885,1.0,1.0
64,4096,2,0.89,1.0,1.0
64,4096,2,0.895,1.0,1.0
64,4096,2,0.9,1.0,1.0
64,4096,2,0.905,1.0,1.0
64,4096,2,0.91,1.0,1.0
64,4096,2,0.915,1.0,1.0
64,4096,2,0.92,1.0,1.0
64,4096,2,0.925,1.0,1.0
64,4096,2,0.93,1.0,1.0
64,4096,2,0.935,1.0,1.0
64,4096,2,0.9400000000000001,1.0,1.0
64,4096,2,0.9450000000000001,1.0,1.0
64,4096,2,0.9500000000000001,1.0,1.0
64,4096,2,0.9550000000000001,1.0,1.0
64,4096,2,0.96,1.0,1.0
64,4096,2,0.965,1.0,1.0
64,4096,2,0.97,1.0,1.0
64,4096,2,0.975,1.0,1.0
64,4096,2,0.98,1.0,1.0
64,4096,2,0.985,1.0,1.0
64,4096,2,0.99,1.0,1.0
64,4096,2,0.995,1.0,1.0
64,4096,2,1.0,1.0,1.0
64,4096,2,1.0050000000000001,1.0,1.0
64,4096,2,1.01,1.0,1.0
64,4096,2,1.0150000000000001,1.0,1.0
64,4096,2,1.02,1.0,1.0
64,4096,2,1.025,1.0,1.0
64,4096,2,1.03,1.0,1.0
64,4096,2,1.035,1.0,1.0
64,4096,2,1.04,1.0,1.0
64,4096,2,1.045,1.0,1.0
64,4096,2,1.05,1.0,1.0
256,4096,0,0.0,0.0,0.0
256,4096,0,0.005,0.0,0.0
256,4096,0,0.01,0.0,0.0
256,4096,0,0.015,0.0,0.0
256,4096,0,0.02,0.0,0.0
256,4096,0,0.025,0.0,0.0
256,4096,0,0.03,0.0,0.0
256,4096,0,0.035,0.0,0.0
256,4096,0,0.04,0.0,0.0
256,4096,0,0.045,0.0,0.0
256,4096,0,0.05,0.0,0.0
256,4096,0,0.055,0.0,0.0
256,4096,0,0.06,0.0,0.0
256,4096,0,0.065,0.0,0.0
256,4096,0,0.07,0.0,0.0
256,4096,0,0.075,0.0,1.298293581350856e-233
256,4096,0,0.08,0.0,1.0324460747419911e-158
256,4096,0,0.085,0.0,1.456423162605271e-104
256,4096,0,0.09,0.0,1.0171093692500628e-66
256,4096,0,0.095,0.0,3.274344272406276e-41
256,4096,0,0.1,0.0,1.1540381634968064e-24
256,4096,0,0.105,0.0,2.3748456451580844e-14
256,4096,0,0.11,0.0,3.4945448656944014e-08
256,4096,0,0.115,3.75e-05,0.0001199317484967264
256,4096,0,0.12,0.01020625,0.010475375827149021
256,4096,0,0.125,0.113825,0.10979987157961289
256,4096,0,0.13,0.37101875,0.3580835981369212
256,4096,0,0.135,0.64531875,0.6326146236858103
256,4096,0,0.14,0.82923125,0.8222167927042098
256,4096,0,0.145,0.92791875,0.9229112247529507
256,4096,0,0.15,0.97099375,0.968980512915338
256,4096,0,0.155,0.98916875,0.9882088114571852
256,4096,0,0.16,0.99638125,0.9957310448245941
256,4096,0,0.165,0.99895,0.9985227839756812
256,4096,0,0.17,0.9996875,0.9995107609188641
256,4096,0,0.17500000000000002,0.9998875,0.999844846745102
256,4096,0,0.18,0.9999625,0.9999528786860794
256,4096,0,0.185,1.0,0.9999862947122339
256,4096,0,0.19,1.0,0.9999961827375127
256,4096,0,0.195,1.0,0.9999989819171512
256,4096,0,0.2,1.0,0.9999997400105142
256,4096,0,0.20500000000000002,1.0,0.9999999364308699
256,4096,0,0.21,1.0,0.9999999851193025
256,4096,0,0.215,1.0,0.9999999966648829
256,4096,0,0.22,1.0,0.9999999992846825
256,4096,0,0.225,1.0,0.9999999998531166
256,4096,0,0.23,1.0,0.9999999999708962
256,4096,0,0.23500000000000001,1.0,0.999999999994543
256,4096,0,0.24,1.0,0.9999999999990905
256,4096,0,0.245,1.0,1.0
256,4096,0,0.25,1.0,1.0
256,4096,0,0.255,1.0,1.0
256,4096,0,0.26,1.0,1.0
256,4096,0,0.265,1.0,1.0
256,4096,0,0.27,1.0,1.0
256,4096,0,0.275,1.0,1.0
256,4096,0,0.28,1.0,1.0
256,4096,0,0.28500000000000003,1.0,1.0
256,4096,0,0.29,1.0,1.0
256,4096,0,0.295,1.0,1.0
256,4096,0,0.3,1.0,1.0
256,4096,0,0.305,1.0,1.0
256,4096,0,0.31,1.0,1.0
256,4096,0,0.315,1.0,1.0
256,4096,0,0.32,1.0,1.0
256,4096,0,0.325,1.0,1.0
256,4096,0,0.33,1.0,1.0
256,4096,0,0.335,1.0,1.0
256,4096,0,0.34,1.0,1.0
256,4096,0,0.34500000000000003,1.0,1.0
256,4096,0,0.35000000000000003,1.0,1.0
256,4096,0,0.355,1.0,1.0
256,4096,0,0.36,1.0,1.0
256,4096,0,0.365,1.0,1.0
256,4096,0,0.37,1.0,1.0
256,4096,0,0.375,1.0,1.0
256,4096,0,0.38,1.0,1.0
256,4096,0,0.385,1.0,1.0
256,4096,0,0.39,1.0,1.0
256,4096,0,0.395,1.0,1.0
256,4096,0,0.4,1.0,1.0
256,4096,0,0.405,1.0,1.0
256,4096,0,0.41000000000000003,1.0,1.0
256,4096,0,0.41500000000000004,1.0,1.0
256,4096,0,0.42,1.0,1.0
256,4096,0,0.425,1.0,1.0
256,4096,0,0.43,1.0,1.0
256,4096,0,0.435,1.0,1.0
256,4096,0,0.44,1.0,1.0
256,4096,0,0.445,1.0,1.0
256,4096,0,0.45,1.0,1.0
256,4096,0,0.455,1.0,1.0
256,4096,0,0.46,1.0,1.0
256,4096,0,0.465,1.0,1.0
256,4096,0,0.47000000000000003,1.0,1.0
256,4096,0,0.47500000000000003,1.0,1.0
256,4096,0,0.48,1.0,1.0
256,4096,0,0.485,1.0,1.0
256,4096,0,0.49,1.0,1.0
256,4096,0,0.495,1.0,1.0
256,4096,0,0.5,1.0,1.0
256,4096,0,0.505,1.0,1.0
256,4096,0,0.51,1.0,1.0
256,4096,0,0.515,1.0,1.0
256,4096,0,0.52,1.0,1.0
256,4096,0,0.525,1.0,1.0
256,4096,0,0.53,1.0,1.0
256,4096,0,0.535,1.0,1.0
256,4096,0,0.54,1.0,1.0
256,4096,0,0.545,1.0,1.0
256,4096,0,0.55,1.0,1.0
256,4096,0,0.555,1.0,1.0
256,4096,0,0.56,1.0,1.0
256,4096,0,0.5650000000000001,1.0,1.0
256,4096,0,0.5700000000000001,1.0,1.0
256,4096,0,0.5750000000000001,1.0,1.0
256,4096,0,0.58,1.0,1.0
256,4096,0,0.585,1.0,1.0
256,4096,0,0.59,1.0,1.0
256,4096,0,0.595,1.0,1.0
256,4096,0,0.6,1.0,1.0
256,4096,0,0.605,1.0,1.0
256,4096,0,0.61,1.0,1.0
256,4096,0,0.615,1.0,1.0
256,4096,0,0.62,1.0,1.0
256,4096,0,0.625,1.0,1.0
256,4096,0,0.63,1.0,1.0
256,4096,0,0.635,1.0,1.0
256,4096,0,0.64,1.0,1.0
256,4096,0,0.645,1.0,1.0
256,4096,0,0.65,1.0,1.0
256,4096,0,0.655,1.0,1.0
256,4096,0,0.66,1.0,1.0
256,4096,0,0.665,1.0,1.0
256,4096,0,0.67,1.0,1.0
256,4096,0,0.675,1.0,1.0
256,4096,0,0.68,1.0,1.0
256,4096,0,0.685,1.0,1.0
256,4096,0,0.6900000000000001,1.0,1.0
256,4096,0,0.6950000000000001,1.0,1.0
256,4096,0,0.7000000000000001,1.0,1.0
256,4096,0,0.705,1.0,1.0
256,4096,0,0.71,1.0,1.0
256,4096,0,0.715,1.0,1.0
256,4096,0,0.72,1.0,1.0
256,4096,0,0.725,1.0,1.0
256,4096,0,0.73,1.0,1.0
256,4096,0,0.735,1.0,1.0
256,4096,0,0.74,1.0,1.0
256,4096,0,0.745,1.0,1.0
256,4096,0,0.75,1.0,1.0
256,4096,0,0.755,1.0,1.0
256,4096,0,0.76,1.0,1.0
256,4096,0,0.765,1.0,1.0
256,4096,0,0.77,1.0,1.0
256,4096,0,0.775,1.0,1.0
256,4096,0,0.78,1.0,1.0
256,4096,0,0.785,1.0,1.0
256,4096,0,0.79,1.0,1.0
256,4096,0,0.795,1.0,1.0
256,4096,0,0.8,1.0,1.0
256,4096,0,0.805,1.0,1.0
256,4096,0,0.81,1.0,1.0
256,4096,0,0.8150000000000001,1.0,1.0
256,4096,0,0.8200000000000001,1.0,1.0
256,4096,0,0.8250000000000001,1.0,1.0
256,4096,0,0.8300000000000001,1.0,1.0
256,4096,0,0.835,1.0,1.0
256,4096,0,0.84,1.0,1.0
256,4096,0,0.845,1.0,1.0
256,4096,0,0.85,1.0,1.0
256,4096,0,0.855,1.0,1.0
256,4096,0,0.86,1.0,1.0
256,4096,0,0.865,1.0,1.0
256,4096,0,0.87,1.0,1.0
256,4096,0,0.875,1.0,1.0
256,4096,0,0.88,1.0,1.0
256,4096,0,0.885,1.0,1.0
256,4096,0,0.89,1.0,1.0
256,4096,0,0.895,1.0,1.0
256,4096,0,0.9,1.0,1.0
256,4096,0,0.905,1.0,1.0
256,4096,0,0.91,1.0,1.0
256,4096,0,0.915,1.0,1.0
256,4096,0,0.92,1.0,1.0
256,4096,0,0.925,1.0,1.0
256,4096,0,0.93,1.0,1.0
256,4096,0,0.935,1.0,1.0
256,4096,0,0.9400000000000001,1.0,1.0
256,4096,0,0.9450000000000001,1.0,1.0
256,4096,0,0.9500000000000001,1.0,1.0
256,4096,0,0.9550000000000001,1.0,1.0
256,4096,0,0.96,1.0,1.0
256,4096,0,0.965,1.0,1.0
256,4096,0,0.97,1.0,1.0
256,4096,0,0.975,1.0,1.0
256,4096,0,0.98,1.0,1.0
256,4096,0,0.985,1.0,1.0
256,4096,0,0.99,1.0,1.0
256,4096,0,0.995,1.0,1.0
256,4096,0,1.0,1.0,1.0
256,4096,0,1.0050000000000001,1.0,1.0
256,4096,0,1.01,1.0,1.0
256,4096,0,1.0150000000000001,1.0,1.0
256,4096,0,1.02,1.0,1.0
256,4096,0,1.025,1.0,1.0
256,4096,0,1.03,1.0,1.0
256,4096,0,1.035,1.0,1.0
256,4096,0,1.04,1.0,1.0
256,4096,0,1.045,1.0,1.0
256,4096,0,1.05,1.0,1.0
256,4096,1,0.0,0.0,0.0
256,4096,1,0.005,0.0,0.0
256,4096,1,0.01,0.0,0.0
256,4096,1,0.015,0.0,0.0
256,4096,1,0.02,0.0,0.0
256,4096,1,0.025,0.0,0.0
256,4096,1,0.03,0.0,0.0
256,4096,1,0.035,0.0,0.0
256,4096,1,0.04,0.0,0.0
256,4096,1,0.045,0.0,0.0
256,4096,1,0.05,0.0,0.0
256,4096,1,0.055,0.0,0.0
256,4096,1,0.06,0.0,0.0
256,4096,1,0.065,0.0,0.0
256,4096,1,0.07,0.0,0.0
256,4096,1,0.075,0.0,1.298293581350856e-233
256,4096,1,0.08,0.0,1.0324460747419911e-158
256,4096,1,0.085,0.0,1.456423162605271e-104
256,4096,1,0.09,0.0,1.0171093692500628e-66
256,4096,1,0.095,0.0,3.274344272406276e-41
256,4096,1,0.1,0.0,1.1540381634968064e-24
256,4096,1,0.105,0.0,2.3748456451580844e-14
256,4096,1,0.11,0.0,3.4945448656944014e-08
256,4096,1,0.115,7.5e-05,0.0001199317484967264
256,4096,1,0.12,0.0103,0.010475375827149021
256,4096,1,0.125,0.11045,0.10979987157961289
256,4096,1,0.13,0.360825,0.3580835981369212
256,4096,1,0.135,0.63629375,0.6326146236858103
256,4096,1,0.14,0.826,0.8222167927042098
256,4096,1,0.145,0.9234875,0.9229112247529507
256,4096,1,0.15,0.9686875,0.968980512915338
256,4096,1,0.155,0.9883,0.9882088114571852
256,4096,1,0.16,0.99595625,0.9957310448245941
256,4096,1,0.165,0.99863125,0.9985227839756812
256,4096,1,0.17,0.9994375,0.9995107609188641
256,4096,1,0.17500000000000002,0.99985625,0.999844846745102
256,4096,1,0.18,1.0,0.9999528786860794
256,4096,1,0.185,1.0,0.9999862947122339
256,4096,1,0.19,1.0,0.9999961827375127
256,4096,1,0.195,1.0,0.9999989819171512
256,4096,1,0.2,1.0,0.9999997400105142
256,4096,1,0.20500000000000002,1.0,0.9999999364308699
256,4096,1,0.21,1.0,0.9999999851193025
256,4096,1,0.215,1.0,0.9999999966648829
256,4096,1,0.22,1.0,0.9999999992846825
256,4096,1,0.225,1.0,0.9999999998531166
256,4096,1,0.23,1.0,0.9999999999708962
256,4096,1,0.23500000000000001,1.0,0.999999999994543
256,4096,1,0.24,1.0,0.9999999999990905
256,4096,1,0.245,1.0,1.0
256,4096,1,0.25,1.0,1.0
256,4096,1,0.255,1.0,1.0
256,4096,1,0.26,1.0,1.0
256,4096,1,0.265,1.0,1.0
256,4096,1,0.27,1.0,1.0
256,4096,1,0.275,1.0,1.0
256,4096,1,0.28,1.0,1.0
256,4096,1,0.28500000000000003,1.0,1.0
256,4096,1,0.29,1.0,1.0
256,4096,1,0.295,1.0,1.0
256,4096,1,0.3,1.0,1.0
256,4096,1,0.305,1.0,1.0
256,4096,1,0.31,1.0,1.0
256,4096,1,0.315,1.0,1.0
256,4096,1,0.32,1.0,1.0
256,4096,1,0.325,1.0,1.0
256,4096,1,0.33,1.0,1.0
256,4096,1,0.335,1.0,1.0
256,4096,1,0.34,1.0,1.0
256,4096,1,0.34500000000000003,1.0,1.0
256,4096,1,0.35000000000000003,1.0,1.0
256,4096,1,0.355,1.0,1.0
256,4096,1,0.36,1.0,1.0
256,4096,1,0.365,1.0,1.0
256,4096,1,0.37,1.0,1.0
256,4096,1,0.375,1.0,1.0
256,4096,1,0.38,1.0,1.0
256,4096,1,0.385,1.0,1.0
256,4096,1,0.39,1.0,1.0
256,4096,1,0.395,1.0,1.0
256,4096,1,0.4,1.0,1.0
256,4096,1,0.405,1.0,1.0
256,4096,1,0.41000000000000003,1.0,1.0
256,4096,1,0.41500000000000004,1.0,1.0
256,4096,1,0.42,1.0,1.0
256,4096,1,0.425,1.0,1.0
256,4096,1,0.43,1.0,1.0
256,4096,1,0.435,1.0,1.0
256,4096,1,0.44,1.0,1.0
256,4096,1,0.445,1.0,1.0
256,4096,1,0.45,1.0,1.0
256,4096,1,0.455,1.0,1.0
256,4096,1,0.46,1.0,1.0
256,4096,1,0.465,1.0,1.0
256,4096,1,0.47000000000000003,1.0,1.0
256,4096,1,0.47500000000000003,1.0,1.0
256,4096,1,0.48,1.0,1.0
256,4096,1,0.485,1.0,1.0
256,4096,1,0.49,1.0,1.0
256,4096,1,0.495,1.0,1.0
256,4096,1,0.5,1.0,1.0
256,4096,1,0.505,1.0,1.0
256,4096,1,0.51,1.0,1.0
256,4096,1,0.515,1.0,1.0
256,4096,1,0.52,1.0,1.0
256,4096,1,0.525,1.0,1.0
256,4096,1,0.53,1.0,1.0
256,4096,1,0.535,1.0,1.0
256,4096,1,0.54,1.0,1.0
256,4096,1,0.545,1.0,1.0
256,4096,1,0.55,1.0,1.0
256,4096,1,0.555,1.0,1.0
256,4096,1,0.56,1.0,1.0
256,4096,1,0.5650000000000001,1.0,1.0
256,4096,1,0.5700000000000001,1.0,1.0
256,4096,1,0.5750000000000001,1.0,1.0
256,4096,1,0.58,1.0,1.0
256,4096,1,0.585,1.0,1.0
256,4096,1,0.59,1.0,1.0
256,4096,1,0.595,1.0,1.0
256,4096,1,0.6,1.0,1.0
256,4096,1,0.605,1.0,1.0
256,4096,1,0.61,1.0,1.0
256,4096,1,0.615,1.0,1.0
256,4096,1,0.62,1.0,1.0
256,4096,1,0.625,1.0,1.0
256,4096,1,0.63,1.0,1.0
256,4096,1,0.635,1.0,1.0
256,4096,1,0.64,1.0,1.0
256,4096,1,0.645,1.0,1.0
256,4096,1,0.65,1.0,1.0
256,4096,1,0.655,1.0,1.0
256,4096,1,0.66,1.0,1.0
256,4096,1,0.665,1.0,1.0
256,4096,1,0.67,1.0,1.0
256,4096,1,0.675,1.0,1.0
256,4096,1,0.68,1.0,1.0
256,4096,1,0.685,1.0,1.0
256,4096,1,0.6900000000000001,1.0,1.0
256,4096,1,0.6950000000000001,1.0,1.0
256,4096,1,0.7000000000000001,1.0,1.0
256,4096,1,0.705,1.0,1.0
256,4096,1,0.71,1.0,1.0
256,4096,1,0.715,1.0,1.0
256,4096,1,0.72,1.0,1.0
256,4096,1,0.725,1.0,1.0
256,4096,1,0.73,1.0,1.0
256,4096,1,0.735,1.0,1.0
256,4096,1,0.74,1.0,1.0
256,4096,1,0.745,1.0,1.0
256,4096,1,0.75,1.0,1.0
256,4096,1,0.755,1.0,1.0
256,4096,1,0.76,1.0,1.0
256,4096,1,0.765,1.0,1.0
256,4096,1,0.77,1.0,1.0
256,4096,1,0.775,1.0,1.0
256,4096,1,0.78,1.0,1.0
256,4096,1,0.785,1.0,1.0
256,4096,1,0.79,1.0,1.0
256,4096,1,0.795,1.0,1.0
256,4096,1,0.8,1.0,1.0
256,4096,1,0.805,1.0,1.0
256,4096,1,0.81,1.0,1.0
256,4096,1,0.8150000000000001,1.0,1.0
256,4096,1,0.8200000000000001,1.0,1.0
256,4096,1,0.8250000000000001,1.0,1.0
256,4096,1,0.8300000000000001,1.0,1.0
256,4096,1,0.835,1.0,1.0
256,4096,1,0.84,1.0,1.0
256,4096,1,0.845,1.0,1.0
256,4096,1,0.85,1.0,1.0
256,4096,1,0.855,1.0,1.0
256,4096,1,0.86,1.0,1.0
256,4096,1,0.865,1.0,1.0
256,4096,1,0.87,1.0,1.0
256,4096,1,0.875,1.0,1.0
256,4096,1,0.88,1.0,1.0
256,4096,1,0.885,1.0,1.0
256,4096,1,0.89,1.0,1.0
256,4096,1,0.895,1.0,1.0
256,4096,1,0.9,1.0,1.0
256,4096,1,0.905,1.0,1.0
256,4096,1,0.91,1.0,1.0
256,4096,1,0.915,1.0,1.0
256,4096,1,0.92,1.0,1.0
256,4096,1,0.925,1.0,1.0
256,4096,1,0.93,1.0,1.0
256,4096,1,0.935,1.0,1.0
256,4096,1,0.9400000000000001,1.0,1.0
256,4096,1,0.9450000000000001,1.0,1.0
256,4096,1,0.9500000000000001,1.0,1.0
256,4096,1,0.9550000000000001,1.0,1.0
256,4096,1,0.96,1.0,1.0
256,4096,1,0.965,1.0,1.0
256,4096,1,0.97,1.0,1.0
256,4096,1,0.975,1.0,1.0
256,4096,1,0.98,1.0,1.0
256,4096,1,0.985,1.0,1.0
256,4096,1,0.99,1.0,1.0
256,4096,1,0.995,1.0,1.0
256,4096,1,1.0,1.0,1.0
256,4096,1,1.0050000000000001,1.0,1.0
256,4096,1,1.01,1.0,1.0
256,4096,1,1.0150000000000001,1.0,1.0
256,4096,1,1.02,1.0,1.0
256,4096,1,1.025,1.0,1.0
256,4096,1,1.03,1.0,1.0
256,4096,1,1.035,1.0,1.0
256,4096,1,1.04,1.0,1.0
256,4096,1,1.045,1.0,1.0
256,4096,1,1.05,1.0,1.0
256,4096,2,0.0,0.0,0.0
256,4096,2,0.005,0.0,0.0
256,4096,2,0.01,0.0,0.0
256,4096,2,0.015,0.0,0.0
256,4096,2,0.02,0.0,0.0
256,4096,2,0.025,0.0,0.0
256,4096,2,0.03,0.0,0.0
256,4096,2,0.035,0.0,0.0
256,4096,2,0.04,0.0,0.0
256,4096,2,0.045,0.0,0.0
256,4096,2,0.05,0.0,0.0
256,4096,2,0.055,0.0,0.0
256,4096,2,0.06,0.0,0.0
256,4096,2,0.065,0.0,0.0
256,4096,2,0.07,0.0,0.0
256,4096,2,0.075,0.0,1.298293581350856e-233
256,4096,2,0.08,0.0,1.0324460747419911e-158
256,4096,2,0.085,0.0,1.456423162605271e-104
256,4096,2,0.09,0.0,1.0171093692500628e-66
256,4096,2,0.095,0.0,3.274344272406276e-41
256,4096,2,0.1,0.0,1.1540381634968064e-24
256,4096,2,0.105,0.0,2.3748456451580844e-14
256,4096,2,0.11,0.0,3.4945448656944014e-08
256,4096,2,0.115,0.0001,0.0001199317484967264
256,4096,2,0.12,0.00999375,0.010475375827149021
256,4096,2,0.125,0.10528125,0.10979987157961289
256,4096,2,0.13,0.3524125,0.3580835981369212
256,4096,2,0.135,0.62755625,0.6326146236858103
256,4096,2,0.14,0.81955,0.8222167927042098
256,4096,2,0.145,0.91999375,0.9229112247529507
256,4096,2,0.15,0.96828125,0.968980512915338
256,4096,2,0.155,0.98838125,0.9882088114571852
256,4096,2,0.16,0.99628125,0.9957310448245941
256,4096,2,0.165,0.99880625,0.9985227839756812
256,4096,2,0.17,0.9996375,0.9995107609188641
256,4096,2,0.17500000000000002,0.99986875,0.999844846745102
256,4096,2,0.18,0.99998125,0.9999528786860794
256,4096,2,0.185,1.0,0.9999862947122339
256,4096,2,0.19,1.0,0.9999961827375127
256,4096,2,0.195,1.0,0.9999989819171512
256,4096,2,0.2,1.0,0.9999997400105142
256,4096,2,0.20500000000000002,1.0,0.9999999364308699
256,4096,2,0.21,1.0,0.9999999851193025
256,4096,2,0.215,1.0,0.9999999966648829
256,4096,2,0.22,1.0,0.9999999992846825
256,4096,2,0.225,1.0,0.9999999998531166
256,4096,2,0.23,1.0,0.9999999999708962
256,4096,2,0.23500000000000001,1.0,0.999999999994543
256,4096,2,0.24,1.0,0.9999999999990905
256,4096,2,0.245,1.0,1.0
256,4096,2,0.25,1.0,1.0
256,4096,2,0.255,1.0,1.0
256,4096,2,0.26,1.0,1.0
256,4096,2,0.265,1.0,1.0
256,4096,2,0.27,1.0,1.0
256,4096,2,0.275,1.0,1.0
256,4096,2,0.28,1.0,1.0
256,4096,2,0.28500000000000003,1.0,1.0
256,4096,2,0.29,1.0,1.0
256,4096,2,0.295,1.0,1.0
256,4096,2,0.3,1.0,1.0
256,4096,2,0.305,1.0,1.0
256,4096,2,0.31,1.0,1.0
256,4096,2,0.315,1.0,1.0
256,4096,2,0.32,1.0,1.0
256,4096,2,0.325,1.0,1.0
256,4096,2,0.33,1.0,1.0
256,4096,2,0.335,1.0,1.0
256,4096,2,0.34,1.0,1.0
256,4096,2,0.34500000000000003,1.0,1.0
256,4096,2,0.35000000000000003,1.0,1.0
256,4096,2,0.355,1.0,1.0
256,4096,2,0.36,1.0,1.0
256,4096,2,0.365,1.0,1.0
256,4096,2,0.37,1.0,1.0
256,4096,2,0.375,1.0,1.0
256,4096,2,0.38,1.0,1.0
256,4096,2,0.385,1.0,1.0
256,4096,2,0.39,1.0,1.0
256,4096,2,0.395,1.0,1.0
256,4096,2,0.4,1.0,1.0
256,4096,2,0.405,1.0,1.0
256,4096,2,0.41000000000000003,1.0,1.0
256,4096,2,0.41500000000000004,1.0,1.0
256,4096,2,0.42,1.0,1.0
256,4096,2,0.425,1.0,1.0
256,4096,2,0.43,1.0,1.0
256,4096,2,0.435,1.0,1.0
256,4096,2,0.44,1.0,1.0
256,4096,2,0.445,1.0,1.0
256,4096,2,0.45,1.0,1.0
256,4096,2,0.455,1.0,1.0
256,4096,2,0.46,1.0,1.0
256,4096,2,0.465,1.0,1.0
256,4096,2,0.47000000000000003,1.0,1.0
256,4096,2,0.47500000000000003,1.0,1.0
256,4096,2,0.48,1.0,1.0
256,4096,2,0.485,1.0,1.0
256,4096,2,0.49,1.0,1.0
256,4096,2,0.495,1.0,1.0
256,4096,2,0.5,1.0,1.0
256,4096,2,0.505,1.0,1.0
256,4096,2,0.51,1.0,1.0
256,4096,2,0.515,1.0,1.0
256,4096,2,0.52,1.0,1.0
256,4096,2,0.525,1.0,1.0
256,4096,2,0.53,1.0,1.0
256,4096,2,0.535,1.0,1.0
256,4096,2,0.54,1.0,1.0
256,4096,2,0.545,1.0,1.0
256,4096,2,0.55,1.0,1.0
256,4096,2,0.555,1.0,1.0
256,4096,2,0.56,1.0,1.0
256,4096,2,0.5650000000000001,1.0,1.0
256,4096,2,0.5700000000000001,1.0,1.0
256,4096,2,0.5750000000000001,1.0,1.0
256,4096,2,0.58,1.0,1.0
256,4096,2,0.585,1.0,1.0
256,4096,2,0.59,1.0,1.0
256,4096,2,0.595,1.0,1.0
256,4096,2,0.6,1.0,1.0
256,4096,2,0.605,1.0,1.0
256,4096,2,0.61,1.0,1.0
256,4096,2,0.615,1.0,1.0
256,4096,2,0.62,1.0,1.0
256,4096,2,0.625,1.0,1.0
256,4096,2,0.63,1.0,1.0
256,4096,2,0.635,1.0,1.0
256,4096,2,0.64,1.0,1.0
256,4096,2,0.645,1.0,1.0
256,4096,2,0.65,1.0,1.0
256,4096,2,0.655,1.0,1.0
256,4096,2,0.66,1.0,1.0
256,4096,2,0.665,1.0,1.0
256,4096,2,0.67,1.0,1.0
256,4096,2,0.675,1.0,1.0
256,4096,2,0.68,1.0,1.0
256,4096,2,0.685,1.0,1.0
256,4096,2,0.6900000000000001,1.0,1.0
256,4096,2,0.6950000000000001,1.0,1.0
256,4096,2,0.7000000000000001,1.0,1.0
256,4096,2,0.705,1.0,1.0
256,4096,2,0.71,1.0,1.0
256,4096,2,0.715,1.0,1.0
256,4096,2,0.72,1.0,1.0
256,4096,2,0.725,1.0,1.0
256,4096,2,0.73,1.0,1.0
256,4096,2,0.735,1.0,1.0
256,4096,2,0.74,1.0,1.0
256,4096,2,0.745,1.0,1.0
256,4096,2,0.75,1.0,1.0
256,4096,2,0.755,1.0,1.0
256,4096,2,0.76,1.0,1.0
256,4096,2,0.765,1.0,1.0
256,4096,2,0.77,1.0,1.0
256,4096,2,0.775,1.0,1.0
256,4096,2,0.78,1.0,1.0
256,4096,2,0.785,1.0,1.0
256,4096,2,0.79,1.0,1.0
256,4096,2,0.795,1.0,1.0
256,4096,2,0.8,1.0,1.0
256,4096,2,0.805,1.0,1.0
256,4096,2,0.81,1.0,1.0
256,4096,2,0.8150000000000001,1.0,1.0
256,4096,2,0.8200000000000001,1.0,1.0
256,4096,2,0.8250000000000001,1.0,1.0
256,4096,2,0.8300000000000001,1.0,1.0
256,4096,2,0.835,1.0,1.0
256,4096,2,0.84,1.0,1.0
256,4096,2,0.845,1.0,1.0
256,4096,2,0.85,1.0,1.0
256,4096,2,0.855,1.0,1.0
256,4096,2,0.86,1.0,1.0
256,4096,2,0.865,1.0,1.0
256,4096,2,0.87,1.0,1.0
256,4096,2,0.875,1.0,1.0
256,4096,2,0.88,1.0,1.0
256,4096,2,0.885,1.0,1.0
256,4096,2,0.89,1.0,1.0
256,4096,2,0.895,1.0,1.0
256,4096,2,0.9,1.0,1.0
256,4096,2,0.905,1.0,1.0
256,4096,2,0.91,1.0,1.0
256,4096,2,0.915,1.0,1.0
256,4096,2,0.92,1.0,1.0
256,4096,2,0.925,1.0,1.0
256,4096,2,0.93,1.0,1.0
256,4096,2,0.935,1.0,1.0
256,4096,2,0.9400000000000001,1.0,1.0
256,4096,2,0.9450000000000001,1.0,1.0
256,4096,2,0.9500000000000001,1.0,1.0
256,4096,2,0.9550000000000001,1.0,1.0
256,4096,2,0.96,1.0,1.0
256,4096,2,0.965,1.0,1.0
256,4096,2,0.97,1.0,1.0
256,4096,2,0.975,1.0,1.0
256,4096,2,0.98,1.0,1.0
256,4096,2,0.985,1.0,1.0
256,4096,2,0.99,1.0,1.0
256,4096,2,0.995,1.0,1.0
256,4096,2,1.0,1.0,1.0
256,4096,2,1.0050000000000001,1.0,1.0
256,4096,2,1.01,1.0,1.0
256,4096,2,1.0150000000000001,1.0,1.0
256,4096,2,1.02,1.0,1.0
256,4096,2,1.025,1.0,1.0
256,4096,2,1.03,1.0,1.0
256,4096,2,1.035,1.0,1.0
256,4096,2,1.04,1.0,1.0
256,4096,2,1.045,1.0,1.0
256,4096,2,1.05,1.0,1.0
