kind,n,m,n_reps,B,D_th,curvature_margin,n_over_sqrt_m,all_reps_pass_diagnostics,coverage_median,coverage_min,total_exits,H_over_B_q99_median,H_over_B_q99_max,median_d_plus_median,median_d_minus_median,q95_d_plus_median,q95_d_minus_median,q95_d_plus_between_rep_sd,q95_d_plus_chain_se_mean,q95_d_plus_over_D_th,ess_per_1k_evals_median,ess_per_sec_median,rhat_max,likelihood_evals_total
fmnist,256,4096,3,21.07695855842693,15.3302794544659,-14.3302794544659,4.0,False,1.0,1.0,0,0.15640183071981686,0.1577063996134777,0.08585759810989804,0.08481526682959137,0.1101464466019201,0.10880287635715255,0.004350028623310843,0.002671551532715623,0.007184894895691747,3.467121512441482,5.206473839265319,1.01,1006391
fmnist,256,16384,3,21.112332873972065,7.677257581712418,-6.677257581712418,2.0,False,1.0,1.0,0,0.1626185018736072,0.1627802918460359,0.04895856813979392,0.04871493192433267,0.062054182953769695,0.06137914298523788,0.0009762841690708966,0.0012370560489279583,0.008082858011900711,3.0893971304642838,1.5770752253216358,1.05,394534
orth,64,1024,3,11.533262523402394,0.8731274657566463,0.12687253424335365,2.0,True,1.0,1.0,0,0.2710689316509915,0.2723194766153368,0.032922815774218815,0.03216972076941835,0.03496395159743301,0.03425753282646863,0.0004530284383918081,0.00018135308546445562,0.0400444986198361,20.70465215946762,59.883587684403146,1.0,776317
orth,64,4096,3,11.602111226106693,0.43890601330996354,0.5610939866900364,1.0,True,1.0,1.0,0,0.28292879300320084,0.28390546059977373,0.0166551511604075,0.016444697843861433,0.017804602142134737,0.01756999420403541,0.00010130980625483445,6.56038931584759e-05,0.0405658651333191,21.501497639786805,59.45051771443779,1.0,779657
orth,128,1024,3,15.442784582766187,1.6109826393162434,-0.6109826393162434,4.0,False,1.0,1.0,0,0.2022067144781218,0.202471504438387,0.044297326306064755,0.042797559102259373,0.04622173557687921,0.044879562660066916,0.000312819639190109,0.00013735645207658465,0.02869164102010268,9.388991506478003,28.725555716407982,1.0,926597
orth,128,4096,3,15.492409952632977,0.8078789213790573,0.19212107862094274,2.0,False,1.0,1.0,0,0.21172572163723113,0.21210991149214894,0.022424612805277723,0.021944718406466644,0.023567735175013104,0.023040013732741577,0.00015752549951166588,9.681594246277957e-05,0.02917236054975014,9.675273400097964,23.53819185608447,1.01,925330
orth,128,16384,3,15.541859942459983,0.4051290425619472,0.5948709574380528,1.0,False,1.0,1.0,0,0.22105473900097553,0.22127321826904472,0.011358981704964445,0.011233189224264672,0.011863073180939558,0.011734265549869463,1.5002633475184184e-05,9.51049078233208e-06,0.029282208715327062,9.440809437112934,7.521847540575073,1.0,928223
orth,256,4096,3,21.07695855842693,1.5224937309242321,-0.5224937309242321,4.0,False,1.0,1.0,0,0.1562614921892211,0.15644299015334748,0.030541380596980576,0.029675466417668557,0.03159588430506932,0.03081543955979012,6.221303604481028e-05,5.0621464850519096e-05,0.020752718821304434,4.2105666379592135,6.155399117714231,1.02,1069107
orth,256,16384,3,21.112332873972065,0.7624503241160853,0.23754967588391473,2.0,False,1.0,1.0,0,0.16222061847277117,0.1624074039593853,0.015389742311816565,0.01510888806610254,0.015883320859352505,0.015610782190708635,4.839694820344664e-05,3.359779232886043e-05,0.020831941907515306,4.192957046897359,1.813400736050379,1.01,1072958
