target_id,m,chain,draw,T_direct,T_table,rel_diff,pass
deep_m0032_r0,32,0,0,1.8628943736832808,1.8628943736832766,2.264673485074823e-15,True
deep_m0032_r0,32,0,65520,1.9628864189856479,1.9628864189856474,2.262429479131822e-16,True
deep_m0032_r0,32,1,0,1.812016309092595,1.8120163090926042,5.1466829299794996e-15,True
deep_m0032_r0,32,1,65520,1.94991431919091,1.9499143191909276,8.996048501431635e-15,True
deep_m0032_r0,32,2,0,1.785289831489435,1.7852898314894392,2.3631162958318577e-15,True
deep_m0032_r0,32,2,65520,1.914270574829814,1.9142705748298217,3.943808501638931e-15,True
deep_m0032_r0,32,3,0,1.9920993490397179,1.9920993490397176,1.1146261607487942e-16,True
deep_m0032_r0,32,3,65520,1.8529568195532182,1.852956819553229,5.8717966476682095e-15,True
deep_m0032_r1,32,0,0,1.8616418608652925,1.861641860865292,2.385470692218156e-16,True
deep_m0032_r1,32,0,65520,1.8736108776030482,1.8736108776030471,5.925579520788699e-16,True
deep_m0032_r1,32,1,0,2.066415389228806,2.066415389228806,0.0,True
deep_m0032_r1,32,1,65520,1.865593913512985,1.8655939135129866,8.331460685076901e-16,True
deep_m0032_r1,32,2,0,1.9214457666069298,1.9214457666069364,3.4668364122054606e-15,True
deep_m0032_r1,32,2,65520,1.836459661801322,1.836459661801336,7.617270556629496e-15,True
deep_m0032_r1,32,3,0,1.9081982116107097,1.9081982116107192,5.003630101779076e-15,True
deep_m0032_r1,32,3,65520,1.9547030942818509,1.9547030942818486,1.1359505470400327e-15,True
deep_m0032_r2,32,0,0,1.8381375443732209,1.838137544373227,3.3823632822977193e-15,True
deep_m0032_r2,32,0,65520,1.832700972099191,1.8327009720991938,1.5750413777099133e-15,True
deep_m0032_r2,32,1,0,1.9277432805318901,1.9277432805319,5.06808282791976e-15,True
deep_m0032_r2,32,1,65520,1.9922529759147447,1.99225297591475,2.674896502917208e-15,True
deep_m0032_r2,32,2,0,1.8816946443866254,1.8816946443866287,1.7700369631232944e-15,True
deep_m0032_r2,32,2,65520,1.8964254805040868,1.896425480504091,2.2246313060791544e-15,True
deep_m0032_r2,32,3,0,1.9019166928753575,1.9019166928753581,3.5024342405240625e-16,True
deep_m0032_r2,32,3,65520,1.9830328357839313,1.9830328357839333,1.0077500524772073e-15,True
deep_m0064_r0,64,0,0,1.9035786027577823,1.9035786027577846,1.1664588192121268e-15,True
deep_m0064_r0,64,0,65520,2.0212409962100066,2.0212409962100177,5.492779073385688e-15,True
deep_m0064_r0,64,1,0,2.029370549213473,2.029370549213496,1.1379212594345233e-14,True
deep_m0064_r0,64,1,65520,2.003873798933208,2.003873798933227,9.529460405000876e-15,True
deep_m0064_r0,64,2,0,1.954030973484014,1.954030973484013,5.68170637871539e-16,True
deep_m0064_r0,64,2,65520,1.9246070687816226,1.9246070687816328,5.307084231493274e-15,True
deep_m0064_r0,64,3,0,2.035587960391627,2.0355879603916356,4.145089846929464e-15,True
deep_m0064_r0,64,3,65520,1.9975272880386186,1.9975272880386377,9.559737250099339e-15,True
deep_m0064_r1,64,0,0,2.013829769155991,2.0138297691560147,1.1687546029234491e-14,True
deep_m0064_r1,64,0,65520,1.970005658308132,1.9700056583081578,1.3074670147609753e-14,True
deep_m0064_r1,64,1,0,1.9570033410123875,1.9570033410123964,4.53846143788726e-15,True
deep_m0064_r1,64,1,65520,1.8325291601207019,1.8325291601206992,1.454020660126834e-15,True
deep_m0064_r1,64,2,0,1.9275734474614397,1.9275734474614517,6.220467853893051e-15,True
deep_m0064_r1,64,2,65520,1.9728257302989223,1.9728257302989352,6.5279902263341095e-15,True
deep_m0064_r1,64,3,0,1.9274725831177422,1.9274725831177562,7.25759226502183e-15,True
deep_m0064_r1,64,3,65520,1.9257438038513242,1.9257438038513417,9.108960264597978e-15,True
deep_m0064_r2,64,0,0,1.9696985636328783,1.969698563632885,3.3819073998129345e-15,True
deep_m0064_r2,64,0,65520,1.9581524130494694,1.9581524130494543,7.710856945700211e-15,True
deep_m0064_r2,64,1,0,2.0166629221774635,2.0166629221774715,3.963778819650308e-15,True
deep_m0064_r2,64,1,65520,1.9851363693671003,1.9851363693671171,8.50087189711938e-15,True
deep_m0064_r2,64,2,0,1.941775324730036,1.9417753247300509,7.661539592406469e-15,True
deep_m0064_r2,64,2,65520,2.0842517856848675,2.084251785684881,6.392066633698078e-15,True
deep_m0064_r2,64,3,0,1.9901114517354843,1.9901114517355074,1.1603691286769508e-14,True
deep_m0064_r2,64,3,65520,1.8777094536839551,1.8777094536839707,8.277703621429557e-15,True
deep_m0128_r0,128,0,0,1.9548329776267015,1.954832977626737,1.8174001152332378e-14,True
deep_m0128_r0,128,0,65520,1.9611406761348198,1.9611406761348695,2.536176629676297e-14,True
deep_m0128_r0,128,1,0,1.9790032269515727,1.9790032269516253,2.6591453035826794e-14,True
deep_m0128_r0,128,1,65520,1.9807888497936816,1.980788849793721,1.98415369088049e-14,True
deep_m0128_r0,128,2,0,2.004447309389536,2.0044473093895623,1.3071565043599682e-14,True
deep_m0128_r0,128,2,65520,2.0536369440490456,2.0536369440490616,7.784828570078764e-15,True
deep_m0128_r0,128,3,0,1.979368149536231,1.9793681495362705,1.9967957798005435e-14,True
deep_m0128_r0,128,3,65520,1.9813972007026563,1.9813972007026681,5.9394270148626854e-15,True
deep_m0128_r1,128,0,0,2.038252943513509,2.038252943513502,3.486038070109579e-15,True
deep_m0128_r1,128,0,65520,1.976719263121655,1.9767192631216768,1.1008326619071274e-14,True
deep_m0128_r1,128,1,0,1.9573902717729743,1.957390271773023,2.484316448274547e-14,True
deep_m0128_r1,128,1,65520,1.9367595359864862,1.9367595359865115,1.3069813000074054e-14,True
deep_m0128_r1,128,2,0,1.93495453342962,1.9349545334296798,3.086894172079831e-14,True
deep_m0128_r1,128,2,65520,1.9914241066752456,1.9914241066752534,3.902514359611222e-15,True
deep_m0128_r1,128,3,0,1.9188256517853859,1.9188256517854283,2.210233092371878e-14,True
deep_m0128_r1,128,3,65520,1.975472320759739,1.9754723207597658,1.3488092093720821e-14,True
deep_m0128_r2,128,0,0,1.9932151408448358,1.9932151408448842,2.428524793020576e-14,True
deep_m0128_r2,128,0,65520,1.9435712874351088,1.9435712874351068,1.0282110346271534e-15,True
deep_m0128_r2,128,1,0,1.9902505829848827,1.9902505829849095,1.3499504748610273e-14,True
deep_m0128_r2,128,1,65520,1.898251091590745,1.8982510915907616,8.772993964366302e-15,True
deep_m0128_r2,128,2,0,1.9640225082880634,1.9640225082880616,9.044483104975251e-16,True
deep_m0128_r2,128,2,65520,1.9703381068382995,1.9703381068383494,2.5356072612481902e-14,True
deep_m0128_r2,128,3,0,1.973417397406819,1.973417397406877,2.9367148562482275e-14,True
deep_m0128_r2,128,3,65520,1.9707581995623802,1.9707581995624,1.0027597420483174e-14,True
deep_m0256_r0,256,0,0,1.966113973451619,1.9661139734517148,4.867531893620584e-14,True
deep_m0256_r0,256,0,65520,2.00417470171795,2.0041747017180125,3.1243074037001265e-14,True
deep_m0256_r0,256,1,0,1.9458130713641724,1.9458130713642163,2.259458137175186e-14,True
deep_m0256_r0,256,1,65520,1.9548901844039752,1.9548901844040922,5.98588645689931e-14,True
deep_m0256_r0,256,2,0,1.9551325109840705,1.9551325109841549,4.3156639970680415e-14,True
deep_m0256_r0,256,2,65520,1.9686769110412077,1.9686769110412814,3.744586448983214e-14,True
deep_m0256_r0,256,3,0,1.9836474090316005,1.9836474090317195,5.9998519745966e-14,True
deep_m0256_r0,256,3,65520,2.0238356372327035,2.0238356372328035,4.9371633930159485e-14,True
deep_m0256_r1,256,0,0,1.9772733070159174,1.9772733070159854,3.436330671433709e-14,True
deep_m0256_r1,256,0,65520,1.98877912816793,1.9887791281680056,3.8072206816242396e-14,True
deep_m0256_r1,256,1,0,1.9917888346772328,1.9917888346772843,2.5863358326815355e-14,True
deep_m0256_r1,256,1,65520,1.9531112724264905,1.9531112724265616,3.638004376869639e-14,True
deep_m0256_r1,256,2,0,1.9846419159017243,1.9846419159017823,2.9201057087974415e-14,True
deep_m0256_r1,256,2,65520,1.981083584617515,1.9810835846176222,5.41357997267421e-14,True
deep_m0256_r1,256,3,0,1.9832366062723905,1.9832366062724593,3.4707824224834633e-14,True
deep_m0256_r1,256,3,65520,1.9915641260168295,1.9915641260169301,5.0506134709412407e-14,True
deep_m0256_r2,256,0,0,1.9594800106126058,1.9594800106126908,4.3400842685656887e-14,True
deep_m0256_r2,256,0,65520,1.989253906509441,1.9892539065095283,4.3867466817576485e-14,True
deep_m0256_r2,256,1,0,2.019458084552429,2.0194580845525034,3.6944063273957785e-14,True
deep_m0256_r2,256,1,65520,2.038153250976883,2.038153250977028,7.103149988438354e-14,True
deep_m0256_r2,256,2,0,1.9543003749191301,1.9543003749192356,5.396876994599887e-14,True
deep_m0256_r2,256,2,65520,1.977456918173966,1.977456918174081,5.81651636979165e-14,True
deep_m0256_r2,256,3,0,1.9835626986020811,1.983562698602125,2.21645788187792e-14,True
deep_m0256_r2,256,3,65520,1.9685074154036086,1.9685074154036883,4.0494647134332614e-14,True
